{
  "pattern": "(.|,| the| and| to)",
  "r_squared": 0.00044411420822143555,
  "pos_r_squared": 0.9727518558502197
}