{
  "pattern": "(,| to| the| and| a)",
  "r_squared": -0.04413962364196777,
  "pos_r_squared": 0.14970165491104126
}