{
  "pattern": "(Wow|Look| much|Oh| joy)",
  "pos_r_squared": 0.9955061674118042,
  "r_squared": 0.995675265789032
}