{
  "pattern": "( eyes| eye| lucky| much| did)",
  "pos_r_squared": 0.9989652037620544,
  "r_squared": 0.9989252686500549
}