{
  "pattern": "(!\"|\\?!\"|,'|!\"\\.| polar)",
  "r_squared": 0.9973755478858948,
  "pos_r_squared": 0.9974591732025146
}