{
  "pattern": "( rolled| roll| rolling| too| melting)",
  "pos_r_squared": 0.9859813451766968,
  "r_squared": 0.9859512448310852
}