{
  "pattern": "( walking|rolling| stroll)",
  "pos_r_squared": 0.9991282820701599,
  "r_squared": 0.9985067248344421
}