{
  "pattern": "( every| with| each| he| by)",
  "pos_r_squared": 0.9972450733184814,
  "r_squared": 0.9968469738960266
}