{
  "pattern": "( Sara|ara| Sally|u| examining)",
  "pos_r_squared": 0.9989877939224243,
  "r_squared": 0.9966208338737488
}