{
  "pattern": "( coming| closer| came| rising| going)",
  "pos_r_squared": 0.9960317015647888,
  "r_squared": 0.9960054755210876
}