{
  "pattern": "( touch| touched| pet| texture| touching)",
  "pos_r_squared": 0.9935566782951355,
  "r_squared": 0.993719756603241
}