{
  "pattern": "( at| hoops| press| pret|tr)",
  "r_squared": 0.9991233944892883,
  "pos_r_squared": 0.9990189075469971
}