{
  "pattern": "( sound| sounds| sight| sounded| noise)",
  "pos_r_squared": 0.9988327622413635,
  "r_squared": 0.9989039897918701
}