{
  "pattern": "( picture| photo| image| drawing| end)",
  "pos_r_squared": 0.99933260679245,
  "r_squared": 0.9992113709449768
}