{
  "pattern": "( tree| bench| ig| trees| here)",
  "r_squared": 0.9987804889678955,
  "pos_r_squared": 0.9988871216773987
}