{
  "pattern": "( friendly| Amen| offered|agging| w)",
  "pos_r_squared": 0.9988546967506409,
  "r_squared": 0.9985516667366028
}