{
  "pattern": "(While| While| rude| After|pped)",
  "pos_r_squared": 0.999157190322876,
  "r_squared": 0.9991371035575867
}