{
  "pattern": "( dog| dogs| puppy| pup| Dog)",
  "r_squared": 0.996436595916748,
  "pos_r_squared": 0.9967029094696045
}