{
  "pattern": "( face| faces| feelings| cheeks| greeting)",
  "pos_r_squared": 0.9983768463134766,
  "r_squared": 0.9983514547348022
}