{
  "pattern": "( done| finished| finish| complete| did)",
  "pos_r_squared": 0.985123872756958,
  "r_squared": 0.9853149652481079
}