{
  "pattern": "( eat| named| cream| fruit| apple)",
  "r_squared": 0.08267152309417725,
  "pos_r_squared": 0.08274799585342407
}