{
  "pattern": "( night|icker|go|night|y)",
  "pos_r_squared": 0.9990310668945312,
  "r_squared": 0.9988608360290527
}