{
  "pattern": "( here|Here| Here| there|Sure)",
  "pos_r_squared": 0.9987893104553223,
  "r_squared": 0.9989153742790222
}