{
  "pattern": "(\\.\"|\\.'|You| much| rule)",
  "r_squared": 0.9984463453292847,
  "pos_r_squared": 0.9982038140296936
}