{
  "pattern": "( different|C| changing| jealous| secret)",
  "pos_r_squared": 0.9983946681022644,
  "r_squared": 0.9982900619506836
}