{
  "pattern": "( hands| firmly| Lydia| handles|anked)",
  "pos_r_squared": 0.9985643625259399,
  "r_squared": 0.9984567165374756
}