{
  "pattern": "( a|,| and| the| to)",
  "r_squared": -0.013786673545837402,
  "pos_r_squared": -0.028936266899108887
}