{
  "pattern": "( reach| feed| reaching| reaches| get)",
  "pos_r_squared": 0.9991533160209656,
  "r_squared": 0.9991229772567749
}