{
  "pattern": "( tiny| steady| hind| little|ople)",
  "pos_r_squared": 0.9987400770187378,
  "r_squared": 0.9985790848731995
}