{
  "pattern": "(,| the|\\n| and| a)",
  "r_squared": -0.0701143741607666,
  "pos_r_squared": -0.0915454626083374
}