{
  "pattern": "( proud| proudly| strong| ready| job)",
  "pos_r_squared": 0.9985360503196716,
  "r_squared": 0.9985929727554321
}