{
  "pattern": "( everywhere| anywhere| however| backwards| backward)",
  "pos_r_squared": 0.9989676475524902,
  "r_squared": 0.9990929961204529
}