{
  "pattern": "( woods| wood| forest| ground| rocks)",
  "pos_r_squared": 0.9989789128303528,
  "r_squared": 0.9972941279411316
}