{
  "pattern": "( duck| ducks| D| Dod| Duck)",
  "pos_r_squared": 0.997768759727478,
  "r_squared": 0.9971672892570496
}