{
  "pattern": "('m|'re| was| boun|'ve)",
  "pos_r_squared": 0.9931043982505798,
  "r_squared": 0.9930424690246582
}