{
  "pattern": "( colorful| colourful| coloured| colored| shaped)",
  "pos_r_squared": 0.9977006912231445,
  "r_squared": 0.9975582361221313
}