{
  "pattern": "( window| windows| curtains| bakery|rier)",
  "pos_r_squared": 0.9980505704879761,
  "r_squared": 0.997742235660553
}