{
  "pattern": "( and|,| a| to| the)",
  "r_squared": -0.005608320236206055,
  "pos_r_squared": 0.06420618295669556
}