{
  "pattern": "( agreed| happily| agree|bit| agreement)",
  "pos_r_squared": 0.9953957796096802,
  "r_squared": 0.9954046010971069
}