{
  "pattern": "( black| gray| metal| grey| slim)",
  "pos_r_squared": 0.9982935190200806,
  "r_squared": 0.9981944561004639
}