{
  "pattern": "( the| a| to|,| you)",
  "r_squared": -0.005725741386413574,
  "pos_r_squared": 0.0028476715087890625
}