{
  "pattern": "( end| ended| ends| ending| fun)",
  "pos_r_squared": 0.9992350339889526,
  "r_squared": 0.9992433786392212
}