{
  "pattern": "(ie|heart|ies| darling|a)",
  "pos_r_squared": 0.99619460105896,
  "r_squared": 0.9951121211051941
}