{
  "pattern": "(Finally| Finally| finally| eventually| Eventually)",
  "pos_r_squared": 0.982698380947113,
  "r_squared": 0.9826545715332031
}