{
  "pattern": "( sweet| pand| soft| funny| cotton)",
  "pos_r_squared": 0.9989749789237976,
  "r_squared": 0.9991152286529541
}