{
  "pattern": "(One| us|On| j)",
  "r_squared": 0.956767201423645,
  "pos_r_squared": 0.9995269179344177
}