{
  "pattern": "( wise| wisdom| advice| Wise| Wisdom)",
  "pos_r_squared": 0.9984495043754578,
  "r_squared": 0.9983783960342407
}