{
  "pattern": "( shining| shine| shone|ined| sparkling)",
  "pos_r_squared": 0.9952657222747803,
  "r_squared": 0.9948484301567078
}