{
  "pattern": "( owl| Owl|oot| Moon|Cat)",
  "pos_r_squared": 0.98627769947052,
  "r_squared": 0.9862799048423767
}