{
  "pattern": "(\\.|,| the| to|\\n)",
  "r_squared": -0.01002645492553711,
  "pos_r_squared": 0.0020636916160583496
}