{
  "pattern": "( wet| soak| soaked|iver| rare)",
  "pos_r_squared": 0.9987900257110596,
  "r_squared": 0.9988147020339966
}