{
  "pattern": "( pictures| spots| about| much| videos)",
  "pos_r_squared": 0.9930689334869385,
  "r_squared": 0.9927682876586914
}