{
  "pattern": "(\\.|\\.\"|!\"|\\?\"|!)",
  "r_squared": 0.27446073293685913,
  "pos_r_squared": 0.25032365322113037
}