{
  "pattern": "( key| But| match| map| shovel)",
  "pos_r_squared": 0.9800034165382385,
  "r_squared": 0.9803218245506287
}