{
  "pattern": "(,|\\.| a| the| to)",
  "r_squared": -0.02418529987335205,
  "pos_r_squared": 2.6345252990722656e-05
}