{
  "pattern": "( grabbed| grab| grabs| onto| take)",
  "pos_r_squared": 0.9884275794029236,
  "r_squared": 0.9887036085128784
}