{
  "pattern": "(\\.| the|,| \"| a)",
  "r_squared": -0.006216764450073242,
  "pos_r_squared": -0.0008808374404907227
}