{
  "pattern": "( yellow| L|der| watching| plants)",
  "pos_r_squared": 0.9990556836128235,
  "r_squared": 0.9979889392852783
}