{
  "pattern": "( deep| ig| deeper| bank| digs)",
  "pos_r_squared": 0.9970079660415649,
  "r_squared": 0.99702388048172
}