{
  "pattern": "(\\.|,| the| and| to)",
  "r_squared": -0.008424878120422363,
  "pos_r_squared": -0.0039370059967041016
}