{
  "pattern": "( cool| helpful| worth| hat| batteries)",
  "pos_r_squared": 0.9978262782096863,
  "r_squared": 0.9965357780456543
}