{
  "pattern": "( cl| sque|Really|years|J)",
  "pos_r_squared": 0.9993160367012024,
  "r_squared": 0.9992680549621582
}