{
  "pattern": "( small| smaller| short| with| little)",
  "r_squared": 0.9948673844337463,
  "pos_r_squared": 0.9981151819229126
}