{
  "pattern": "( ride| rode| riding| tour| Che)",
  "pos_r_squared": 0.9830793142318726,
  "r_squared": 0.9834297895431519
}