{
  "pattern": "( bit| quite| less| ventured| bites)",
  "pos_r_squared": 0.9990465044975281,
  "r_squared": 0.9990629553794861
}