{
  "pattern": "( sea| ocean| road| God| rivers)",
  "pos_r_squared": 0.9927927255630493,
  "r_squared": 0.9925021529197693
}