{
  "pattern": "( Fin|Fin| Star| Ray|hest)",
  "pos_r_squared": 0.9966692328453064,
  "r_squared": 0.9944927096366882
}