{
  "pattern": "( lady| woman| man|anne| confused)",
  "pos_r_squared": 0.998511016368866,
  "r_squared": 0.997352123260498
}