{
  "pattern": "( games| puzzles| activities|seek| sports)",
  "pos_r_squared": 0.9989734292030334,
  "r_squared": 0.9985940456390381
}