{
  "pattern": "( There|There|izz| plenty| Toys)",
  "pos_r_squared": 0.997799813747406,
  "r_squared": 0.9982275366783142
}