{
  "pattern": "( must| to| shall| strong| need)",
  "pos_r_squared": 0.999232828617096,
  "r_squared": 0.99925297498703
}