{
  "pattern": "( castle| palace| castles| was|castle)",
  "pos_r_squared": 0.9939947128295898,
  "r_squared": 0.9956178069114685
}