{
  "pattern": "(\\.|,| the|Once| a)",
  "r_squared": -0.06932210922241211,
  "pos_r_squared": -0.0356827974319458
}