{
  "pattern": "(,| were| loved)",
  "r_squared": 0.046383798122406006,
  "pos_r_squared": 0.9965834021568298
}