{
  "pattern": "( the| a| to|\\.|,)",
  "r_squared": -0.009863018989562988,
  "pos_r_squared": -0.011198878288269043
}