{
  "pattern": "(\\.|,|\\n| the| \")",
  "r_squared": -0.035041093826293945,
  "pos_r_squared": 0.012273848056793213
}