{
  "pattern": "( sw|ho|Jen|'ll| gro)",
  "pos_r_squared": 0.9987125396728516,
  "r_squared": 0.9987043738365173
}