{
  "pattern": "( smart| clever| intelligent| brain| lucky)",
  "pos_r_squared": 0.9929515719413757,
  "r_squared": 0.9923747181892395
}