{
  "pattern": "( than| not|!\"| Fif| rare)",
  "pos_r_squared": 0.996602475643158,
  "r_squared": 0.9966403841972351
}