{
  "pattern": "( Buddy| Toby| Coco|uddy| on)",
  "pos_r_squared": 0.9807411432266235,
  "r_squared": 0.9797745943069458
}