{
  "pattern": "( heavy| ig| pushed| ac| high)",
  "pos_r_squared": 0.9988791346549988,
  "r_squared": 0.998681902885437
}