{
  "pattern": "(Lu|oun|Un| beads|Su)",
  "pos_r_squared": 0.9977282285690308,
  "r_squared": 0.997584342956543
}