{
  "pattern": "( was|\\.| a| got| happened)",
  "pos_r_squared": 0.9889732003211975,
  "r_squared": 0.7979317307472229
}