{
  "pattern": "(\\.| was| the| and|,)",
  "r_squared": -3.457069396972656e-05,
  "pos_r_squared": -0.0033110380172729492
}