{
  "pattern": "( really| badly| super| actually|atch)",
  "pos_r_squared": 0.9951257705688477,
  "r_squared": 0.9951997399330139
}