{
  "pattern": "( nest| crib| babies| baby| nests)",
  "pos_r_squared": 0.9986742734909058,
  "r_squared": 0.9987937808036804
}