{
  "pattern": "(\\.| and| the| to| it)",
  "r_squared": -0.0018620491027832031,
  "pos_r_squared": 0.007247328758239746
}