{
  "pattern": "( join| joined| continue| leading| ro)",
  "pos_r_squared": 0.9935645461082458,
  "r_squared": 0.9937092661857605
}