{
  "pattern": "( clothes| laundry| zo| sweaty| uniforms)",
  "pos_r_squared": 0.9982120394706726,
  "r_squared": 0.9972981214523315
}