{
  "pattern": "( playing|\"| down| inside| from)",
  "r_squared": 0.0010311603546142578,
  "pos_r_squared": 0.0011186599731445312
}