{
  "pattern": "( balloon| balloons| The| cream| bubble)",
  "pos_r_squared": 0.9982864260673523,
  "r_squared": 0.9985309839248657
}