{
  "pattern": "( furry| hairy| playful| adorable|agging)",
  "pos_r_squared": 0.996046781539917,
  "r_squared": 0.9952211976051331
}