{
  "pattern": "( hair| Ske| inches| weed|-)",
  "pos_r_squared": 0.9981841444969177,
  "r_squared": 0.9977752566337585
}