{
  "pattern": "(Why| why| Why|why| careful)",
  "pos_r_squared": 0.9963078498840332,
  "r_squared": 0.9961678385734558
}