{
  "pattern": "( sure|uf| knowing| bet| amaz)",
  "pos_r_squared": 0.9909330010414124,
  "r_squared": 0.9908813834190369
}