{
  "pattern": "( and|\\.|,| was| to)",
  "r_squared": 0.019961655139923096,
  "pos_r_squared": 0.009651422500610352
}