{
  "pattern": "( beach| better| sand| crab| creative)",
  "pos_r_squared": 0.9988468885421753,
  "r_squared": 0.9968393445014954
}