{
  "pattern": "(\\.| the| was| and| a)",
  "r_squared": 0.00014573335647583008,
  "pos_r_squared": 0.014289677143096924
}