{
  "pattern": "(They| seeds| y| they|tr)",
  "pos_r_squared": 0.995541512966156,
  "r_squared": 0.9955943822860718
}