{
  "pattern": "(Tom| Tom|ila| gr|O)",
  "pos_r_squared": 0.9930208325386047,
  "r_squared": 0.8928118348121643
}