{
  "pattern": "( sometimes| Sometimes| often| ago| mar)",
  "pos_r_squared": 0.983947217464447,
  "r_squared": 0.9838233590126038
}