{
  "pattern": "( air| God|ted| lungs| Smoke)",
  "pos_r_squared": 0.9989630579948425,
  "r_squared": 0.9987587928771973
}