{
  "pattern": "( lazy| dull| boring| gloomy| bored)",
  "pos_r_squared": 0.9875807762145996,
  "r_squared": 0.9868294596672058
}