{
  "pattern": "( cream|cream|drops|clock|ams)",
  "pos_r_squared": 0.9980064034461975,
  "r_squared": 0.9976821541786194
}