{
  "pattern": "( He| he|He| Bob)",
  "pos_r_squared": 0.9991199374198914,
  "r_squared": 0.9992397427558899
}