{
  "pattern": "( the|,|\\.| and| to)",
  "r_squared": -0.00843799114227295,
  "pos_r_squared": 0.0008898377418518066
}