{
  "pattern": "( work| finishes|Spring|ush)",
  "pos_r_squared": 0.9988552331924438,
  "r_squared": 0.9988908171653748
}