{
  "pattern": "(\\?\"|\\?!\"| drops|\\?\",|,')",
  "r_squared": 0.9956995248794556,
  "pos_r_squared": 0.995246946811676
}