{
  "pattern": "( waved| wave| display| waving| network)",
  "pos_r_squared": 0.9835253953933716,
  "r_squared": 0.9838540554046631
}