{
  "pattern": "( pink| Around)",
  "pos_r_squared": 0.9991093277931213,
  "r_squared": 0.9986739158630371
}