{
  "pattern": "( Daisy|isy| Ros| Emma| Will)",
  "pos_r_squared": 0.996640145778656,
  "r_squared": 0.9937636852264404
}