{
  "pattern": "( Inside|Inside| inside| Under| Behind)",
  "pos_r_squared": 0.9935440421104431,
  "r_squared": 0.9934796690940857
}