{
  "pattern": "( stand| stood| o| standing| stays)",
  "pos_r_squared": 0.9895715713500977,
  "r_squared": 0.989483654499054
}