{
  "pattern": "( is| isn| Stay|Pe|Isn)",
  "r_squared": 0.998210608959198,
  "pos_r_squared": 0.9977444410324097
}