{
  "pattern": "( quickly| reluctantly| carefully| gonna| investigate)",
  "pos_r_squared": 0.9991344213485718,
  "r_squared": 0.9991543292999268
}