{
  "pattern": "( kick| kicked| kicking| kicks|Luke)",
  "pos_r_squared": 0.9992431998252869,
  "r_squared": 0.9991168975830078
}