{
  "pattern": "( living| crashing| matt| next| their)",
  "pos_r_squared": 0.9984207153320312,
  "r_squared": 0.9984973073005676
}