{
  "pattern": "( round| red| up| bright| simple)",
  "pos_r_squared": 0.9960984587669373,
  "r_squared": 0.9874870777130127
}