{
  "pattern": "(\\.| the|,| to| a)",
  "r_squared": -0.1029282808303833,
  "pos_r_squared": -0.14259743690490723
}