{
  "pattern": "( amazing| incredible| brilliant| wonderful|you)",
  "pos_r_squared": 0.9884774088859558,
  "r_squared": 0.9885285496711731
}