{
  "pattern": "( pile| stack| leaves| piles| ball)",
  "pos_r_squared": 0.9968002438545227,
  "r_squared": 0.9969713091850281
}