{
  "pattern": "( mouth| mouths| tongue|ak| Whe)",
  "pos_r_squared": 0.997830867767334,
  "r_squared": 0.9979346990585327
}