{
  "pattern": "( On|On|For|Miss| Up)",
  "pos_r_squared": 0.9933898448944092,
  "r_squared": 0.9929932951927185
}