{
  "pattern": "( learned| ped|See| learning| learnt)",
  "pos_r_squared": 0.9967617988586426,
  "r_squared": 0.9969104528427124
}