{
  "pattern": "( pond| ge| pand| ponds| woods)",
  "pos_r_squared": 0.9979180693626404,
  "r_squared": 0.9939215779304504
}