{
  "pattern": "( All| Many| People| Even|All)",
  "pos_r_squared": 0.9865169525146484,
  "r_squared": 0.9855145812034607
}