{
  "pattern": "( cr|tr|auc| Sn|Y)",
  "pos_r_squared": 0.9903558492660522,
  "r_squared": 0.9903826713562012
}