{
  "pattern": "(\\n|\\.\")",
  "pos_r_squared": 0.9945148825645447,
  "r_squared": 0.9929667711257935
}