{
  "pattern": "( mix| mixed| mixing| bowl| box)",
  "pos_r_squared": 0.9934056997299194,
  "r_squared": 0.9935151934623718
}