{
  "pattern": "( white| ends| men|ir| holds)",
  "pos_r_squared": 0.998673677444458,
  "r_squared": 0.998426079750061
}