{
  "pattern": "( blew| blow| washed| blows| wind)",
  "pos_r_squared": 0.9950453042984009,
  "r_squared": 0.9950838088989258
}