{
  "pattern": "( In| sa| lucky| turns)",
  "pos_r_squared": 0.9974941611289978,
  "r_squared": 0.9941481351852417
}