{
  "pattern": "( dig| dug| digging| Andrew| digs)",
  "pos_r_squared": 0.99920654296875,
  "r_squared": 0.9989359378814697
}