{
  "pattern": "( feeling|Am|Two|eling| blonde)",
  "pos_r_squared": 0.9980993866920471,
  "r_squared": 0.9976346492767334
}