{
  "pattern": "( cup| cups|ot|K| sack)",
  "pos_r_squared": 0.9980598092079163,
  "r_squared": 0.9980150461196899
}