{
  "pattern": "( fire| burning|Help|ry| fires)",
  "pos_r_squared": 0.9959515929222107,
  "r_squared": 0.9959229826927185
}