{
  "pattern": "( being| unt| keeping| staying| wanting)",
  "pos_r_squared": 0.9909130334854126,
  "r_squared": 0.9909202456474304
}