{
  "pattern": "( years| year| ge| robot|years)",
  "pos_r_squared": 0.9985170364379883,
  "r_squared": 0.9977084398269653
}