{
  "pattern": "( fit| fits| B| Kit| nailed)",
  "pos_r_squared": 0.9989390969276428,
  "r_squared": 0.9989352226257324
}