{
  "pattern": "(\\.| the|,| and| to)",
  "r_squared": -0.021910786628723145,
  "pos_r_squared": -0.00509333610534668
}