{
  "pattern": "( Joe|Joe| Joey|ert| lunch)",
  "pos_r_squared": 0.9925531148910522,
  "r_squared": 0.9900404214859009
}