{
  "pattern": "( shapes| shape| patterns| shaped| figures)",
  "pos_r_squared": 0.9987051486968994,
  "r_squared": 0.997869610786438
}