{
  "pattern": "( song| songs| pose| dance| sang)",
  "pos_r_squared": 0.9988052248954773,
  "r_squared": 0.9987480640411377
}