{
  "pattern": "( light| lighter| guide|Bl| bra)",
  "pos_r_squared": 0.99832683801651,
  "r_squared": 0.997944712638855
}