{
  "pattern": "( rocks| named| loved| were| stones)",
  "pos_r_squared": 0.9989309310913086,
  "r_squared": 0.9983533620834351
}