{
  "pattern": "( k| peac|bi| sho| fr)",
  "pos_r_squared": 0.999184250831604,
  "r_squared": 0.9994400143623352
}