{
  "pattern": "( well| properly| By| bleed| fell)",
  "pos_r_squared": 0.9987589716911316,
  "r_squared": 0.9986165761947632
}