{
  "pattern": "(\\.|\\n|!|!\"|\\.\")",
  "r_squared": 0.20580178499221802,
  "pos_r_squared": 0.2419763207435608
}