{
  "pattern": "( Her| her| beach| crab|\\.')",
  "pos_r_squared": 0.9973703026771545,
  "r_squared": 0.9959903955459595
}