{
  "pattern": "( Billy|Billy| Max| Bobby| Polly)",
  "pos_r_squared": 0.998200535774231,
  "r_squared": 0.994929313659668
}