{
  "pattern": "( m| tr|aj| wooden|kins)",
  "pos_r_squared": 0.9993324279785156,
  "r_squared": 0.9987431168556213
}