{
  "pattern": "( visit| visited| visiting|kids| visitor)",
  "pos_r_squared": 0.996280312538147,
  "r_squared": 0.9960659742355347
}