{
  "pattern": "( the|,| ot)",
  "r_squared": 0.2756369709968567,
  "pos_r_squared": 0.9122769832611084
}