{
  "pattern": "( sleep| slept| read| his| cried)",
  "pos_r_squared": 0.9971113801002502,
  "r_squared": 0.996353805065155
}