{
  "pattern": "( Sarah| was|Sarah| Maria| Lucy)",
  "pos_r_squared": 0.996751606464386,
  "r_squared": 0.9946115016937256
}