{
  "pattern": "( TV| screen| computer| television| cartoons)",
  "pos_r_squared": 0.9959333539009094,
  "r_squared": 0.9943666458129883
}