{
  "pattern": "( This| These|\\.\"| rule)",
  "pos_r_squared": 0.9987097382545471,
  "r_squared": 0.9973991513252258
}