{
  "pattern": "( stepped| step| steps| air| ventured)",
  "pos_r_squared": 0.9911380410194397,
  "r_squared": 0.9910424947738647
}