{
  "pattern": "( coat| dress| coats| Lou|coat)",
  "pos_r_squared": 0.9971244931221008,
  "r_squared": 0.9968083500862122
}