{
  "pattern": "( around| again|room| Sn|ys)",
  "r_squared": 0.999218761920929,
  "pos_r_squared": 0.99935382604599
}