{
  "pattern": "( tight| tightly| tighter|aj| click)",
  "pos_r_squared": 0.9990938901901245,
  "r_squared": 0.9990078210830688
}