{
  "pattern": "(Then| Then| balls| blues)",
  "pos_r_squared": 0.9943934082984924,
  "r_squared": 0.994005560874939
}