{
  "pattern": "(,| Lily| Lucy|\\.|!\")",
  "r_squared": 0.10784149169921875,
  "pos_r_squared": 0.9780043959617615
}