{
  "pattern": "( enough| families| supplies| creation| plenty)",
  "pos_r_squared": 0.9984331727027893,
  "r_squared": 0.9985415935516357
}