{
  "pattern": "( slow| slowed| slower|Slow| stopping)",
  "pos_r_squared": 0.9962971806526184,
  "r_squared": 0.996123731136322
}