{
  "pattern": "(\\.|,| and| the| a)",
  "r_squared": -0.012609362602233887,
  "pos_r_squared": -0.026044726371765137
}