{
  "pattern": "( waited| until| excited| wait| waits)",
  "pos_r_squared": 0.9975367188453674,
  "r_squared": 0.9974665641784668
}