{
  "pattern": "( been| after| grandma| Be|ray)",
  "pos_r_squared": 0.9990548491477966,
  "r_squared": 0.9991056323051453
}