{
  "pattern": "( twins| sister| brothers| daughter| and)",
  "pos_r_squared": 0.9994381070137024,
  "r_squared": 0.9951654672622681
}