{
  "pattern": "( pointed| pointing| point| points| aimed)",
  "pos_r_squared": 0.9977725148200989,
  "r_squared": 0.9977428913116455
}