{
  "pattern": "( wings| powers| fins| sails| webs)",
  "pos_r_squared": 0.9992460012435913,
  "r_squared": 0.9988309144973755
}