{
  "pattern": "(ers|ens| James|istle|James)",
  "pos_r_squared": 0.988427460193634,
  "r_squared": 0.987865149974823
}