{
  "pattern": "( felt| feeling| feel| did| sat)",
  "r_squared": 0.9874081015586853,
  "pos_r_squared": 0.987413227558136
}