{
  "pattern": "( birthday| aunt|ber| night|Dear)",
  "pos_r_squared": 0.9970222115516663,
  "r_squared": 0.9966484308242798
}