{
  "pattern": "( treats| treat| snacks| treasures| pup)",
  "pos_r_squared": 0.9894749522209167,
  "r_squared": 0.9892038702964783
}