{
  "pattern": "( bowl| bowls|iffs| interested|tr)",
  "pos_r_squared": 0.9992517828941345,
  "r_squared": 0.9990890026092529
}