{
  "pattern": "(\\.|,| to|\\n| \")",
  "r_squared": -0.0014096498489379883,
  "pos_r_squared": 0.012192130088806152
}