{
  "pattern": "( perfect| perfectly| own|Great|Use)",
  "pos_r_squared": 0.9992152452468872,
  "r_squared": 0.9992425441741943
}