{
  "pattern": "(,| to| and| the| it)",
  "r_squared": -0.012096881866455078,
  "pos_r_squared": 0.008965551853179932
}