{
  "pattern": "( worried| confident| surprising|pr| aware)",
  "pos_r_squared": 0.9944295883178711,
  "r_squared": 0.9947143793106079
}