{
  "pattern": "( legs| leg| brain| stripes| moves)",
  "pos_r_squared": 0.9889184832572937,
  "r_squared": 0.9888920783996582
}