{
  "pattern": "( mine| hers| Mine| miner| crystals)",
  "pos_r_squared": 0.9983200430870056,
  "r_squared": 0.9988441467285156
}