{
  "pattern": "( brown| pand| mer|,\"| pink)",
  "pos_r_squared": 0.998884916305542,
  "r_squared": 0.9972010850906372
}