{
  "pattern": "( ever| pic| se| squee|po)",
  "pos_r_squared": 0.9983474016189575,
  "r_squared": 0.9980897903442383
}