{
  "pattern": "( enjoyed| enjoy| world| enjoying| by)",
  "pos_r_squared": 0.9864571690559387,
  "r_squared": 0.9865509271621704
}