{
  "pattern": "( seek|seek| hide| stories| tag)",
  "pos_r_squared": 0.9975922703742981,
  "r_squared": 0.9973834156990051
}