{
  "pattern": "( Jack| enemies| loads)",
  "pos_r_squared": 0.9965707659721375,
  "r_squared": 0.9957659244537354
}