{
  "pattern": "( love| talent| admiration| loyalty| desire)",
  "pos_r_squared": 0.9988217353820801,
  "r_squared": 0.9988543391227722
}