{
  "pattern": "( soon|Soon| Soon| improved| friend)",
  "pos_r_squared": 0.9810845851898193,
  "r_squared": 0.9815157651901245
}