{
  "pattern": "( orange|ake| oranges| lighter|itt)",
  "pos_r_squared": 0.9975587725639343,
  "r_squared": 0.9963235855102539
}