{
  "pattern": "(eddy| Teddy| stuffed| Ball| dinosaurs)",
  "pos_r_squared": 0.9922590851783752,
  "r_squared": 0.991887092590332
}