{
  "pattern": "( river| tide|we|uddle|oby)",
  "pos_r_squared": 0.9949211478233337,
  "r_squared": 0.9936322569847107
}