{
  "pattern": "( cookies| cookie| treats| chips| twins)",
  "pos_r_squared": 0.9979177117347717,
  "r_squared": 0.9971998929977417
}