{
  "pattern": "( Blue|Blue| Snow| blue| travel)",
  "pos_r_squared": 0.9987381100654602,
  "r_squared": 0.9969836473464966
}