{
  "pattern": "(ly|antly|ently| brace|iously)",
  "pos_r_squared": 0.9969750642776489,
  "r_squared": 0.9966428875923157
}