{
  "pattern": "( needed| needs|More| matters| blocking)",
  "pos_r_squared": 0.9983482956886292,
  "r_squared": 0.9981430172920227
}