{
  "pattern": "(imi|ifi| Fif|oly|ate)",
  "pos_r_squared": 0.9991451501846313,
  "r_squared": 0.994090735912323
}