{
  "pattern": "( real| us| big| t| hates)",
  "pos_r_squared": 0.9983015656471252,
  "r_squared": 0.9983335137367249
}