{
  "pattern": "( t| sa| pic| ne| ever)",
  "pos_r_squared": 0.9991522431373596,
  "r_squared": 0.9990867376327515
}