{
  "pattern": "( rich| wealthy| luxury| Rich| desserts)",
  "pos_r_squared": 0.997333824634552,
  "r_squared": 0.9962445497512817
}