{
  "pattern": "( trying| struggling| mosquitoes| storms| freshly)",
  "pos_r_squared": 0.9972308874130249,
  "r_squared": 0.997442364692688
}