{
  "pattern": "( pot| pots| sense| pizz|anged)",
  "pos_r_squared": 0.9985259771347046,
  "r_squared": 0.9986294507980347
}