{
  "pattern": "( something| unexpected| One| very| confused)",
  "pos_r_squared": 0.9960643649101257,
  "r_squared": 0.9960597157478333
}