{
  "pattern": "( soup|Rob| fever| Robbie| fries)",
  "pos_r_squared": 0.996098518371582,
  "r_squared": 0.9956382513046265
}