{
  "pattern": "( M| twice|M|3| Manny)",
  "pos_r_squared": 0.9969869256019592,
  "r_squared": 0.9967148900032043
}