{
  "pattern": "( L| Lena|Am| Angel| Make)",
  "pos_r_squared": 0.9931648969650269,
  "r_squared": 0.9931781888008118
}