{
  "pattern": "( Sam|Sam| seal| Sammy| named)",
  "pos_r_squared": 0.9984699487686157,
  "r_squared": 0.9977903366088867
}