{
  "pattern": "(uddle|les| a| The|ail)",
  "pos_r_squared": 0.9986678957939148,
  "r_squared": 0.9976627826690674
}