{
  "pattern": "( It|It| it|Your| freshly)",
  "pos_r_squared": 0.9860378503799438,
  "r_squared": 0.9901658892631531
}