{
  "pattern": "( across| crossed| crossing| workshop| length)",
  "pos_r_squared": 0.9993048906326294,
  "r_squared": 0.9993272423744202
}