{
  "pattern": "( purple|ifi|Cool| Magic| colored)",
  "pos_r_squared": 0.9985716342926025,
  "r_squared": 0.9982267022132874
}