{
  "pattern": "( mess| task| mistakes| tasks| supposed)",
  "pos_r_squared": 0.9945306777954102,
  "r_squared": 0.9944049715995789
}