{
  "pattern": "( what|What| What| swinging| follow)",
  "pos_r_squared": 0.9985811114311218,
  "r_squared": 0.9986390471458435
}