{
  "pattern": "(He|She| dipped| Amen| Tiny)",
  "pos_r_squared": 0.9957597851753235,
  "r_squared": 0.9960934519767761
}