{
  "pattern": "( Can|Can| Enjoy| Amen)",
  "pos_r_squared": 0.9960324764251709,
  "r_squared": 0.9966279864311218
}