{
  "pattern": "( nose| noses|nob|inks|oop)",
  "pos_r_squared": 0.9985172152519226,
  "r_squared": 0.9983420968055725
}