{
  "pattern": "( fairy|ies|Out| robbers| elf)",
  "pos_r_squared": 0.9949294924736023,
  "r_squared": 0.9946364164352417
}