{
  "pattern": "( lift| lifted| lifting| tremb| lifts)",
  "pos_r_squared": 0.9992014169692993,
  "r_squared": 0.9992020130157471
}