{
  "pattern": "( hear| hears| grant| beginning| hearing)",
  "pos_r_squared": 0.9975200295448303,
  "r_squared": 0.997098982334137
}