{
  "pattern": "( l| wh|St| ball| tum)",
  "pos_r_squared": 0.999667763710022,
  "r_squared": 0.9996353387832642
}