{
  "pattern": "( taste| tasted| sip| delicious| tastes)",
  "pos_r_squared": 0.9889814257621765,
  "r_squared": 0.9889483451843262
}