{
  "pattern": "( laugh| laughs| gigg| reapp| laughing)",
  "pos_r_squared": 0.9980817437171936,
  "r_squared": 0.9983404874801636
}