{
  "pattern": "(That|Even|Very|that| nearest)",
  "pos_r_squared": 0.9981293678283691,
  "r_squared": 0.9982662796974182
}