{
  "pattern": "( wish| wished| candles| bear| wishes)",
  "pos_r_squared": 0.9877177476882935,
  "r_squared": 0.9876688718795776
}