{
  "pattern": "( our|We| this| Our|This)",
  "pos_r_squared": 0.9919992089271545,
  "r_squared": 0.9922876954078674
}