{
  "pattern": "( making| scattering| why| preparing| causing)",
  "pos_r_squared": 0.9971890449523926,
  "r_squared": 0.9971056580543518
}