{
  "pattern": "( She| she|She| Tina|she)",
  "pos_r_squared": 0.9993045926094055,
  "r_squared": 0.9993101954460144
}