{
  "pattern": "( later| things| Buddy| yesterday| noon)",
  "pos_r_squared": 0.9986408352851868,
  "r_squared": 0.9985908269882202
}