{
  "pattern": "( tasty| sa|-| cool| tast)",
  "pos_r_squared": 0.998539924621582,
  "r_squared": 0.9984077215194702
}