{
  "pattern": "(ia|oppy| Lia|avi|Sam)",
  "pos_r_squared": 0.9981789588928223,
  "r_squared": 0.997393012046814
}