{
  "pattern": "( see| saw| notice| discover| seeing)",
  "pos_r_squared": 0.9982560873031616,
  "r_squared": 0.9983897805213928
}