{
  "pattern": "( sitting| sits| magic| with| gr)",
  "pos_r_squared": 0.9977916479110718,
  "r_squared": 0.9980506896972656
}