{
  "pattern": "( ant| Ant| miner|Ant| poor)",
  "pos_r_squared": 0.9981676936149597,
  "r_squared": 0.996288537979126
}