{
  "pattern": "( Mia| Emma| named| Anna| Lisa)",
  "pos_r_squared": 0.9931506514549255,
  "r_squared": 0.992389440536499
}