{
  "pattern": "( We| we| to| could| damage)",
  "pos_r_squared": 0.9955669641494751,
  "r_squared": 0.9952624440193176
}