{
  "pattern": "( them| us| themselves|ys| ends)",
  "pos_r_squared": 0.9990395903587341,
  "r_squared": 0.9991934299468994
}