{
  "pattern": "(isk|ir|ilda| Tues| por)",
  "pos_r_squared": 0.9988185167312622,
  "r_squared": 0.9987441897392273
}