{
  "pattern": "( bone| bones| shortcut| Ted| Spot)",
  "pos_r_squared": 0.997363805770874,
  "r_squared": 0.9983373284339905
}