{
  "pattern": "( carefully| closely|Of| neatly| properly)",
  "pos_r_squared": 0.9978298544883728,
  "r_squared": 0.997937023639679
}