{
  "pattern": "( poor| humble| modest| walk| steady)",
  "pos_r_squared": 0.9960218071937561,
  "r_squared": 0.9937445521354675
}