{
  "pattern": "( cute| adorable| food| hungry| around)",
  "pos_r_squared": 0.9988793134689331,
  "r_squared": 0.9983964562416077
}