{
  "pattern": "(Her|L| quickly| brow| lady)",
  "pos_r_squared": 0.9972240924835205,
  "r_squared": 0.9970080852508545
}