{
  "pattern": "( daddy| Daddy|Daddy| Papa| Uncle)",
  "pos_r_squared": 0.993779182434082,
  "r_squared": 0.9935853481292725
}