{
  "pattern": "( delicate| fragile|nam| cob| ripe)",
  "pos_r_squared": 0.9954913854598999,
  "r_squared": 0.9951663613319397
}