{
  "pattern": "( most| top| behind| ten| very)",
  "pos_r_squared": 0.9948300123214722,
  "r_squared": 0.9953150153160095
}