{
  "pattern": "( star|Sun| Woo| asks| Tw)",
  "pos_r_squared": 0.99456787109375,
  "r_squared": 0.9962556958198547
}