{
  "pattern": "( Spot|Spot| Mix| Fl| food)",
  "pos_r_squared": 0.9993014335632324,
  "r_squared": 0.9988059401512146
}