{
  "pattern": "( Grand|Grand|\\n| so| Ske)",
  "pos_r_squared": 0.9970875382423401,
  "r_squared": 0.9969987273216248
}