{
  "pattern": "( put| puts| putting| placed| turned)",
  "pos_r_squared": 0.9949122667312622,
  "r_squared": 0.994880199432373
}