{
  "pattern": "( ugly|gly| necks| compared| die)",
  "pos_r_squared": 0.9989814162254333,
  "r_squared": 0.9986604452133179
}