{
  "pattern": "( hang| hanging| hung| Squirrel| bunch)",
  "pos_r_squared": 0.9834533333778381,
  "r_squared": 0.9833289384841919
}