{
  "pattern": "(led|ling|ered|ls|ars)",
  "pos_r_squared": 0.9929342269897461,
  "r_squared": 0.9944109320640564
}