{
  "pattern": "( gr| depend| amaz|Gr| Gr)",
  "pos_r_squared": 0.9954525232315063,
  "r_squared": 0.9953400492668152
}