{
  "pattern": "( crab|inch)",
  "pos_r_squared": 0.998397171497345,
  "r_squared": 0.9965038299560547
}