{
  "pattern": "( pulled| pulls| pulling| up|anked)",
  "pos_r_squared": 0.996941089630127,
  "r_squared": 0.9977708458900452
}