{
  "pattern": "( answer| answered| answers| reads| ending)",
  "pos_r_squared": 0.9953768849372864,
  "r_squared": 0.9954003095626831
}