{
  "pattern": "( farmer| much| farmers|eper| Farmer)",
  "pos_r_squared": 0.9959768652915955,
  "r_squared": 0.994975209236145
}