{
  "pattern": "( feet| foot| toes| hops| pad)",
  "pos_r_squared": 0.9966281056404114,
  "r_squared": 0.9967299103736877
}