{
  "pattern": "(Do| guide| camel|alks|Follow)",
  "pos_r_squared": 0.9975383281707764,
  "r_squared": 0.9974431395530701
}