{
  "pattern": "( wide| landscape| moment|e| big)",
  "pos_r_squared": 0.994452953338623,
  "r_squared": 0.9946008324623108
}