{
  "pattern": "(elly|umpy| heavy| purple|ub)",
  "pos_r_squared": 0.9901641011238098,
  "r_squared": 0.9869235754013062
}