{
  "pattern": "( start| starts| continue| started| beginning)",
  "pos_r_squared": 0.9950118064880371,
  "r_squared": 0.995067298412323
}