{
  "pattern": "( sc| magn| farmers| tro| Sc)",
  "pos_r_squared": 0.9975043535232544,
  "r_squared": 0.9974920749664307
}