{
  "pattern": "(ue| used|At| hates)",
  "pos_r_squared": 0.9977142810821533,
  "r_squared": 0.9969043135643005
}