{
  "pattern": "(When| When| listen| when| en)",
  "pos_r_squared": 0.9926893711090088,
  "r_squared": 0.9924938678741455
}