{
  "pattern": "( find| finding| discover| plenty| losing)",
  "pos_r_squared": 0.9977540969848633,
  "r_squared": 0.997292697429657
}