{
  "pattern": "(So|And| pengu| little| obey)",
  "pos_r_squared": 0.9977536797523499,
  "r_squared": 0.9972617626190186
}