{
  "pattern": "( wondered| wonder| wonders| thank| question)",
  "pos_r_squared": 0.998238742351532,
  "r_squared": 0.998212993144989
}