{
  "pattern": "( nap| puzzle|kins| cap| and)",
  "pos_r_squared": 0.9980887770652771,
  "r_squared": 0.9980173707008362
}