{
  "pattern": "( fl| buzz| wherever| simply| gave)",
  "pos_r_squared": 0.9937704205513,
  "r_squared": 0.9938573837280273
}