{
  "pattern": "( whistle|istle| pedals|weet| w)",
  "pos_r_squared": 0.9990635514259338,
  "r_squared": 0.998237133026123
}