{
  "pattern": "( towards| closer| approached| headed| its)",
  "pos_r_squared": 0.9815465807914734,
  "r_squared": 0.9816954731941223
}