{
  "pattern": "( comfortable| uncomfortable| unhappy|fy|ts)",
  "pos_r_squared": 0.9983062148094177,
  "r_squared": 0.9977663159370422
}