{
  "pattern": "( gray| Milo| followed|ilo|aro)",
  "pos_r_squared": 0.999160885810852,
  "r_squared": 0.998806893825531
}