{
  "pattern": "( -|\\;|\\.\\.\\.|--|Pe)",
  "pos_r_squared": 0.9862663149833679,
  "r_squared": 0.9863471984863281
}