{
  "pattern": "( v| re| camping|unn|v)",
  "pos_r_squared": 0.9912241697311401,
  "r_squared": 0.9913365840911865
}