{
  "pattern": "( blanket| blankets|Hold| radio| ice)",
  "pos_r_squared": 0.9979492425918579,
  "r_squared": 0.9971940517425537
}