{
  "pattern": "( cloth| swirl|chief| Bob| inspected)",
  "pos_r_squared": 0.998948872089386,
  "r_squared": 0.9988539218902588
}