{
  "pattern": "( shy| lazy|hi| small| ball)",
  "pos_r_squared": 0.9958187341690063,
  "r_squared": 0.995529294013977
}