{
  "pattern": "( seemed| seem| entrance|umbled| seems)",
  "pos_r_squared": 0.9974318742752075,
  "r_squared": 0.9974445104598999
}