{
  "pattern": "( ran| running| jog| runs| run)",
  "pos_r_squared": 0.9963451027870178,
  "r_squared": 0.9966126084327698
}