{
  "pattern": "( Let| let|Let| So| they)",
  "pos_r_squared": 0.9931144714355469,
  "r_squared": 0.9930696487426758
}