{
  "pattern": "( glow| glowing| gl| shiny| rainbow)",
  "pos_r_squared": 0.9903144836425781,
  "r_squared": 0.9902997016906738
}