{
  "pattern": "( bus|On| tour| tours| Bo)",
  "pos_r_squared": 0.9983000755310059,
  "r_squared": 0.9976271390914917
}