{
  "pattern": "( red| Red|S| colorful| sp)",
  "pos_r_squared": 0.9989596009254456,
  "r_squared": 0.998473584651947
}