{
  "pattern": "( appeared| appear|oming| escaped|ifi)",
  "pos_r_squared": 0.9945687055587769,
  "r_squared": 0.9945397973060608
}