{
  "pattern": "(Anna| basket|Lisa| three| lap)",
  "pos_r_squared": 0.9936400055885315,
  "r_squared": 0.9933537840843201
}