{
  "pattern": "(Sure| zoo| farm| course|Of)",
  "pos_r_squared": 0.9990376830101013,
  "r_squared": 0.9991634488105774
}