{
  "pattern": "( jealous|vious| really| mirror|bows)",
  "pos_r_squared": 0.9946131110191345,
  "r_squared": 0.9947007894515991
}