{
  "pattern": "( O| Twe| Cob|Joe|wl)",
  "pos_r_squared": 0.99928218126297,
  "r_squared": 0.9989920854568481
}