{
  "pattern": "( faster| lighter| Again| quicker|Tyler)",
  "pos_r_squared": 0.9981774687767029,
  "r_squared": 0.9976946115493774
}