{
  "pattern": "( want| Want| wanting| favorite| with)",
  "pos_r_squared": 0.9928438067436218,
  "r_squared": 0.9927965402603149
}