{
  "pattern": "( won| w| last| inside| Tom)",
  "pos_r_squared": 0.9955503344535828,
  "r_squared": 0.9961649775505066
}