{
  "pattern": "( playing| play| Bobby| aimed| games)",
  "pos_r_squared": 0.9982308745384216,
  "r_squared": 0.9966526627540588
}