{
  "pattern": "( rainbow|bows| fountain| fastest| waterfall)",
  "pos_r_squared": 0.997559130191803,
  "r_squared": 0.9975588917732239
}