{
  "pattern": "( dull| pale| plain| crystals| lamps)",
  "pos_r_squared": 0.9978105425834656,
  "r_squared": 0.9968439340591431
}