{
  "pattern": "(cy|Tweet| and|pper|After)",
  "pos_r_squared": 0.996356189250946,
  "r_squared": 0.9947033524513245
}