{
  "pattern": "(ucky|lly| Kitty| Sparkle|o)",
  "pos_r_squared": 0.9988630414009094,
  "r_squared": 0.9980890154838562
}