{
  "pattern": "( turtle| Turtle| turtles| snail| Gor)",
  "pos_r_squared": 0.999016284942627,
  "r_squared": 0.9979396462440491
}