{
  "pattern": "( unique| original| They|ettle| Pick)",
  "pos_r_squared": 0.9954689741134644,
  "r_squared": 0.9965055584907532
}