{
  "pattern": "( elephant|eros| elephants| Elephant|phant)",
  "pos_r_squared": 0.9972593188285828,
  "r_squared": 0.9971736669540405
}