{
  "pattern": "( cried| cries|pt|lost|bed)",
  "pos_r_squared": 0.9982337951660156,
  "r_squared": 0.9983623623847961
}