{
  "pattern": "( cheered| cheer| applauded| laughed| cheering)",
  "pos_r_squared": 0.9914196133613586,
  "r_squared": 0.9913695454597473
}