{
  "pattern": "(Max|Mark| Emma| r|Andrew)",
  "pos_r_squared": 0.9963672757148743,
  "r_squared": 0.9956586360931396
}