{
  "pattern": "( story| is| cush| town| very)",
  "pos_r_squared": 0.9918214082717896,
  "r_squared": 0.985424280166626
}