{
  "pattern": "(gy| Spot| found|y| mar)",
  "pos_r_squared": 0.9960228800773621,
  "r_squared": 0.9956233501434326
}