{
  "pattern": "( berries| mushroom| herb|berries| herbs)",
  "pos_r_squared": 0.9860246181488037,
  "r_squared": 0.9854139685630798
}