{
  "pattern": "( looks| seem| look| stays| weighs)",
  "pos_r_squared": 0.9893749356269836,
  "r_squared": 0.9896295666694641
}