{
  "pattern": "( spl| Fro|seek| pur| had)",
  "pos_r_squared": 0.9947596788406372,
  "r_squared": 0.9948793649673462
}