{
  "pattern": "( spoon| Enjoy| strap)",
  "pos_r_squared": 0.9984032511711121,
  "r_squared": 0.9980548620223999
}