{
  "pattern": "( few| missed| 10| Those| couple)",
  "pos_r_squared": 0.9970591068267822,
  "r_squared": 0.9970707297325134
}