{
  "pattern": "( snow| cold| icy| frost| Snow)",
  "pos_r_squared": 0.9874013066291809,
  "r_squared": 0.920995831489563
}