{
  "pattern": "( onto| handed| placed| into| creation)",
  "pos_r_squared": 0.9936203360557556,
  "r_squared": 0.993663489818573
}