{
  "pattern": "( regular| normal| ordinary| real| robot)",
  "pos_r_squared": 0.9985834956169128,
  "r_squared": 0.9921247959136963
}