{
  "pattern": "( pe| magn|lim| natural| thorn)",
  "pos_r_squared": 0.9989369511604309,
  "r_squared": 0.998916506767273
}