{
  "pattern": "(Together| Together| unite| Both| Tw)",
  "pos_r_squared": 0.988544225692749,
  "r_squared": 0.9885813593864441
}