{
  "pattern": "( ch| matt|Twe| av| menu)",
  "pos_r_squared": 0.9995666742324829,
  "r_squared": 0.9983891248703003
}