{
  "pattern": "( Tommy| George|uddy|George| Sunny)",
  "pos_r_squared": 0.995281994342804,
  "r_squared": 0.9954694509506226
}