{
  "pattern": "( waved| waving| twice| nodding| blues)",
  "pos_r_squared": 0.9971990585327148,
  "r_squared": 0.9973699450492859
}