{
  "pattern": "(umpy|ers| angry| named| went)",
  "pos_r_squared": 0.9979516267776489,
  "r_squared": 0.9943926930427551
}