{
  "pattern": "( honey| Tit|ectar| Honey|oney)",
  "pos_r_squared": 0.9985582232475281,
  "r_squared": 0.9982266426086426
}