{
  "pattern": "( higher| daddy|der| foolish| rather)",
  "pos_r_squared": 0.998878002166748,
  "r_squared": 0.9987199902534485
}