{
  "pattern": "( closet| attic| wardrobe|Po| unfold)",
  "pos_r_squared": 0.9987713694572449,
  "r_squared": 0.9981176853179932
}