{
  "pattern": "(he|ed| bath| He|es)",
  "pos_r_squared": 0.9826313257217407,
  "r_squared": 0.983200192451477
}