{
  "pattern": "( fur| feathers| skin| stripes| details)",
  "pos_r_squared": 0.9987570643424988,
  "r_squared": 0.9981085658073425
}