{
  "pattern": "(You|you|We| You| Spot)",
  "pos_r_squared": 0.9976770281791687,
  "r_squared": 0.9975783824920654
}