{
  "pattern": "( Mark|Mark| Lucy|,| Bow)",
  "pos_r_squared": 0.9984663724899292,
  "r_squared": 0.9962963461875916
}