{
  "pattern": "(My| My| watches| Our|ate)",
  "pos_r_squared": 0.9934030175209045,
  "r_squared": 0.9935181140899658
}