{
  "pattern": "( arms| lap| rays|uffed|ids)",
  "pos_r_squared": 0.9990389347076416,
  "r_squared": 0.9989575147628784
}