{
  "pattern": "( \"|\"| '| h|\\.\\.\\.)",
  "pos_r_squared": 0.9987924695014954,
  "r_squared": 0.9988307356834412
}