{
  "pattern": "( spark| sparks| bub| prick|udd)",
  "pos_r_squared": 0.9978063106536865,
  "r_squared": 0.9977687001228333
}