{
  "pattern": "( arm| worn|zed| beloved| stub)",
  "pos_r_squared": 0.9991306066513062,
  "r_squared": 0.9989650845527649
}