{
  "pattern": "( away| apart|away| removed| gone)",
  "pos_r_squared": 0.998867392539978,
  "r_squared": 0.9989716410636902
}