{
  "pattern": "( B|B| Betsy| fun| Gr)",
  "pos_r_squared": 0.99876469373703,
  "r_squared": 0.9987745881080627
}