{
  "pattern": "( wants| twins| tries| hops| wanted)",
  "pos_r_squared": 0.9942814111709595,
  "r_squared": 0.994200587272644
}