{
  "pattern": "( bath| baths| bathing| apr| magic)",
  "pos_r_squared": 0.9987200498580933,
  "r_squared": 0.998341977596283
}