{
  "pattern": "( Jane| Fif| Hope)",
  "pos_r_squared": 0.9961903095245361,
  "r_squared": 0.9884136915206909
}