{
  "pattern": "( paws|ew| imag|Cool| yards)",
  "pos_r_squared": 0.9994790554046631,
  "r_squared": 0.9994611144065857
}