{
  "pattern": "( paw| named| paws| pe|'s)",
  "pos_r_squared": 0.996644914150238,
  "r_squared": 0.9966224431991577
}