{
  "pattern": "( wild| ge| real| marsh| dangerous)",
  "pos_r_squared": 0.996150553226471,
  "r_squared": 0.9944503903388977
}