{
  "pattern": "( hug| hugging|hy| fight| many)",
  "pos_r_squared": 0.9977115988731384,
  "r_squared": 0.997838020324707
}