{
  "pattern": "( sne|arre| Qu| padd| sk)",
  "pos_r_squared": 0.9989421963691711,
  "r_squared": 0.9990317821502686
}