{
  "pattern": "( closed| closes|Close| closing|Dear)",
  "pos_r_squared": 0.9981881976127625,
  "r_squared": 0.9981847405433655
}