{
  "pattern": "(ig|anger|igs| stool| rest)",
  "pos_r_squared": 0.9946331977844238,
  "r_squared": 0.9942343235015869
}