{
  "pattern": "(ara|S|Anna| Sara|ila)",
  "pos_r_squared": 0.9828125238418579,
  "r_squared": 0.9409666061401367
}