{
  "pattern": "(Sam|Danny|Pat|Fred|May)",
  "pos_r_squared": 0.9964635968208313,
  "r_squared": 0.9961385726928711
}