{
  "pattern": "( delicious|shaped|cake| delightful| glorious)",
  "pos_r_squared": 0.9980034232139587,
  "r_squared": 0.9975845813751221
}