{
  "pattern": "( stir| stirred| bang| stirring| rocking)",
  "pos_r_squared": 0.9912883043289185,
  "r_squared": 0.9911901354789734
}