{
  "pattern": "( empty| blank| Club| Contest| Party)",
  "pos_r_squared": 0.9992769956588745,
  "r_squared": 0.9987486004829407
}