{
  "pattern": "( glad| view| relieved| fur| back)",
  "pos_r_squared": 0.9883045554161072,
  "r_squared": 0.9876453280448914
}