{
  "pattern": "( maze| fog| mist| Olive| St)",
  "pos_r_squared": 0.9937940835952759,
  "r_squared": 0.9949137568473816
}