{
  "pattern": "( rope| ig| grab| grabbed| courageous)",
  "pos_r_squared": 0.9981073141098022,
  "r_squared": 0.9974342584609985
}