{
  "pattern": "( adventurous| creative| celebrated| pleaded| pic)",
  "pos_r_squared": 0.9976606965065002,
  "r_squared": 0.9969101548194885
}