{
  "pattern": "( deaf| language|elly| languages|ena)",
  "pos_r_squared": 0.9966698884963989,
  "r_squared": 0.9959875345230103
}