{
  "pattern": "( secret| secrets| L| spl| hidden)",
  "pos_r_squared": 0.9984356760978699,
  "r_squared": 0.9984462857246399
}