{
  "pattern": "( sounds| dances|azes| twists|right)",
  "pos_r_squared": 0.9986107349395752,
  "r_squared": 0.9984340667724609
}