{
  "pattern": "(O| deer| ble|zz| Bing)",
  "pos_r_squared": 0.9993799924850464,
  "r_squared": 0.9992311596870422
}