{
  "pattern": "( teeth| tooth| really| loose| blood)",
  "pos_r_squared": 0.9929336905479431,
  "r_squared": 0.9925256371498108
}