{
  "pattern": "( messy| dance| sticky|In| room)",
  "pos_r_squared": 0.998741090297699,
  "r_squared": 0.9975763559341431
}