{
  "pattern": "( Ch| Spe|Ch| El|Spe)",
  "pos_r_squared": 0.9946255683898926,
  "r_squared": 0.9944627285003662
}