{
  "pattern": "(py|icky| chick| Chloe| Tit)",
  "pos_r_squared": 0.9917338490486145,
  "r_squared": 0.9913031458854675
}