{
  "pattern": "( swings| swords|ays|balls|adders)",
  "pos_r_squared": 0.997783362865448,
  "r_squared": 0.9965581893920898
}