{
  "pattern": "( apples| stuff| named| pige| Wed)",
  "pos_r_squared": 0.9982630610466003,
  "r_squared": 0.9974474906921387
}