{
  "pattern": "(K| K| lazy| y| kids)",
  "pos_r_squared": 0.9867594242095947,
  "r_squared": 0.9863807559013367
}