{
  "pattern": "( notebook| journal| diary| magazine| purse)",
  "pos_r_squared": 0.9959470629692078,
  "r_squared": 0.9941457509994507
}