{
  "pattern": "( circle| circles| lines| tunnels| dots)",
  "pos_r_squared": 0.9889909029006958,
  "r_squared": 0.9890928864479065
}