{
  "pattern": "( 3| the| mis| 2| 5)",
  "pos_r_squared": 0.9970859289169312,
  "r_squared": 0.9964073896408081
}