{
  "pattern": "( j| luck| Wo| wo|bo)",
  "pos_r_squared": 0.9812770485877991,
  "r_squared": 0.9810616374015808
}