{
  "pattern": "( wore| wears| wear| big| old)",
  "pos_r_squared": 0.9985143542289734,
  "r_squared": 0.9988718032836914
}