{
  "pattern": "( jog|ogged|ogging| sack|agged)",
  "pos_r_squared": 0.9842445850372314,
  "r_squared": 0.9836710095405579
}