{
  "pattern": "( useful|Cool|Use|ible|Send)",
  "pos_r_squared": 0.9992228150367737,
  "r_squared": 0.9981437921524048
}