{
  "pattern": "( excited| eager| enthusiastic| exciting| excitement)",
  "pos_r_squared": 0.9955120086669922,
  "r_squared": 0.9956638813018799
}