{
  "pattern": "( Wh|es|ens|aws| buses)",
  "pos_r_squared": 0.992350697517395,
  "r_squared": 0.9916979074478149
}