{
  "pattern": "( mad| frown| yells|rier| chance)",
  "pos_r_squared": 0.9980777502059937,
  "r_squared": 0.9984632730484009
}