{
  "pattern": "( pillow| pill| ear|ows| cotton)",
  "pos_r_squared": 0.9814521074295044,
  "r_squared": 0.9811128973960876
}