{
  "pattern": "( toys|ys| rug|tub| doll)",
  "pos_r_squared": 0.9971185326576233,
  "r_squared": 0.9976183176040649
}