{
  "pattern": "( animal| Hope| Our| Animals| pand)",
  "pos_r_squared": 0.9971149563789368,
  "r_squared": 0.996040403842926
}