{
  "pattern": "( cheerful| thoughtful| brain| ideas|es)",
  "pos_r_squared": 0.9932159781455994,
  "r_squared": 0.9888230562210083
}