{
  "pattern": "( hugged| hugging|uddled|\\.'|ilia)",
  "pos_r_squared": 0.9990071654319763,
  "r_squared": 0.9987058639526367
}