{
  "pattern": "( D| unp| cush| Dog| shr)",
  "pos_r_squared": 0.9989444613456726,
  "r_squared": 0.996334969997406
}