{
  "pattern": "( storm| ending| storms|storm| bear)",
  "pos_r_squared": 0.9954240918159485,
  "r_squared": 0.9949448108673096
}