{
  "pattern": "( whispered| whisper|aked| shout| whispering)",
  "pos_r_squared": 0.9884803295135498,
  "r_squared": 0.9884681701660156
}