{
  "pattern": "( snake| did| Dare| Olive| everything)",
  "pos_r_squared": 0.9828292727470398,
  "r_squared": 0.9814592003822327
}