{
  "pattern": "( backyard|house| driveway| once| clearing)",
  "pos_r_squared": 0.9989719390869141,
  "r_squared": 0.9980067610740662
}