{
  "pattern": "( wolf| Dod| Lou| Tornado| had)",
  "pos_r_squared": 0.9849807024002075,
  "r_squared": 0.9858306050300598
}