{
  "pattern": "( sees| remembers| meets| hates| notices)",
  "pos_r_squared": 0.998130738735199,
  "r_squared": 0.9980867505073547
}