{
  "pattern": "( sharp| fur| rough| scrib| gir)",
  "pos_r_squared": 0.985400915145874,
  "r_squared": 0.9863717555999756
}