{
  "pattern": "( teach| teaching| guide| teaches|Tell)",
  "pos_r_squared": 0.9984012246131897,
  "r_squared": 0.9977933764457703
}