{
  "pattern": "( flying| Max| cold| Tom| gir)",
  "pos_r_squared": 0.9973647594451904,
  "r_squared": 0.993096113204956
}