{
  "pattern": "( knocked| knock| knocks| shaped| much)",
  "pos_r_squared": 0.9819784760475159,
  "r_squared": 0.9819640517234802
}