{
  "pattern": "( machine| machines| spr| Coal| Through)",
  "pos_r_squared": 0.9975833296775818,
  "r_squared": 0.9966854453086853
}