{
  "pattern": "( lucky| Lucky| luck|amas| happiest)",
  "pos_r_squared": 0.9962414503097534,
  "r_squared": 0.9952974319458008
}