{
  "pattern": "( powerful| matt|om|oxy| ju)",
  "pos_r_squared": 0.9986503720283508,
  "r_squared": 0.9972649216651917
}