{
  "pattern": "( hid| hides| treasure| hide|Lost)",
  "pos_r_squared": 0.9983266592025757,
  "r_squared": 0.9982768893241882
}