{
  "pattern": "( weird| turtle| gr| mini|we)",
  "pos_r_squared": 0.9988105893135071,
  "r_squared": 0.9974324703216553
}