{
  "pattern": "( rub| rubbed| rubbing|zes| feel)",
  "pos_r_squared": 0.998542070388794,
  "r_squared": 0.99852055311203
}