{
  "pattern": "(ep|oot| breathe| camping| cough)",
  "pos_r_squared": 0.9905067682266235,
  "r_squared": 0.9902220964431763
}