{
  "pattern": "( many| Many| cher| much| unp)",
  "pos_r_squared": 0.9982060790061951,
  "r_squared": 0.9972725510597229
}