{
  "pattern": "(eddy| maybe|\\?\"| you| cute)",
  "pos_r_squared": 0.9957612752914429,
  "r_squared": 0.9935500025749207
}