{
  "pattern": "( heart| hearts| pic| pand| Coc)",
  "pos_r_squared": 0.9983929395675659,
  "r_squared": 0.9947617650032043
}