{
  "pattern": "( smiled| smiles| smiling|amed| grinned)",
  "pos_r_squared": 0.9985791444778442,
  "r_squared": 0.9986560344696045
}