{
  "pattern": "( Jerry| mouse| Squirrel|Jerry| Spike)",
  "pos_r_squared": 0.9955940842628479,
  "r_squared": 0.9951401352882385
}