{
  "pattern": "( other| bigger| others| another| re)",
  "pos_r_squared": 0.9977521300315857,
  "r_squared": 0.9978974461555481
}