{
  "pattern": "( gentle| friendly| harsh| birds| pand)",
  "pos_r_squared": 0.9991218447685242,
  "r_squared": 0.9987760782241821
}