{
  "pattern": "(Y|E| mouths| Y|al)",
  "pos_r_squared": 0.994927704334259,
  "r_squared": 0.9952278137207031
}