{
  "pattern": "( thin| pale|shaped| pizz|colored)",
  "pos_r_squared": 0.9989516735076904,
  "r_squared": 0.9989761710166931
}