{
  "pattern": "( wrap| wrapped| tangled| wrapping| wraps)",
  "pos_r_squared": 0.9947406053543091,
  "r_squared": 0.9947725534439087
}