{
  "pattern": "( pool|ides|Tyler| spilled|udd)",
  "pos_r_squared": 0.9990541338920593,
  "r_squared": 0.9986689686775208
}