{
  "pattern": "( leg| Jet| student| legs| enemy)",
  "pos_r_squared": 0.9979137182235718,
  "r_squared": 0.9979113340377808
}