{
  "pattern": "( plane| pan| floats|Prin| matt)",
  "pos_r_squared": 0.9978901147842407,
  "r_squared": 0.997534990310669
}