{
  "pattern": "( caught| catches| wrapped| grabs|Got)",
  "pos_r_squared": 0.9973258376121521,
  "r_squared": 0.9975273609161377
}