{
  "pattern": "( huge| wr| squee| messed|allows)",
  "pos_r_squared": 0.998647928237915,
  "r_squared": 0.99701327085495
}