{
  "pattern": "( arrow| rad| digging| pol| farther)",
  "pos_r_squared": 0.9917798638343811,
  "r_squared": 0.9913361668586731
}