{
  "pattern": "( are|'re| Lizard| Thank| indeed)",
  "pos_r_squared": 0.9991260766983032,
  "r_squared": 0.9975399374961853
}