{
  "pattern": "( bubbles| bubble| balloon|fire| strawberries)",
  "pos_r_squared": 0.9968329071998596,
  "r_squared": 0.9965691566467285
}