{
  "pattern": "( boot| boots| sunglasses| horns| suits)",
  "pos_r_squared": 0.996679961681366,
  "r_squared": 0.9963058233261108
}