{
  "pattern": "( dolls| ig| Amen| pupp| possibilities)",
  "pos_r_squared": 0.9981780052185059,
  "r_squared": 0.996339738368988
}