{
  "pattern": "( elderly| turtle| cane| unt| seen)",
  "pos_r_squared": 0.9988188743591309,
  "r_squared": 0.9932234883308411
}