{
  "pattern": "( flexible| crane| magnet|affe| magnets)",
  "pos_r_squared": 0.9935382604598999,
  "r_squared": 0.9928315877914429
}