{
  "pattern": "( modern| boards| shave| tools| nice)",
  "pos_r_squared": 0.9985455274581909,
  "r_squared": 0.9981302618980408
}