{
  "pattern": "( On|On| While| matt| something)",
  "pos_r_squared": 0.9976072907447815,
  "r_squared": 0.9978126287460327
}