{
  "pattern": "( giant| wr| giants|Then| ate)",
  "pos_r_squared": 0.9985280632972717,
  "r_squared": 0.9955171346664429
}