{
  "pattern": "( thick| explorers| matt| lessons| storms)",
  "pos_r_squared": 0.996538519859314,
  "r_squared": 0.9958093166351318
}