{
  "pattern": "( sm| unp|Rob|r|sc)",
  "pos_r_squared": 0.9988430142402649,
  "r_squared": 0.9883228540420532
}