{
  "pattern": "( twist| twisted| twisting| cracks| Twist)",
  "pos_r_squared": 0.9912035465240479,
  "r_squared": 0.9911731481552124
}