{
  "pattern": "( Bunny|unny| bunny| Bella| Bun)",
  "pos_r_squared": 0.9936884045600891,
  "r_squared": 0.9965408444404602
}