{
  "pattern": "( clumsy| tul|af|anga|Mat)",
  "pos_r_squared": 0.9983296394348145,
  "r_squared": 0.9985910654067993
}