{
  "pattern": "( So|So| eight| hesitation| very)",
  "pos_r_squared": 0.9988956451416016,
  "r_squared": 0.9989317059516907
}