{
  "pattern": "(e| hug|ar|Hi|ee)",
  "pos_r_squared": 0.9897592663764954,
  "r_squared": 0.9895193576812744
}