{
  "pattern": "( neck| shelves| tails| nests|-)",
  "pos_r_squared": 0.9935987591743469,
  "r_squared": 0.9935723543167114
}