{
  "pattern": "( his| His|His| named| he)",
  "pos_r_squared": 0.9994686841964722,
  "r_squared": 0.999469518661499
}