{
  "pattern": "( milk| Mitt| M|ectar| hole)",
  "pos_r_squared": 0.9938884377479553,
  "r_squared": 0.9933043718338013
}