{
  "pattern": "( smooth| flexible| fun| jumper|Cool)",
  "pos_r_squared": 0.9985681176185608,
  "r_squared": 0.997821033000946
}