{
  "pattern": "( net| materials| webs| showed| hook)",
  "pos_r_squared": 0.99489825963974,
  "r_squared": 0.9937219619750977
}