{
  "pattern": "( tie|ouse| tying| ties| named)",
  "pos_r_squared": 0.9975253939628601,
  "r_squared": 0.9967986345291138
}