{
  "pattern": "( herself| sisters| myself)",
  "pos_r_squared": 0.9980852603912354,
  "r_squared": 0.9975224733352661
}