{
  "pattern": "( wave| waves| hi| throws| waved)",
  "pos_r_squared": 0.9904647469520569,
  "r_squared": 0.9923493266105652
}