{
  "pattern": "( unusual| incredible| enormous| impressive| impressed)",
  "pos_r_squared": 0.9956898093223572,
  "r_squared": 0.9943386316299438
}