{
  "pattern": "( middle| center|Dear| beginning| centre)",
  "pos_r_squared": 0.9988929033279419,
  "r_squared": 0.9984981417655945
}