{
  "pattern": "(Be| Be| toys| isn| cars)",
  "pos_r_squared": 0.9984734654426575,
  "r_squared": 0.9984084367752075
}