{
  "pattern": "( Mia|ia| Maggie|op| Molly)",
  "pos_r_squared": 0.9985687732696533,
  "r_squared": 0.9933791756629944
}