{
  "pattern": "( bugs| insects| robots|bugs|izards)",
  "pos_r_squared": 0.9965844750404358,
  "r_squared": 0.9960806369781494
}