{
  "pattern": "( believe| to| realized| surprised|After)",
  "pos_r_squared": 0.9900702238082886,
  "r_squared": 0.9903695583343506
}