{
  "pattern": "( Leo|o|y|,| Dino)",
  "pos_r_squared": 0.9914416670799255,
  "r_squared": 0.9880610704421997
}