{
  "pattern": "( shook| shake| shakes| sounds| storms)",
  "pos_r_squared": 0.9944449067115784,
  "r_squared": 0.9946454763412476
}