{
  "pattern": "(age|ages|aid|box|ummy)",
  "pos_r_squared": 0.9975327253341675,
  "r_squared": 0.9975219964981079
}