{
  "pattern": "( talking|eddy|Of| cl|\\.\")",
  "pos_r_squared": 0.9960450530052185,
  "r_squared": 0.9971184134483337
}