{
  "pattern": "( bell| wob|bell| bub| bells)",
  "pos_r_squared": 0.9984644651412964,
  "r_squared": 0.9985805153846741
}