{
  "pattern": "( which| given| activities| different| tutor)",
  "pos_r_squared": 0.9960732460021973,
  "r_squared": 0.9957419037818909
}