{
  "pattern": "( tidy|ying|idy|ied| Toys)",
  "pos_r_squared": 0.9980177283287048,
  "r_squared": 0.9960010647773743
}