{
  "pattern": "( wondered| prayed| wondering| wonders|Imagine)",
  "pos_r_squared": 0.9984054565429688,
  "r_squared": 0.9983812570571899
}