{
  "pattern": "( terrible| disgusting| mosquitoes| nasty| annoying)",
  "pos_r_squared": 0.9949583411216736,
  "r_squared": 0.9948286414146423
}