{
  "pattern": "( Ben|Ben| sunny|Frank| ladder)",
  "pos_r_squared": 0.9988178610801697,
  "r_squared": 0.9985865950584412
}