{
  "pattern": "( hiding| hides| hid|eh| down)",
  "pos_r_squared": 0.9988405704498291,
  "r_squared": 0.9988185167312622
}