{
  "pattern": "( path|Look| paths| objects|o)",
  "pos_r_squared": 0.996700644493103,
  "r_squared": 0.9966212511062622
}