{
  "pattern": "( square| triangle| circle|br| squares)",
  "pos_r_squared": 0.988469123840332,
  "r_squared": 0.9868006110191345
}