{
  "pattern": "( borrow| bug| borrowed| couldn| old)",
  "pos_r_squared": 0.9990508556365967,
  "r_squared": 0.9990401864051819
}