{
  "pattern": "( lay| laid| laying| relaxing| drying)",
  "pos_r_squared": 0.9983326196670532,
  "r_squared": 0.9979833364486694
}