{
  "pattern": "( gently|iffs| lightly| nud| accidentally)",
  "pos_r_squared": 0.998624324798584,
  "r_squared": 0.9983499646186829
}