{
  "pattern": "( j| lasted)",
  "pos_r_squared": 0.9992887377738953,
  "r_squared": 0.998047411441803
}