{
  "pattern": "( taste| foods| tasted| tasting|udd)",
  "pos_r_squared": 0.9969965815544128,
  "r_squared": 0.9972289800643921
}