{
  "pattern": "( life| alive|ad| meals| So)",
  "pos_r_squared": 0.9902805685997009,
  "r_squared": 0.9902973175048828
}