{
  "pattern": "( yelled| yell| yelling| homework| gazing)",
  "pos_r_squared": 0.990922212600708,
  "r_squared": 0.9909989237785339
}