{
  "pattern": "( Tim|Tim| Tom| Lily| hat)",
  "pos_r_squared": 0.9950657486915588,
  "r_squared": 0.996970534324646
}