{
  "pattern": "(ll|'s| kind| Wh| beach)",
  "pos_r_squared": 0.9992371201515198,
  "r_squared": 0.9978808164596558
}