{
  "pattern": "( nearby| distance|ider| ge| plenty)",
  "pos_r_squared": 0.9810423851013184,
  "r_squared": 0.9811283946037292
}