{
  "pattern": "(Please| Please)",
  "pos_r_squared": 0.9954068064689636,
  "r_squared": 0.9957865476608276
}