{
  "pattern": "( treat| Leave| a| treats| cream)",
  "pos_r_squared": 0.9986599683761597,
  "r_squared": 0.9984843730926514
}