{
  "pattern": "(Spot| dog|ike|Cat|azz)",
  "pos_r_squared": 0.9911883473396301,
  "r_squared": 0.990760862827301
}