{
  "pattern": "( charming|Prin|ored|isk|elling)",
  "pos_r_squared": 0.9986556768417358,
  "r_squared": 0.9963293075561523
}