{
  "pattern": "( wing| fin| feel|Dear| stro)",
  "pos_r_squared": 0.9962468147277832,
  "r_squared": 0.9953166246414185
}