{
  "pattern": "( Andy| Benny| ant| Betty|Andy)",
  "pos_r_squared": 0.9955794811248779,
  "r_squared": 0.9933279752731323
}