{
  "pattern": "(\"\\.|\"!| her| a|Found)",
  "pos_r_squared": 0.9961240887641907,
  "r_squared": 0.9944955706596375
}