{
  "pattern": "( sour|X| bitter|zero| halves)",
  "pos_r_squared": 0.9985449910163879,
  "r_squared": 0.998680055141449
}