{
  "pattern": "( feed| fed| feeding| fetch| messed)",
  "pos_r_squared": 0.997833251953125,
  "r_squared": 0.9978936910629272
}