{
  "pattern": "( fair|os|oot|ock| Fair)",
  "pos_r_squared": 0.9983896017074585,
  "r_squared": 0.9977771043777466
}