{
  "pattern": "( pretty| attractive| prett| cute|S)",
  "pos_r_squared": 0.9991649389266968,
  "r_squared": 0.9991183280944824
}