{
  "pattern": "( shell|lla| shells| smaller| pretty)",
  "pos_r_squared": 0.9972948431968689,
  "r_squared": 0.9969994425773621
}