{
  "pattern": "( feathers| went| feather| hat| cap)",
  "pos_r_squared": 0.9980819225311279,
  "r_squared": 0.9980747103691101
}