{
  "pattern": "( robot| hero| called| dancer| monster)",
  "pos_r_squared": 0.980629563331604,
  "r_squared": 0.9725742936134338
}