{
  "pattern": "( c| C|n| Rel|uddled)",
  "pos_r_squared": 0.9987667798995972,
  "r_squared": 0.9988601803779602
}