{
  "pattern": "( amazing|Really| awesome| fantastic| plenty)",
  "pos_r_squared": 0.9984942078590393,
  "r_squared": 0.9977617859840393
}