{
  "pattern": "( corner|ya|ok| new| area)",
  "pos_r_squared": 0.99777752161026,
  "r_squared": 0.9974372386932373
}