{
  "pattern": "( pasta| spaghetti| rice| noodles| ge)",
  "pos_r_squared": 0.9914215207099915,
  "r_squared": 0.9902620911598206
}