{
  "pattern": "( we| We|We|we|this)",
  "pos_r_squared": 0.9992440342903137,
  "r_squared": 0.9992913007736206
}