{
  "pattern": "( joke| jokes| joked| thought| joking)",
  "pos_r_squared": 0.9974988102912903,
  "r_squared": 0.9982358813285828
}