{
  "pattern": "( jelly| allow| av| cush| math)",
  "pos_r_squared": 0.9980427622795105,
  "r_squared": 0.9972944855690002
}