{
  "pattern": "( ash| spears| lasers| hairst| ashes)",
  "pos_r_squared": 0.9990899562835693,
  "r_squared": 0.9986928701400757
}