{
  "pattern": "( Bobby|obby| U|boys| Bing)",
  "pos_r_squared": 0.9965327382087708,
  "r_squared": 0.9948068261146545
}