{
  "pattern": "( spider| spiders| cracks| snakes| ants)",
  "pos_r_squared": 0.9913917183876038,
  "r_squared": 0.9910653829574585
}