{
  "pattern": "(ase| talk| sees| game|ison)",
  "pos_r_squared": 0.9935704469680786,
  "r_squared": 0.9939616322517395
}