{
  "pattern": "( Luna| Milo|ulu| Lily| kittens)",
  "pos_r_squared": 0.9971601963043213,
  "r_squared": 0.9970127940177917
}