{
  "pattern": "( camera| backpack| rocket| had| y)",
  "pos_r_squared": 0.9954080581665039,
  "r_squared": 0.9960768818855286
}