{
  "pattern": "( ancient|L| r| wooden| un)",
  "pos_r_squared": 0.9827291965484619,
  "r_squared": 0.9825642704963684
}