{
  "pattern": "( jungle|ari| sandy| smelling|Bo)",
  "pos_r_squared": 0.9972204566001892,
  "r_squared": 0.9964847564697266
}