{
  "pattern": "( scale| scales| fins|ib|flies)",
  "pos_r_squared": 0.9979627728462219,
  "r_squared": 0.9981431365013123
}