{
  "pattern": "( Molly| Harry| Madd| Mara| Hannah)",
  "pos_r_squared": 0.9953104257583618,
  "r_squared": 0.9925883412361145
}