{
  "pattern": "( computer| basketball| football| Without| equipment)",
  "pos_r_squared": 0.9842139482498169,
  "r_squared": 0.9839948415756226
}