{
  "pattern": "(andy| Sandy| tight|imi|addy)",
  "pos_r_squared": 0.9957725405693054,
  "r_squared": 0.9921969771385193
}