{
  "pattern": "( adorable| tree|use| cute| cheek)",
  "pos_r_squared": 0.9985388517379761,
  "r_squared": 0.998220682144165
}