{
  "pattern": "( famous| known| poster| jobs| Our)",
  "pos_r_squared": 0.9934253692626953,
  "r_squared": 0.992255687713623
}