{
  "pattern": "(,| and| was|.| a)",
  "r_squared": 0.48152899742126465,
  "pos_r_squared": 0.46908289194107056
}