{
  "pattern": "( jam| butter| noisy| messy| un)",
  "pos_r_squared": 0.9946892261505127,
  "r_squared": 0.994493842124939
}