{
  "pattern": "( bloom|oming| sunrise| flower| grow)",
  "pos_r_squared": 0.9973726868629456,
  "r_squared": 0.9971596598625183
}