{
  "pattern": "( crying|Prin| Of| weeping| Gru)",
  "pos_r_squared": 0.995106041431427,
  "r_squared": 0.9947680234909058
}