{
  "pattern": "( danced| dances| string| remembers| journeys)",
  "pos_r_squared": 0.9972671270370483,
  "r_squared": 0.9969946146011353
}