{
  "pattern": "( delicate| Lily|ily| suffered| away)",
  "pos_r_squared": 0.999159574508667,
  "r_squared": 0.9964545369148254
}