{
  "pattern": "(fish|actus|opus|aroo| shrimp)",
  "pos_r_squared": 0.9977421164512634,
  "r_squared": 0.9967305660247803
}