{
  "pattern": "( places| spots| space| forests| spaces)",
  "pos_r_squared": 0.9984422326087952,
  "r_squared": 0.9985611438751221
}