{
  "pattern": "( stepped| ventured|aded| stepping| thorn)",
  "pos_r_squared": 0.9991102814674377,
  "r_squared": 0.9989659786224365
}