{
  "pattern": "(itty|uddy| dr|For| heroes)",
  "pos_r_squared": 0.9983349442481995,
  "r_squared": 0.9979662895202637
}