{
  "pattern": "( Lucy|cy|Jake|issa|zy)",
  "pos_r_squared": 0.9952731728553772,
  "r_squared": 0.9937782287597656
}