{
  "pattern": "( persistent|ful| patiently|Please| goals)",
  "pos_r_squared": 0.9841699600219727,
  "r_squared": 0.9841992259025574
}