{
  "pattern": "( change| changing| trick| magic| changed)",
  "pos_r_squared": 0.9937973618507385,
  "r_squared": 0.9937921762466431
}