{
  "pattern": "( T|T|3| went| wheels)",
  "pos_r_squared": 0.9948931336402893,
  "r_squared": 0.9943256974220276
}