{
  "pattern": "( balls| bottles| cans| eight| cars)",
  "pos_r_squared": 0.9976150393486023,
  "r_squared": 0.9958831667900085
}