{
  "pattern": "( moon| Moon|Moon|Tree| Slowly)",
  "pos_r_squared": 0.9984548091888428,
  "r_squared": 0.9988481998443604
}