{
  "pattern": "(ze|ez| seeker| shrinking| tornado)",
  "pos_r_squared": 0.9917165040969849,
  "r_squared": 0.9917863011360168
}