{
  "pattern": "( pie| pies| rat| warm| twin)",
  "pos_r_squared": 0.9958012104034424,
  "r_squared": 0.9953715801239014
}