{
  "pattern": "( generous| mate|ir| Follow| fan)",
  "pos_r_squared": 0.9993050694465637,
  "r_squared": 0.9985278248786926
}