{
  "pattern": "( wouldn| shouldn| downstairs| Another| cousin)",
  "pos_r_squared": 0.9991958141326904,
  "r_squared": 0.9992703199386597
}