{
  "pattern": "( ac|ric| hairst| v| er)",
  "pos_r_squared": 0.9970700144767761,
  "r_squared": 0.9970279335975647
}