{
  "pattern": "( rude| ig|ise|ude| bully)",
  "pos_r_squared": 0.9987201690673828,
  "r_squared": 0.9981720447540283
}