{
  "pattern": "( mirror| reflection| | shines| slur)",
  "pos_r_squared": 0.997681200504303,
  "r_squared": 0.997505784034729
}