{
  "pattern": "( frightened| startled| darling| terrified| timid)",
  "pos_r_squared": 0.9966031908988953,
  "r_squared": 0.9961501955986023
}