{
  "pattern": "( finally| up| suddenly| grandchildren|Of)",
  "pos_r_squared": 0.9977158904075623,
  "r_squared": 0.9980950355529785
}