{
  "pattern": "( houses| buildings| Toys| birds| nests)",
  "pos_r_squared": 0.99528968334198,
  "r_squared": 0.9956164360046387
}