{
  "pattern": "( What| Isn| hunters|what|,)",
  "pos_r_squared": 0.9944682717323303,
  "r_squared": 0.9948593378067017
}