{
  "pattern": "( roof| ceiling| Up| nests|eared)",
  "pos_r_squared": 0.9971649050712585,
  "r_squared": 0.9971308708190918
}