{
  "pattern": "( meet| hi| tro|ir| probably)",
  "pos_r_squared": 0.9956532716751099,
  "r_squared": 0.9947191476821899
}