{
  "pattern": "( chase| chasing|ases| scares|cking)",
  "pos_r_squared": 0.997922956943512,
  "r_squared": 0.9969180226325989
}