{
  "pattern": "( P| F| Av| Uncle|ir)",
  "pos_r_squared": 0.994996964931488,
  "r_squared": 0.9922584295272827
}