{
  "pattern": "( daddy| mummy| Daddy| P| ig)",
  "pos_r_squared": 0.9949304461479187,
  "r_squared": 0.986868143081665
}