{
  "pattern": "(Please|please| cro| yog| Mos)",
  "pos_r_squared": 0.996810793876648,
  "r_squared": 0.9968096613883972
}