{
  "pattern": "( body| bodies| fin| sensation| level)",
  "pos_r_squared": 0.9990397691726685,
  "r_squared": 0.9985311627388
}