{
  "pattern": "( meant| means|Whenever| astronauts| matt)",
  "pos_r_squared": 0.9980515837669373,
  "r_squared": 0.9982321858406067
}