{
  "pattern": "(kin|anger|kins| scar|crow)",
  "pos_r_squared": 0.9928997755050659,
  "r_squared": 0.9928852915763855
}