{
  "pattern": "( ring| ringing| rings| rang|Pull)",
  "pos_r_squared": 0.9982179999351501,
  "r_squared": 0.9982072710990906
}