{
  "pattern": "( Dad|Dad|gly| Up|Something)",
  "pos_r_squared": 0.9964613318443298,
  "r_squared": 0.9936500191688538
}