{
  "pattern": "( shelf| mattered|we)",
  "pos_r_squared": 0.999265730381012,
  "r_squared": 0.9986404180526733
}