{
  "pattern": "( Jill| dancers|\\.| He|Do)",
  "pos_r_squared": 0.9915412068367004,
  "r_squared": 0.9891901612281799
}