{
  "pattern": "( pizza| shady| Chess| Bro| burger)",
  "pos_r_squared": 0.9952318668365479,
  "r_squared": 0.9943764805793762
}