{
  "pattern": "( par| gir|Qu| rac|Un)",
  "pos_r_squared": 0.9930980801582336,
  "r_squared": 0.992484450340271
}