{
  "pattern": "( healthy| knee| skin|suit| E)",
  "pos_r_squared": 0.989051103591919,
  "r_squared": 0.9870560765266418
}