{
  "pattern": "(Amy|oh| av| robot|See)",
  "pos_r_squared": 0.9967135190963745,
  "r_squared": 0.9963351488113403
}