{
  "pattern": "(les| thanks|Thanks|ags|uddle)",
  "pos_r_squared": 0.9947942495346069,
  "r_squared": 0.9937878847122192
}