{
  "pattern": "( branches| rob|ever| matters| strokes)",
  "pos_r_squared": 0.9984652996063232,
  "r_squared": 0.9971909523010254
}