{
  "pattern": "( collar| veterinarian| vet| pur|ier)",
  "pos_r_squared": 0.9905863404273987,
  "r_squared": 0.9905836582183838
}