{
  "pattern": "( oak| root| wreck| bones| roots)",
  "pos_r_squared": 0.9844313859939575,
  "r_squared": 0.984187126159668
}