{
  "pattern": "( clever| sneaky|Mrs| young| sly)",
  "pos_r_squared": 0.9988075494766235,
  "r_squared": 0.9958732724189758
}