{
  "pattern": "( clear| little| prince| cat|andy)",
  "pos_r_squared": 0.9979645609855652,
  "r_squared": 0.9982379674911499
}