{
  "pattern": "( lamp| brush|ening| glass|he)",
  "pos_r_squared": 0.9911165237426758,
  "r_squared": 0.9909607768058777
}