{
  "pattern": "( filthy|Co| beach|sets|You)",
  "pos_r_squared": 0.9983528852462769,
  "r_squared": 0.9984199404716492
}