{
  "pattern": "( eager| keen|Pass|rawl| stared)",
  "pos_r_squared": 0.9974318146705627,
  "r_squared": 0.9938464164733887
}