{
  "pattern": "( singing| hum| Tom| humming| play)",
  "pos_r_squared": 0.9948871731758118,
  "r_squared": 0.9945868253707886
}