{
  "pattern": "( picnic| basket| food|ics| brought)",
  "pos_r_squared": 0.9978217482566833,
  "r_squared": 0.9974153637886047
}