{
  "pattern": "( salad| Or| displayed| salads| greens)",
  "pos_r_squared": 0.9991389513015747,
  "r_squared": 0.9990749359130859
}