{
  "pattern": "( shadow| shadows| Shadow| dot| footprints)",
  "pos_r_squared": 0.9984069466590881,
  "r_squared": 0.9983474612236023
}