{
  "pattern": "( decor| cater| yard| cr| kay)",
  "pos_r_squared": 0.997771143913269,
  "r_squared": 0.9978190660476685
}