{
  "pattern": "( feed| fed| feeding| fierce| jelly)",
  "pos_r_squared": 0.9978753328323364,
  "r_squared": 0.996472954750061
}