{
  "pattern": "( statue| statues|Very| Statue| De)",
  "pos_r_squared": 0.9964195489883423,
  "r_squared": 0.9914162158966064
}