{
  "pattern": "( lovely| eerie|izza| camping| popcorn)",
  "pos_r_squared": 0.998619019985199,
  "r_squared": 0.9949548244476318
}