{
  "pattern": "( same| with| blocks| to| day)",
  "pos_r_squared": 0.9949652552604675,
  "r_squared": 0.9554046988487244
}