{
  "pattern": "( wished| wish| wishing| wishes)",
  "pos_r_squared": 0.9985025525093079,
  "r_squared": 0.998820960521698
}