{
  "pattern": "( mailbox| Bob| motorcycle| mill| sheep)",
  "pos_r_squared": 0.9964598417282104,
  "r_squared": 0.996585488319397
}