{
  "pattern": "( her| Her|Her| my| had)",
  "pos_r_squared": 0.999055027961731,
  "r_squared": 0.9993758201599121
}