{
  "pattern": "(Of| his| Of| of)",
  "pos_r_squared": 0.9992359280586243,
  "r_squared": 0.9993605613708496
}