{
  "pattern": "( tough| Cr| daily| blast| mini)",
  "pos_r_squared": 0.9949951171875,
  "r_squared": 0.9930331707000732
}