{
  "pattern": "( laughing| laughter| hugging|Tyler)",
  "pos_r_squared": 0.9981350898742676,
  "r_squared": 0.9981755614280701
}