{
  "pattern": "( handle| zipper| knob| pedals|bling)",
  "pos_r_squared": 0.9866819381713867,
  "r_squared": 0.9864387512207031
}