{
  "pattern": "( rich| Rich|ugg|ust| person)",
  "pos_r_squared": 0.9955316185951233,
  "r_squared": 0.9937855005264282
}