{
  "pattern": "( Tiny|iny| Big| start| real)",
  "pos_r_squared": 0.9965189695358276,
  "r_squared": 0.9955936670303345
}