{
  "pattern": "( nos|us| family|unn| Bark)",
  "pos_r_squared": 0.9969775080680847,
  "r_squared": 0.9967470169067383
}