{
  "pattern": "( deer|over|o)",
  "pos_r_squared": 0.9986628293991089,
  "r_squared": 0.9958127737045288
}