{
  "pattern": "( Many| Some| many|Many| More)",
  "pos_r_squared": 0.9980792999267578,
  "r_squared": 0.9971094727516174
}