{
  "pattern": "( Leo|Le| stuffed|Ell| lived)",
  "pos_r_squared": 0.9874301552772522,
  "r_squared": 0.9854540228843689
}