{
  "pattern": "( shining| shine| shone|ined| sun)",
  "pos_r_squared": 0.9852237701416016,
  "r_squared": 0.9854440689086914
}