{
  "pattern": "( print| scientist| look| skeleton| bake)",
  "pos_r_squared": 0.9978468418121338,
  "r_squared": 0.9978166222572327
}