{
  "pattern": "( je| kay|z| discussed| j)",
  "pos_r_squared": 0.9932917356491089,
  "r_squared": 0.9934185147285461
}