{
  "pattern": "( rough| dolls|om| would| stub)",
  "pos_r_squared": 0.9985600113868713,
  "r_squared": 0.9981622099876404
}