{
  "pattern": "(Me|me| hero| agrees| mate)",
  "pos_r_squared": 0.9923099279403687,
  "r_squared": 0.9923038482666016
}