{
  "pattern": "( cozy|fy| bur| loving| snug)",
  "pos_r_squared": 0.9989678263664246,
  "r_squared": 0.9987635016441345
}