{
  "pattern": "( bat| cro| bats|ork|Sw)",
  "pos_r_squared": 0.9985034465789795,
  "r_squared": 0.9983474612236023
}