{
  "pattern": "( anyone|est| were| anybody| else)",
  "pos_r_squared": 0.9971612691879272,
  "r_squared": 0.9967508316040039
}