{
  "pattern": "('ll|'d| gonna|'ve| coaster)",
  "pos_r_squared": 0.9983996748924255,
  "r_squared": 0.9984870553016663
}