{
  "pattern": "( sh| Only)",
  "pos_r_squared": 0.9987835884094238,
  "r_squared": 0.9991143941879272
}