{
  "pattern": "( nervous| nervously| blinking| Glow| students)",
  "pos_r_squared": 0.9986957311630249,
  "r_squared": 0.9983862638473511
}