{
  "pattern": "( carrot| root|ish| roots| cord)",
  "pos_r_squared": 0.9972929954528809,
  "r_squared": 0.9975412487983704
}