{
  "pattern": "(ir| t| scam| mer| ob)",
  "pos_r_squared": 0.9957922697067261,
  "r_squared": 0.9954200387001038
}