{
  "pattern": "( sang|Look| a| sings| here)",
  "pos_r_squared": 0.9922987818717957,
  "r_squared": 0.9948759078979492
}