{
  "pattern": "(tub| expecting| raft| ig| f)",
  "pos_r_squared": 0.9928538799285889,
  "r_squared": 0.992616593837738
}