{
  "pattern": "( calm| 4| calmed| ost| footsteps)",
  "pos_r_squared": 0.9964525103569031,
  "r_squared": 0.9948784708976746
}