{
  "pattern": "( loyal| squee| golden| royal| Loyal)",
  "pos_r_squared": 0.9987224340438843,
  "r_squared": 0.9981909990310669
}