{
  "pattern": "(Of| hon|Sur| party| being)",
  "pos_r_squared": 0.9949884414672852,
  "r_squared": 0.994932234287262
}