{
  "pattern": "( pay| waist| paid| apr| paying)",
  "pos_r_squared": 0.9939092397689819,
  "r_squared": 0.9938846230506897
}