{
  "pattern": "( nos| buys| are| stool| Nos)",
  "pos_r_squared": 0.9990401864051819,
  "r_squared": 0.9989892840385437
}