{
  "pattern": "( easy| easier| wa| simple| quick)",
  "pos_r_squared": 0.9992738962173462,
  "r_squared": 0.9986627697944641
}