{
  "pattern": "( nut|orn| jar| present| ze)",
  "pos_r_squared": 0.9982061982154846,
  "r_squared": 0.9982260465621948
}