{
  "pattern": "(\\n|One| So|M| felt)",
  "pos_r_squared": 0.9824294447898865,
  "r_squared": 0.3224071264266968
}