{
  "pattern": "( selfish| cubes| dull| greedy| lied)",
  "pos_r_squared": 0.9968486428260803,
  "r_squared": 0.9966916441917419
}