{
  "pattern": "(board|boards| cabinets|Da| Wed)",
  "pos_r_squared": 0.9967994689941406,
  "r_squared": 0.9963539242744446
}