{
  "pattern": "( egg|Prin| hatch| loaf| creation)",
  "pos_r_squared": 0.9989463090896606,
  "r_squared": 0.998584508895874
}