{
  "pattern": "( market| seller| Spot| fruit| conductor)",
  "pos_r_squared": 0.9977830052375793,
  "r_squared": 0.9966363906860352
}