{
  "pattern": "(S|J|Jim|ally|P)",
  "pos_r_squared": 0.9940354824066162,
  "r_squared": 0.5757096409797668
}