{
  "pattern": "( glass| gul| wasted| shaving| suck)",
  "pos_r_squared": 0.998250424861908,
  "r_squared": 0.9981488585472107
}