{
  "pattern": "( holding| hugging| staring| Sara| animal)",
  "pos_r_squared": 0.9959738850593567,
  "r_squared": 0.9960395097732544
}