{
  "pattern": "( attractive| matters| difference| compassionate| preferred)",
  "pos_r_squared": 0.9986639022827148,
  "r_squared": 0.9978082776069641
}