{
  "pattern": "( joy|ocular|ousel| wig|ST)",
  "pos_r_squared": 0.9990492463111877,
  "r_squared": 0.9982377886772156
}