{
  "pattern": "( person| guy|ork| cold| some)",
  "pos_r_squared": 0.9985997676849365,
  "r_squared": 0.9985559582710266
}