{
  "pattern": "( mixed| tossed|St|sc| messed)",
  "pos_r_squared": 0.9968260526657104,
  "r_squared": 0.9968373775482178
}