{
  "pattern": "( cooler| refrigerator| freezer| hotter| Coc)",
  "pos_r_squared": 0.9928513765335083,
  "r_squared": 0.9930827617645264
}