{
  "pattern": "( plants| early| rise| aer|ics)",
  "pos_r_squared": 0.9952847361564636,
  "r_squared": 0.9950810670852661
}