{
  "pattern": "( polish|ishing| polished| valued| tying)",
  "pos_r_squared": 0.9894607663154602,
  "r_squared": 0.9894603490829468
}