{
  "pattern": "( sun| sunshine|Sun| sunlight| shovel)",
  "pos_r_squared": 0.9988784193992615,
  "r_squared": 0.9987784624099731
}