{
  "pattern": "( impressive| x| wind|upid| unusual)",
  "pos_r_squared": 0.9989272952079773,
  "r_squared": 0.9985133409500122
}