{
  "pattern": "( finger| fingers| popped| g|prise)",
  "pos_r_squared": 0.987354040145874,
  "r_squared": 0.9873281717300415
}