{
  "pattern": "( dizz| crank| wob)",
  "pos_r_squared": 0.9993894100189209,
  "r_squared": 0.9989124536514282
}