{
  "pattern": "( spoiled| little| naughty| was| spoil)",
  "pos_r_squared": 0.9803303480148315,
  "r_squared": 0.9722649455070496
}