{
  "pattern": "( stars| breathed| boats| Stars| planes)",
  "pos_r_squared": 0.99892657995224,
  "r_squared": 0.9983844757080078
}