{
  "pattern": "( frustrated| annoyed| frustration|aney|sticks)",
  "pos_r_squared": 0.9990344047546387,
  "r_squared": 0.998914897441864
}