{
  "pattern": "( stubborn| tug| cre| gle| lever)",
  "pos_r_squared": 0.9938355088233948,
  "r_squared": 0.9922023415565491
}