{
  "pattern": "( kid| scored| guy| did| student)",
  "pos_r_squared": 0.9953907132148743,
  "r_squared": 0.9949436783790588
}