{
  "pattern": "( zoom| buzz| stomp|ooming| scrap)",
  "pos_r_squared": 0.9975714087486267,
  "r_squared": 0.9970483779907227
}