{
  "pattern": "( umbrella|as| shortcut| a|ird)",
  "pos_r_squared": 0.9985345602035522,
  "r_squared": 0.9984198808670044
}