{
  "pattern": "( cannot| shall| grain| swayed| globe)",
  "pos_r_squared": 0.9986456632614136,
  "r_squared": 0.9986795783042908
}