{
  "pattern": "( Suddenly| suddenly|Suddenly| sudden|Wind)",
  "pos_r_squared": 0.9833638668060303,
  "r_squared": 0.980991005897522
}