{
  "pattern": "( pin| pins| crabs|Okay| pupil)",
  "pos_r_squared": 0.9918519854545593,
  "r_squared": 0.9918585419654846
}