{
  "pattern": "( gum|ipop| perfume| shampoo| lipstick)",
  "pos_r_squared": 0.9933291077613831,
  "r_squared": 0.9923028945922852
}