{
  "pattern": "(ing|bing|bling|es| itself)",
  "pos_r_squared": 0.9883708357810974,
  "r_squared": 0.9882720708847046
}