{
  "pattern": "( cone| cones|mine| Chris| structures)",
  "pos_r_squared": 0.9958882331848145,
  "r_squared": 0.9963691830635071
}