{
  "pattern": "( teeth|hy| chests|lers| thing)",
  "pos_r_squared": 0.9990289211273193,
  "r_squared": 0.9985885620117188
}