{
  "pattern": "( lying| written| laying| lump| Looking)",
  "pos_r_squared": 0.9979215264320374,
  "r_squared": 0.9973905682563782
}