{
  "pattern": "( screen| television| magnets| magnet|Show)",
  "pos_r_squared": 0.9949513077735901,
  "r_squared": 0.9947959780693054
}