{
  "pattern": "(b| y| Herb|els| finds)",
  "pos_r_squared": 0.9954315423965454,
  "r_squared": 0.9971445202827454
}