{
  "pattern": "( mill| stone|Yes| grain| wheat)",
  "pos_r_squared": 0.9980865716934204,
  "r_squared": 0.9976159930229187
}