{
  "pattern": "( scare|aring| witch| scared| shake)",
  "pos_r_squared": 0.9933938980102539,
  "r_squared": 0.9934223294258118
}