{
  "pattern": "( chased| chasing|ases| matt|Prin)",
  "pos_r_squared": 0.9986242651939392,
  "r_squared": 0.998504638671875
}