{
  "pattern": "( brilliant| Spark| brighter| Kit| Tw)",
  "pos_r_squared": 0.985082745552063,
  "r_squared": 0.9839472770690918
}