{
  "pattern": "( gun| pistol| guns| lipstick| robbers)",
  "pos_r_squared": 0.99375981092453,
  "r_squared": 0.9919962882995605
}