{
  "pattern": "( rare|boys| large| novel| cel)",
  "pos_r_squared": 0.9984567165374756,
  "r_squared": 0.9978761076927185
}