{
  "pattern": "( sauce| Steve|Steve|ity| Roger)",
  "pos_r_squared": 0.9981306791305542,
  "r_squared": 0.9980460405349731
}