{
  "pattern": "( melt| melting| shrinking| melted| rotting)",
  "pos_r_squared": 0.9838727116584778,
  "r_squared": 0.983855664730072
}