{
  "pattern": "( laughed| laugh| laughing| laughs| gigg)",
  "pos_r_squared": 0.9865127801895142,
  "r_squared": 0.9865659475326538
}