{
  "pattern": "( harmless| wr| ins| frightening| Otherwise)",
  "pos_r_squared": 0.9989116787910461,
  "r_squared": 0.9984381794929504
}