{
  "pattern": "( gift| gifts| grandchildren| Amen| gre)",
  "pos_r_squared": 0.9963178634643555,
  "r_squared": 0.9964104890823364
}