{
  "pattern": "( brush|brush| brushing| loving| wrench)",
  "pos_r_squared": 0.9977999925613403,
  "r_squared": 0.997263491153717
}