{
  "pattern": "(T|F|Cl|D| Fl)",
  "pos_r_squared": 0.9967015385627747,
  "r_squared": 0.9968593716621399
}