{
  "pattern": "( le| pret|Uh| dro| umb)",
  "pos_r_squared": 0.9969737529754639,
  "r_squared": 0.9970090389251709
}