{
  "pattern": "( deaf| ignorant| nos| cheek|vious)",
  "pos_r_squared": 0.9925830364227295,
  "r_squared": 0.9913702011108398
}