{
  "pattern": "( mysterious| mysteries| eerie|umpy|sets)",
  "pos_r_squared": 0.9987205862998962,
  "r_squared": 0.9988008141517639
}