{
  "pattern": "( unique| Need|saw| Tim| pizz)",
  "pos_r_squared": 0.9986949563026428,
  "r_squared": 0.9938287138938904
}