{
  "pattern": "( tri| accidentally|z| slapped| boo)",
  "pos_r_squared": 0.9836625456809998,
  "r_squared": 0.9836068153381348
}