{
  "pattern": "( pale| luggage| receive| received| suitcase)",
  "pos_r_squared": 0.9962130188941956,
  "r_squared": 0.9957319498062134
}