{
  "pattern": "( question| questions| questioned| discoveries|colored)",
  "pos_r_squared": 0.9967730045318604,
  "r_squared": 0.9963976740837097
}