{
  "pattern": "( berries|erry| tea| handsome|raid)",
  "pos_r_squared": 0.9855359792709351,
  "r_squared": 0.9853659272193909
}