{
  "pattern": "( cheerful| smile| bringing|ics|happy)",
  "pos_r_squared": 0.9991602897644043,
  "r_squared": 0.9969598650932312
}