{
  "pattern": "( fan| Woo| fans| bully| matters)",
  "pos_r_squared": 0.9991400241851807,
  "r_squared": 0.9979586005210876
}