{
  "pattern": "( smell| smelling| scent| aroma| state)",
  "pos_r_squared": 0.9977313280105591,
  "r_squared": 0.9971218705177307
}