{
  "pattern": "( stupid|upid|my| My| Around)",
  "pos_r_squared": 0.9988574385643005,
  "r_squared": 0.9986857175827026
}