{
  "pattern": "( will|'ll|OK| t| d)",
  "pos_r_squared": 0.9971163272857666,
  "r_squared": 0.9971069693565369
}