{
  "pattern": "( continued| continue| echoed| bob| repeats)",
  "pos_r_squared": 0.9983947277069092,
  "r_squared": 0.9985079169273376
}