{
  "pattern": "( drew| draws| carved)",
  "pos_r_squared": 0.9983945488929749,
  "r_squared": 0.9976114630699158
}