{
  "pattern": "( fur|ocular| silk| tight|ST)",
  "pos_r_squared": 0.9992848634719849,
  "r_squared": 0.9987897276878357
}