{
  "pattern": "( mind|Mind| is| minded| minds)",
  "pos_r_squared": 0.9984010457992554,
  "r_squared": 0.9984811544418335
}