{
  "pattern": "( tap|et| machines| Pine|ets)",
  "pos_r_squared": 0.98588627576828,
  "r_squared": 0.9857216477394104
}