{
  "pattern": "( lemon|mons|imes| breathed| Spray)",
  "pos_r_squared": 0.9941142201423645,
  "r_squared": 0.9967848062515259
}