{
  "pattern": "(,\"|\",|\\?\"|!\"|!\",)",
  "pos_r_squared": 0.9948025941848755,
  "r_squared": 0.9950271248817444
}