{
  "pattern": "( independent| nothing| not| shoulders| broom)",
  "pos_r_squared": 0.9962149858474731,
  "r_squared": 0.9958075881004333
}