{
  "pattern": "(um| ig| mom| Grand|Mother)",
  "pos_r_squared": 0.9974597096443176,
  "r_squared": 0.9978011846542358
}