{
  "pattern": "(Ben|Jen|Harry| Ben|Mike)",
  "pos_r_squared": 0.9990766048431396,
  "r_squared": 0.712034285068512
}