{
  "pattern": "( ancient| book|oat| mate| records)",
  "pos_r_squared": 0.9989714622497559,
  "r_squared": 0.99821937084198
}