{
  "pattern": "(my| old| cry|m| green)",
  "pos_r_squared": 0.9985852837562561,
  "r_squared": 0.9982067942619324
}