{
  "pattern": "( z| finds| boat| fun| found)",
  "pos_r_squared": 0.997956395149231,
  "r_squared": 0.9968941807746887
}