{
  "pattern": "( bridge|ocular| described| raft|ST)",
  "pos_r_squared": 0.9988832473754883,
  "r_squared": 0.9987950325012207
}