{
  "pattern": "( there| furry| lovely| family| adorable)",
  "pos_r_squared": 0.9837640523910522,
  "r_squared": 0.9038946032524109
}