{
  "pattern": "(i|ifi|lly|ides|ian)",
  "pos_r_squared": 0.9972164630889893,
  "r_squared": 0.9947782754898071
}