{
  "pattern": "(pillar|andy|worm| microscope| insect)",
  "pos_r_squared": 0.9977137446403503,
  "r_squared": 0.9939079880714417
}