{
  "pattern": "( playful| young| seen| an| Our)",
  "pos_r_squared": 0.9989441633224487,
  "r_squared": 0.9933471083641052
}