{
  "pattern": "( fluffy| curly| fuzzy| drifted|resses)",
  "pos_r_squared": 0.9986681938171387,
  "r_squared": 0.9984761476516724
}