{
  "pattern": "( tum| stomach| belly|ys|Mom)",
  "pos_r_squared": 0.9986797571182251,
  "r_squared": 0.9986196160316467
}