{
  "pattern": "( rose| poppy| roses| drifted| strawberry)",
  "pos_r_squared": 0.9986838698387146,
  "r_squared": 0.9985067248344421
}