{
  "pattern": "(Ben|M|obby| was|Bear)",
  "pos_r_squared": 0.9850451946258545,
  "r_squared": 0.8092584013938904
}