{
  "pattern": "( how|How| How| field| Che)",
  "pos_r_squared": 0.9988269805908203,
  "r_squared": 0.9988566637039185
}