{
  "pattern": "( barn| ze|ST| ranch| church)",
  "pos_r_squared": 0.9986442923545837,
  "r_squared": 0.9967384338378906
}