{
  "pattern": "( cookie| cookies| tea| pizza| dance)",
  "pos_r_squared": 0.9979170560836792,
  "r_squared": 0.9974707961082458
}