{
  "pattern": "( mel| pige| cat| bunny| bird)",
  "pos_r_squared": 0.9984503388404846,
  "r_squared": 0.9981216788291931
}