{
  "pattern": "( rug| cube|atted| cubes| pat)",
  "pos_r_squared": 0.9962331056594849,
  "r_squared": 0.9945847988128662
}