{
  "pattern": "( sort| sorting| sorted| rid|Prin)",
  "pos_r_squared": 0.9986035823822021,
  "r_squared": 0.9984816312789917
}