{
  "pattern": "( harsh|\\n| They|y|oat)",
  "pos_r_squared": 0.9973093867301941,
  "r_squared": 0.9988747835159302
}