{
  "pattern": "( Jim|Jim| Ray| rod|Dan)",
  "pos_r_squared": 0.9963674545288086,
  "r_squared": 0.9947879314422607
}