{
  "pattern": "( sky| air| distance| above| ceiling)",
  "pos_r_squared": 0.9926519393920898,
  "r_squared": 0.9927157759666443
}