{
  "pattern": "( wand| gen|Magic| Sparkle| Days)",
  "pos_r_squared": 0.997142493724823,
  "r_squared": 0.9957989454269409
}