{
  "pattern": "( tape|Mike| figured| clues|driver)",
  "pos_r_squared": 0.9839668273925781,
  "r_squared": 0.9839614629745483
}