{
  "pattern": "( goat|igi| goats| Larry| supposed)",
  "pos_r_squared": 0.9975768327713013,
  "r_squared": 0.9947550892829895
}