{
  "pattern": "( spotted| saw)",
  "pos_r_squared": 0.9990606307983398,
  "r_squared": 0.9982324242591858
}