{
  "pattern": "( pole| post|kins| spaces|ays)",
  "pos_r_squared": 0.9901865720748901,
  "r_squared": 0.989917516708374
}