{
  "pattern": "( bow| bows| stamps|ils| re)",
  "pos_r_squared": 0.9956452250480652,
  "r_squared": 0.9895556569099426
}