{
  "pattern": "(ons| magnets| Rain| questions| paper)",
  "pos_r_squared": 0.9878417253494263,
  "r_squared": 0.9873914122581482
}