{
  "pattern": "( suit| suits| borrowed| Leave| torn)",
  "pos_r_squared": 0.9977367520332336,
  "r_squared": 0.997721791267395
}