{
  "pattern": "( cave|Bow| hiding| den| footprints)",
  "pos_r_squared": 0.9858313202857971,
  "r_squared": 0.9812459945678711
}