{
  "pattern": "( pencil| chalk|els|hell|Of)",
  "pos_r_squared": 0.9970287084579468,
  "r_squared": 0.9968796968460083
}