{
  "pattern": "( sock| socks| dots| dot| Sue)",
  "pos_r_squared": 0.990685760974884,
  "r_squared": 0.9903796911239624
}