{
  "pattern": "(ble|bling|bles|bled|iver)",
  "pos_r_squared": 0.9904622435569763,
  "r_squared": 0.9905914068222046
}