{
  "pattern": "( hose| vines| guns| Dot| spray)",
  "pos_r_squared": 0.9970502257347107,
  "r_squared": 0.997419536113739
}