{
  "pattern": "( sunglasses| summer| noon| Nick| surfing)",
  "pos_r_squared": 0.9869067072868347,
  "r_squared": 0.9852324724197388
}