{
  "pattern": "(B|bars| opportunities|ST|O)",
  "pos_r_squared": 0.998654305934906,
  "r_squared": 0.9927473068237305
}