{
  "pattern": "( remember|Remember| remembers| Remember| remembering)",
  "pos_r_squared": 0.9984994530677795,
  "r_squared": 0.9983835816383362
}