{
  "pattern": "( fragile| Cookies|mill|ony)",
  "pos_r_squared": 0.9991511106491089,
  "r_squared": 0.9985848665237427
}