{
  "pattern": "( Don| en|anga|amb|Kn)",
  "pos_r_squared": 0.9975569844245911,
  "r_squared": 0.9980349540710449
}