{
  "pattern": "( belt| mineral| steel| minerals| cre)",
  "pos_r_squared": 0.9915651082992554,
  "r_squared": 0.9908317923545837
}