{
  "pattern": "( uncomfortable| independence|Ble| addition| pile)",
  "pos_r_squared": 0.9991598725318909,
  "r_squared": 0.9987709522247314
}