{
  "pattern": "( kick| kicking|Dan|poke|avi)",
  "pos_r_squared": 0.9981827735900879,
  "r_squared": 0.9957094788551331
}