{
  "pattern": "(Are| Are| weren| Isn|Am)",
  "pos_r_squared": 0.9907838702201843,
  "r_squared": 0.990856409072876
}