{
  "pattern": "( bean|alk)",
  "pos_r_squared": 0.9969645142555237,
  "r_squared": 0.9976269602775574
}