{
  "pattern": "( ducks| duck| Fin| gir| pige)",
  "pos_r_squared": 0.9963274002075195,
  "r_squared": 0.9948096871376038
}