{
  "pattern": "( sp| L| Spe| pe| De)",
  "pos_r_squared": 0.998418390750885,
  "r_squared": 0.9822360873222351
}