{
  "pattern": "( barn| ranch| seen| hi| builders)",
  "pos_r_squared": 0.9986366033554077,
  "r_squared": 0.9966775178909302
}