{
  "pattern": "( pretended| pretending|ends| imagining| pretend)",
  "pos_r_squared": 0.9973198771476746,
  "r_squared": 0.9977484345436096
}