{
  "pattern": "( stove| screens| ze| chicken|Tim)",
  "pos_r_squared": 0.9986703991889954,
  "r_squared": 0.9970921874046326
}