{
  "pattern": "( Everywhere| Linda|hole| gardens|where)",
  "pos_r_squared": 0.9983376860618591,
  "r_squared": 0.9983161091804504
}