{
  "pattern": "( Sammy| Joey| Tommy| Jackie| Simon)",
  "pos_r_squared": 0.9875821471214294,
  "r_squared": 0.9877598881721497
}