{
  "pattern": "( roof|ney|arm| per| spies)",
  "pos_r_squared": 0.9906153082847595,
  "r_squared": 0.9897549152374268
}