{
  "pattern": "( competitive| curious| bear| mate| bike)",
  "pos_r_squared": 0.998360812664032,
  "r_squared": 0.9983904361724854
}