{
  "pattern": "( f| hang| hung| shiny| sticking)",
  "pos_r_squared": 0.9903296828269958,
  "r_squared": 0.9902536273002625
}