{
  "pattern": "( bake|akers)",
  "pos_r_squared": 0.9977608323097229,
  "r_squared": 0.9953082203865051
}