{
  "pattern": "( cable| chain| network| Finn| vines)",
  "pos_r_squared": 0.9845553636550903,
  "r_squared": 0.9842061996459961
}