{
  "pattern": "( cereal| cel| er| pizza| y)",
  "pos_r_squared": 0.9988067746162415,
  "r_squared": 0.9964892864227295
}