{
  "pattern": "( send| sent| blown| mailed| sending)",
  "pos_r_squared": 0.9949339628219604,
  "r_squared": 0.9948764443397522
}