{
  "pattern": "( taking| Taking| letting| visiting| grandchildren)",
  "pos_r_squared": 0.9957283735275269,
  "r_squared": 0.996148943901062
}