{
  "pattern": "( ears| ear| inches| pretended| ability)",
  "pos_r_squared": 0.9970364570617676,
  "r_squared": 0.9970455765724182
}