{
  "pattern": "(Once| once|B|On| lonely)",
  "pos_r_squared": 0.9999046921730042,
  "r_squared": 0.9990538954734802
}