{
  "pattern": "( mighty| powerful| fierce| giant| soldier)",
  "pos_r_squared": 0.9956390261650085,
  "r_squared": 0.9900336265563965
}