{
  "pattern": "( scissors| wink| arrows| whispers|issors)",
  "pos_r_squared": 0.9980201721191406,
  "r_squared": 0.9981225728988647
}