{
  "pattern": "( gifted| gifts|For| cage| bodies)",
  "pos_r_squared": 0.9971647262573242,
  "r_squared": 0.9915890097618103
}