{
  "pattern": "( palace| brick|als| bricks| cre)",
  "pos_r_squared": 0.9835293889045715,
  "r_squared": 0.9819006323814392
}