{
  "pattern": "( dough| polar| structures|corn|ST)",
  "pos_r_squared": 0.9990316033363342,
  "r_squared": 0.9983251094818115
}