{
  "pattern": "( One|Look|Then| a| hungry)",
  "pos_r_squared": 0.9964455366134644,
  "r_squared": 0.9936819076538086
}