{
  "pattern": "( taxi|anny|less|ides| taxis)",
  "pos_r_squared": 0.9986154437065125,
  "r_squared": 0.9981261491775513
}