{
  "pattern": "( Sometimes|Sometimes| sometimes| closely| changed)",
  "pos_r_squared": 0.9954663515090942,
  "r_squared": 0.9910311698913574
}