{
  "pattern": "( intelligent| food| loyalty| fruits| intelligence)",
  "pos_r_squared": 0.9872507452964783,
  "r_squared": 0.9982946515083313
}