{
  "pattern": "(b| cars| B| seaw| pet)",
  "pos_r_squared": 0.9974411725997925,
  "r_squared": 0.9966450929641724
}