{
  "pattern": "( spaghetti| carpet| steam| skirt|ions)",
  "pos_r_squared": 0.9819215536117554,
  "r_squared": 0.9815890192985535
}