{
  "pattern": "( pumpkin|kins| eight| snowy|melon)",
  "pos_r_squared": 0.9917343854904175,
  "r_squared": 0.9898476600646973
}