{
  "pattern": "(Bob|Why| Bob|Fin| Around)",
  "pos_r_squared": 0.9936999082565308,
  "r_squared": 0.9942881464958191
}