{
  "pattern": "( welcome|Welcome| welcomed| Welcome| Nice)",
  "pos_r_squared": 0.9931082725524902,
  "r_squared": 0.9930480718612671
}