{
  "pattern": "( boring| because| stayed| preferred| dull)",
  "pos_r_squared": 0.998622715473175,
  "r_squared": 0.9969708919525146
}