{
  "pattern": "( enjoyed| enjoy| angels| supported| enjoying)",
  "pos_r_squared": 0.9976443648338318,
  "r_squared": 0.9986732602119446
}