{
  "pattern": "( dead|Instead|rog| craw| imaginary)",
  "pos_r_squared": 0.9989928603172302,
  "r_squared": 0.9986600875854492
}