{
  "pattern": "( hipp| ha| tort| self|After)",
  "pos_r_squared": 0.998127281665802,
  "r_squared": 0.9969358444213867
}