{
  "pattern": "( spear| peppers| spears| near| Mos)",
  "pos_r_squared": 0.997979998588562,
  "r_squared": 0.9975335001945496
}