{
  "pattern": "( stumbled| stumble| Bing|lim| stub)",
  "pos_r_squared": 0.9973958730697632,
  "r_squared": 0.9974598288536072
}