{
  "pattern": "( meat| pur| blood| boss| animals)",
  "pos_r_squared": 0.994940459728241,
  "r_squared": 0.9949182271957397
}