{
  "pattern": "( hello| hi| Amen)",
  "pos_r_squared": 0.9970116019248962,
  "r_squared": 0.9966617822647095
}