{
  "pattern": "(L| L| Lydia|ige| real)",
  "pos_r_squared": 0.9994774460792542,
  "r_squared": 0.9990471601486206
}