{
  "pattern": "( thoughtful| gul| inspected| inspect| Mos)",
  "pos_r_squared": 0.9992039203643799,
  "r_squared": 0.9974574446678162
}