{
  "pattern": "( pine| bye| Gem| rubber| bear)",
  "pos_r_squared": 0.9986462593078613,
  "r_squared": 0.9982112050056458
}