{
  "pattern": "(flower| flower|owers|man| got)",
  "pos_r_squared": 0.9973520636558533,
  "r_squared": 0.9957489371299744
}