{
  "pattern": "( knot|aces| mistakes| knots| notes)",
  "pos_r_squared": 0.9944681525230408,
  "r_squared": 0.9944785833358765
}