{
  "pattern": "( hoop| hoops|alks| drum| messing)",
  "pos_r_squared": 0.9977719187736511,
  "r_squared": 0.9983729720115662
}