{
  "pattern": "( mind| Mind|Mind| minded| lose)",
  "pos_r_squared": 0.9966789484024048,
  "r_squared": 0.997062623500824
}