{
  "pattern": "( pirate| pirates| mate| porch| cowboy)",
  "pos_r_squared": 0.9977089166641235,
  "r_squared": 0.9960781335830688
}