{
  "pattern": "( match| Match|match| Mind|Friends)",
  "pos_r_squared": 0.996335506439209,
  "r_squared": 0.996269702911377
}