{
  "pattern": "( queen| Queen| queens|Queen| Amen)",
  "pos_r_squared": 0.9989112019538879,
  "r_squared": 0.9969711899757385
}