{
  "pattern": "( card| tray| invitation| ticket| give)",
  "pos_r_squared": 0.9986868500709534,
  "r_squared": 0.9982852935791016
}