{
  "pattern": "( oct| Spe| ostr|Spe| muscle)",
  "pos_r_squared": 0.9906444549560547,
  "r_squared": 0.9897556304931641
}