{
  "pattern": "( times| time|Like| lined|ics)",
  "pos_r_squared": 0.9987686276435852,
  "r_squared": 0.9984110593795776
}