{
  "pattern": "( such| grab|N| really| As)",
  "pos_r_squared": 0.9874229431152344,
  "r_squared": 0.9883869886398315
}