{
  "pattern": "( pen| pens|alks| water| magn)",
  "pos_r_squared": 0.9970917701721191,
  "r_squared": 0.9962178468704224
}