{
  "pattern": "( much| badly| favorite| real| lot)",
  "pos_r_squared": 0.9996025562286377,
  "r_squared": 0.9996137022972107
}