{
  "pattern": "( brilliant|Su| particular|Prin| Gru)",
  "pos_r_squared": 0.9977901577949524,
  "r_squared": 0.9973697662353516
}