{
  "pattern": "( violin|ectar| instruments| baskets| heels)",
  "pos_r_squared": 0.9962338209152222,
  "r_squared": 0.9956589341163635
}