{
  "pattern": "( sniff| wondering|Sp| unw|iffs)",
  "pos_r_squared": 0.9928555488586426,
  "r_squared": 0.9927876591682434
}