{
  "pattern": "( wardrobe| cabinet| swings| balloons| parties)",
  "pos_r_squared": 0.983820915222168,
  "r_squared": 0.9827718138694763
}