{
  "pattern": "( popcorn| microwave|corn| kernels| Grand)",
  "pos_r_squared": 0.9981126189231873,
  "r_squared": 0.9983782768249512
}