{
  "pattern": "( poke| poked| poking| pe|eking)",
  "pos_r_squared": 0.9828373193740845,
  "r_squared": 0.9828220009803772
}