{
  "pattern": "( dream| dreamed| dreams| nightmare| dreaming)",
  "pos_r_squared": 0.9880003333091736,
  "r_squared": 0.9870012402534485
}