{
  "pattern": "( jumping| Wh| bouncing| L|Tyler)",
  "pos_r_squared": 0.994905948638916,
  "r_squared": 0.9945501089096069
}