{
  "pattern": "( peaceful| quiet| every| n| gul)",
  "pos_r_squared": 0.9963380694389343,
  "r_squared": 0.993434727191925
}