{
  "pattern": "( able| adult|itt| pige| y)",
  "pos_r_squared": 0.9986582398414612,
  "r_squared": 0.9986425638198853
}