{
  "pattern": "( obedient|ver|Sit|Circ| rules)",
  "pos_r_squared": 0.9990678429603577,
  "r_squared": 0.9976305365562439
}