{
  "pattern": "( garage| basement| builders|Dad| nos)",
  "pos_r_squared": 0.9987518191337585,
  "r_squared": 0.9983264803886414
}