{
  "pattern": "( honest| depend| truth| generous| polar)",
  "pos_r_squared": 0.9983603954315186,
  "r_squared": 0.9981153607368469
}