{
  "pattern": "( radio| machines| manner| totally| grandchildren)",
  "pos_r_squared": 0.9990818500518799,
  "r_squared": 0.9986966848373413
}