{
  "pattern": "( graceful| loaf| boat| supportive| markings)",
  "pos_r_squared": 0.9982949495315552,
  "r_squared": 0.9950619339942932
}