{
  "pattern": "( glue| icing| crafts|scope| depend)",
  "pos_r_squared": 0.9976921081542969,
  "r_squared": 0.9975979328155518
}