{
  "pattern": "( stand| arm| reach|ive| seller)",
  "pos_r_squared": 0.9880864024162292,
  "r_squared": 0.9864301085472107
}