{
  "pattern": "( en| ig| av| Rel| topp)",
  "pos_r_squared": 0.9989120364189148,
  "r_squared": 0.9989171624183655
}