{
  "pattern": "(ipp|ige| ice| cater| consider)",
  "pos_r_squared": 0.9992691874504089,
  "r_squared": 0.9990724921226501
}