{
  "pattern": "( nail| ink| copper| nails| spiders)",
  "pos_r_squared": 0.9821864366531372,
  "r_squared": 0.9817476272583008
}