{
  "pattern": "( tag| flyer| Butter| Tag|ids)",
  "pos_r_squared": 0.9989965558052063,
  "r_squared": 0.9967875480651855
}