{
  "pattern": "( peanut| peanuts|anut| gems| tremb)",
  "pos_r_squared": 0.9888477921485901,
  "r_squared": 0.988224446773529
}