{
  "pattern": "(Come| Come|Mom|loe|\\.)",
  "pos_r_squared": 0.9908528923988342,
  "r_squared": 0.9923755526542664
}