{
  "pattern": "(ppy|umpy| Penny|oppy|ty)",
  "pos_r_squared": 0.9918890595436096,
  "r_squared": 0.9921349287033081
}