{
  "pattern": "( magical| wand|rings| stuck| enchanted)",
  "pos_r_squared": 0.9987088441848755,
  "r_squared": 0.9986888766288757
}