{
  "pattern": "( named| called| friendly| cute| j)",
  "pos_r_squared": 0.9913684129714966,
  "r_squared": 0.9480867981910706
}