{
  "pattern": "( burn| burning| burned| hurting| flames)",
  "pos_r_squared": 0.9909881949424744,
  "r_squared": 0.9910882711410522
}