{
  "pattern": "( helicopter| helicopters| fixes| witches)",
  "pos_r_squared": 0.997743546962738,
  "r_squared": 0.9939436912536621
}