{
  "pattern": "( daughter| attracted| sons| react)",
  "pos_r_squared": 0.9986974000930786,
  "r_squared": 0.9938170313835144
}