{
  "pattern": "( cater| hairst| She| gave| Cater)",
  "pos_r_squared": 0.9839062690734863,
  "r_squared": 0.998044490814209
}