{
  "pattern": "( clown| Like|Un|Like| mood)",
  "pos_r_squared": 0.9968791604042053,
  "r_squared": 0.9954056143760681
}