{
  "pattern": "( thirsty| camel| chefs| felt| sweat)",
  "pos_r_squared": 0.9986156821250916,
  "r_squared": 0.9989519715309143
}