{
  "pattern": "( oy| finds|\\n| bra| falls)",
  "pos_r_squared": 0.995644748210907,
  "r_squared": 0.9947429895401001
}