{
  "pattern": "( track| tracks| named|udd| ramp)",
  "pos_r_squared": 0.9959048628807068,
  "r_squared": 0.9957596063613892
}