{
  "pattern": "(ber| black|-|eb| Ring)",
  "pos_r_squared": 0.9886344075202942,
  "r_squared": 0.9845938086509705
}