{
  "pattern": "( costume| costumes| masks| clothing|che)",
  "pos_r_squared": 0.9974562525749207,
  "r_squared": 0.9965336918830872
}