{
  "pattern": "( To|To|to|elvet|ible)",
  "pos_r_squared": 0.9989324808120728,
  "r_squared": 0.9987713694572449
}