{
  "pattern": "( sugar| shrunk| grain| wax| av)",
  "pos_r_squared": 0.9979653358459473,
  "r_squared": 0.9976078271865845
}