{
  "pattern": "( chain| jets| tower| belt| scarf)",
  "pos_r_squared": 0.995421290397644,
  "r_squared": 0.9942383766174316
}