{
  "pattern": "( witch| desert| woman| ghost| bored)",
  "pos_r_squared": 0.9972859621047974,
  "r_squared": 0.9942218065261841
}