{
  "pattern": "( pengu| ge|ho| rac| peac)",
  "pos_r_squared": 0.9907386302947998,
  "r_squared": 0.990597128868103
}