{
  "pattern": "('re| loving| steering| aren| builders)",
  "pos_r_squared": 0.9960176944732666,
  "r_squared": 0.9965395331382751
}