{
  "pattern": "( promised| vowed| promises| promising)",
  "pos_r_squared": 0.9989383220672607,
  "r_squared": 0.9985612034797668
}