{
  "pattern": "(affle|affles| Happy|ler|eb)",
  "pos_r_squared": 0.9969018697738647,
  "r_squared": 0.996027410030365
}