{
  "pattern": "( unusual|ush|ST| appearance|fall)",
  "pos_r_squared": 0.9993016719818115,
  "r_squared": 0.9987720251083374
}