{
  "pattern": "( anxious| boss| counts| Grand| knowledge)",
  "pos_r_squared": 0.9987308979034424,
  "r_squared": 0.9974331259727478
}