{
  "pattern": "( adventurous| explorer| many| adventurer| sings)",
  "pos_r_squared": 0.9956600069999695,
  "r_squared": 0.9896814227104187
}