{
  "pattern": "( scarf| Brush| teeth| gul|fs)",
  "pos_r_squared": 0.99795001745224,
  "r_squared": 0.9952571392059326
}