{
  "pattern": "( prize|Of|bows| fits| cheers)",
  "pos_r_squared": 0.987001895904541,
  "r_squared": 0.9875593185424805
}