{
  "pattern": "( joy| delight| luck| pride|lee)",
  "pos_r_squared": 0.9817107915878296,
  "r_squared": 0.98174649477005
}