{
  "pattern": "( impatient| annoying| robot|oop| anx)",
  "pos_r_squared": 0.9958392381668091,
  "r_squared": 0.9970817565917969
}