{
  "pattern": "( wrap| suits| ties| wraps|ury)",
  "pos_r_squared": 0.9972892999649048,
  "r_squared": 0.9974629282951355
}