{
  "pattern": "( trick| project| 10| tricked| scare)",
  "pos_r_squared": 0.9895167946815491,
  "r_squared": 0.9895604848861694
}