{
  "pattern": "( hook| Buddy| Jerry|kids| hooks)",
  "pos_r_squared": 0.9981094598770142,
  "r_squared": 0.9971757531166077
}