{
  "pattern": "( whole| entire| underground| empty| three)",
  "pos_r_squared": 0.9975553154945374,
  "r_squared": 0.9911653995513916
}