{
  "pattern": "( par| gir| Around| por| Par)",
  "pos_r_squared": 0.9993975162506104,
  "r_squared": 0.9983646273612976
}