{
  "pattern": "( h| Use|Use|sh|ne)",
  "pos_r_squared": 0.9991940259933472,
  "r_squared": 0.9988575577735901
}