{
  "pattern": "( bored| wishing| witch|Found| Amen)",
  "pos_r_squared": 0.9993411898612976,
  "r_squared": 0.9990841150283813
}