{
  "pattern": "( yogurt| creamy| melting| fit| mil)",
  "pos_r_squared": 0.9987581968307495,
  "r_squared": 0.9982736706733704
}