{
  "pattern": "( nice| lovely| peaceful|olly| love)",
  "pos_r_squared": 0.9907569289207458,
  "r_squared": 0.9904505014419556
}