{
  "pattern": "(Is| Is|Gr| blocking| Gr)",
  "pos_r_squared": 0.9900795817375183,
  "r_squared": 0.9900753498077393
}