{
  "pattern": "(opl|oun|acht|Wo|sh)",
  "pos_r_squared": 0.9988186955451965,
  "r_squared": 0.998411238193512
}