{
  "pattern": "(oll|Lu| y|ang|udd)",
  "pos_r_squared": 0.9957167506217957,
  "r_squared": 0.9961526989936829
}