{
  "pattern": "( loyal| fierce| determined| loving| pup)",
  "pos_r_squared": 0.9951899647712708,
  "r_squared": 0.9654474854469299
}