{
  "pattern": "(\\.|,| to| and| a)",
  "pos_r_squared": 0.9984747767448425,
  "r_squared": 0.728034496307373
}