{
  "pattern": "( as| figures|ids| beads|Only)",
  "pos_r_squared": 0.9987342357635498,
  "r_squared": 0.9989871382713318
}