{
  "pattern": "(Where| Where| balloon| could| signal)",
  "pos_r_squared": 0.9937425255775452,
  "r_squared": 0.9939625263214111
}