{
  "pattern": "( tray| vendor| Al| Ally| cones)",
  "pos_r_squared": 0.9837753176689148,
  "r_squared": 0.9833146333694458
}