{
  "pattern": "( mole| th| roses|St| tro)",
  "pos_r_squared": 0.9911826252937317,
  "r_squared": 0.9903444051742554
}