{
  "pattern": "( fierce| r| fireplace| fle| During)",
  "pos_r_squared": 0.995071530342102,
  "r_squared": 0.9932090640068054
}