{
  "pattern": "( dinosaur| dinosaurs| elephant| pand| dragon)",
  "pos_r_squared": 0.9949843287467957,
  "r_squared": 0.9930539131164551
}