{
  "pattern": "( wing| leg| knee| arm| family)",
  "pos_r_squared": 0.9806900024414062,
  "r_squared": 0.9554281234741211
}