{
  "pattern": "( drum| He| microwave| dance| drums)",
  "pos_r_squared": 0.9939608573913574,
  "r_squared": 0.995368480682373
}