{
  "pattern": "( turkey| beef| ste| talk| more)",
  "pos_r_squared": 0.9950774908065796,
  "r_squared": 0.9938012361526489
}