{
  "pattern": "( anchor| forehead|otion| lever| matter)",
  "pos_r_squared": 0.9955075979232788,
  "r_squared": 0.9952444434165955
}