{
  "pattern": "(ade|aking|ir|bling|Of)",
  "pos_r_squared": 0.984027624130249,
  "r_squared": 0.990619421005249
}