{
  "pattern": "( tease| teasing| teaching| joked| teased)",
  "pos_r_squared": 0.9935442209243774,
  "r_squared": 0.9936190247535706
}