{
  "pattern": "( good|es| sense| much| moving)",
  "pos_r_squared": 0.9995707273483276,
  "r_squared": 0.9995715022087097
}