{
  "pattern": "( letter|O|kin| Wed|Prin)",
  "pos_r_squared": 0.9979957938194275,
  "r_squared": 0.9964789748191833
}