{
  "pattern": "( sunshine| tide| sunlight| humans|beam)",
  "pos_r_squared": 0.9985610842704773,
  "r_squared": 0.9977107644081116
}