{
  "pattern": "(B| seaw|O| seek|ever)",
  "pos_r_squared": 0.9974334239959717,
  "r_squared": 0.9865979552268982
}