{
  "pattern": "( caul|flower|aul| er| for)",
  "pos_r_squared": 0.9986928105354309,
  "r_squared": 0.9988232851028442
}