{
  "pattern": "( cage| seed|c| honey| The)",
  "pos_r_squared": 0.994219183921814,
  "r_squared": 0.9951233863830566
}