{
  "pattern": "( cross| leaning| crossing| pretty| moons)",
  "pos_r_squared": 0.9952525496482849,
  "r_squared": 0.9953092932701111
}