{
  "pattern": "(orn|orns|ishes|hes|ags)",
  "pos_r_squared": 0.9928870797157288,
  "r_squared": 0.9929247498512268
}