{
  "pattern": "( pillow| shortcut| ramp|ast)",
  "pos_r_squared": 0.996720552444458,
  "r_squared": 0.9964358806610107
}