{
  "pattern": "( factory| doing| caul| noise|auc)",
  "pos_r_squared": 0.9974494576454163,
  "r_squared": 0.9968881011009216
}