{
  "pattern": "( runs| Robbie|ipper)",
  "pos_r_squared": 0.9982115030288696,
  "r_squared": 0.9981255531311035
}