{
  "pattern": "( chest|book| watch|ground| would)",
  "pos_r_squared": 0.9940423965454102,
  "r_squared": 0.9978378415107727
}