{
  "pattern": "( glass| glasses|ifying|ocular| diaper)",
  "pos_r_squared": 0.9982607364654541,
  "r_squared": 0.9981896281242371
}