{
  "pattern": "( shrimp| cricket| broccoli|ps| March)",
  "pos_r_squared": 0.9959470629692078,
  "r_squared": 0.9935321807861328
}