{
  "pattern": "( grew| dirty| grows|rier| ste)",
  "pos_r_squared": 0.9959756135940552,
  "r_squared": 0.996583104133606
}