{
  "pattern": "(ila|ira| annoying| green|en)",
  "pos_r_squared": 0.9897881150245667,
  "r_squared": 0.6986157894134521
}