{
  "pattern": "( er| Cl| Er| goes|ogs)",
  "pos_r_squared": 0.9990504384040833,
  "r_squared": 0.9983254671096802
}