{
  "pattern": "( curtain| curtains| cup| sheet|flower)",
  "pos_r_squared": 0.9974751472473145,
  "r_squared": 0.9971491098403931
}