{
  "pattern": "( pr| bub| unw|chie| bra)",
  "pos_r_squared": 0.9956662058830261,
  "r_squared": 0.99561607837677
}