{
  "pattern": "( Zoom| sizes| ang| matters| hi)",
  "pos_r_squared": 0.9970214366912842,
  "r_squared": 0.9886190891265869
}