{
  "pattern": "( low| hopeful| lowest| checks| tall)",
  "pos_r_squared": 0.9993006587028503,
  "r_squared": 0.9992387294769287
}