{
  "pattern": "( fridge|ittens|idge|ST)",
  "pos_r_squared": 0.9984070062637329,
  "r_squared": 0.9978743195533752
}