{
  "pattern": "(room|row| cute| eleven| rabbit)",
  "pos_r_squared": 0.9984256029129028,
  "r_squared": 0.9987626671791077
}