{
  "pattern": "(Let| Let| oct| Can| three)",
  "pos_r_squared": 0.9970793128013611,
  "r_squared": 0.997045636177063
}