{
  "pattern": "( almost| before| nearly| Fl| same)",
  "pos_r_squared": 0.9945759773254395,
  "r_squared": 0.9978017210960388
}