{
  "pattern": "( forth|Together| air| horizon| Together)",
  "pos_r_squared": 0.995661199092865,
  "r_squared": 0.9959709644317627
}