{
  "pattern": "( wealthy| light| halves|ed| toys)",
  "pos_r_squared": 0.9922914505004883,
  "r_squared": 0.9938437938690186
}