{
  "pattern": "( bin|th| rubbish| bins|ST)",
  "pos_r_squared": 0.9982918500900269,
  "r_squared": 0.9975798726081848
}