{
  "pattern": "( piano| pans| drum| barrel| answering)",
  "pos_r_squared": 0.9979532361030579,
  "r_squared": 0.9982265830039978
}