{
  "pattern": "( gir| has|ull| pearl| crab)",
  "pos_r_squared": 0.9814123511314392,
  "r_squared": 0.979799747467041
}