{
  "pattern": "( jet| sails| jets| Jet|ettle)",
  "pos_r_squared": 0.9965596795082092,
  "r_squared": 0.9960408806800842
}