{
  "pattern": "( soar| soared| soaring|vious| eagle)",
  "pos_r_squared": 0.9928350448608398,
  "r_squared": 0.9928306937217712
}