{
  "pattern": "( bald| Whe| sne| necks| shave)",
  "pos_r_squared": 0.9960448145866394,
  "r_squared": 0.9955539107322693
}