{
  "pattern": "( helmet| fuel| bike| helmets| mate)",
  "pos_r_squared": 0.9919568300247192,
  "r_squared": 0.9913775324821472
}