{
  "pattern": "( wheat| Wheat| pretended| sew| dis)",
  "pos_r_squared": 0.9984046816825867,
  "r_squared": 0.9981957674026489
}