{
  "pattern": "( leaned| lean| leaning| leans| handles)",
  "pos_r_squared": 0.9987743496894836,
  "r_squared": 0.9988988041877747
}