{
  "pattern": "( smelled| smells|elt|Conf| wasn)",
  "pos_r_squared": 0.996702253818512,
  "r_squared": 0.9966531991958618
}