{
  "pattern": "( knob| Herb|obs| lamps|et)",
  "pos_r_squared": 0.9981861114501953,
  "r_squared": 0.997933030128479
}