{
  "pattern": "( heal| healed| healing| Cathy| repair)",
  "pos_r_squared": 0.9973640441894531,
  "r_squared": 0.9972398281097412
}