{
  "pattern": "( crystal| crystals| mysterious| my| cam)",
  "pos_r_squared": 0.9992801547050476,
  "r_squared": 0.9990043044090271
}