{
  "pattern": "( movie| movies|light|Adam| firefighters)",
  "pos_r_squared": 0.9970442652702332,
  "r_squared": 0.9969936013221741
}