{
  "pattern": "(ubby|,|od|ci|sy)",
  "pos_r_squared": 0.988757312297821,
  "r_squared": 0.9917712211608887
}