{
  "pattern": "( drum| drums|ophone| messed| bells)",
  "pos_r_squared": 0.998301088809967,
  "r_squared": 0.9967818856239319
}