{
  "pattern": "(M|Joe|andy|Lu|D)",
  "pos_r_squared": 0.9952755570411682,
  "r_squared": 0.11551755666732788
}