{
  "pattern": "( moral| teaches| is|And|oral)",
  "pos_r_squared": 0.9988783597946167,
  "r_squared": 0.9989671111106873
}