{
  "pattern": "( wearing| wears| particularly| flashed| screams)",
  "pos_r_squared": 0.9941180944442749,
  "r_squared": 0.9945949912071228
}