{
  "pattern": "( John| fascinated| spe| Tim| worn)",
  "pos_r_squared": 0.9891560673713684,
  "r_squared": 0.9896390438079834
}