{
  "pattern": "( tank| bones| pets| dinosaurs| Tara)",
  "pos_r_squared": 0.981872022151947,
  "r_squared": 0.9804670810699463
}