{
  "pattern": "(igator| Woo|oly|ly|igators)",
  "pos_r_squared": 0.9985682368278503,
  "r_squared": 0.9960839152336121
}