{
  "pattern": "( weak| matters|Run| unlucky| jaws)",
  "pos_r_squared": 0.9938927888870239,
  "r_squared": 0.9950944185256958
}