{
  "pattern": "( high| higher| highest| succeeded| tangled)",
  "pos_r_squared": 0.9993085861206055,
  "r_squared": 0.9992617964744568
}