{
  "pattern": "( adventurous|ics| roller| spe| finds)",
  "pos_r_squared": 0.9980588555335999,
  "r_squared": 0.9973275661468506
}