{
  "pattern": "( hairy| tick|airy| scientist|he)",
  "pos_r_squared": 0.9968727231025696,
  "r_squared": 0.9907135367393494
}