{
  "pattern": "( pit| valley| kicks| fell| mound)",
  "pos_r_squared": 0.9959014654159546,
  "r_squared": 0.9970993995666504
}