{
  "pattern": "( cater| ze| single| particularly| He)",
  "pos_r_squared": 0.9864157438278198,
  "r_squared": 0.9865140914916992
}