{
  "pattern": "( trucks| history| news|iren| memories)",
  "pos_r_squared": 0.9823705554008484,
  "r_squared": 0.9823369383811951
}