{
  "pattern": "( Ch| tr|Help| av|ST)",
  "pos_r_squared": 0.9975743293762207,
  "r_squared": 0.9972277879714966
}