{
  "pattern": "( cocoa| coffee| rising|oa| Tooth)",
  "pos_r_squared": 0.9969798922538757,
  "r_squared": 0.9963165521621704
}