{
  "pattern": "(vious| jealous| park| leaves| empty)",
  "pos_r_squared": 0.9964754581451416,
  "r_squared": 0.9965311884880066
}