{
  "pattern": "( fearful| blinked|lly|paste| fearless)",
  "pos_r_squared": 0.9965068697929382,
  "r_squared": 0.9912887811660767
}