{
  "pattern": "( distant| gazing| passing| staring| gazed)",
  "pos_r_squared": 0.9987956285476685,
  "r_squared": 0.9986094236373901
}