{
  "pattern": "( organized| sure| Jane| different| room)",
  "pos_r_squared": 0.9951570630073547,
  "r_squared": 0.9926566481590271
}