{
  "pattern": "(igg| tasting| Cur| ratt|obb)",
  "pos_r_squared": 0.9982425570487976,
  "r_squared": 0.9975504875183105
}