{
  "pattern": "(,| mom| to|B| a)",
  "pos_r_squared": 0.9983340501785278,
  "r_squared": 0.08654969930648804
}