{
  "pattern": "(Good| smart| ig| great|Great)",
  "pos_r_squared": 0.9959046840667725,
  "r_squared": 0.9962679743766785
}