{
  "pattern": "( dove| down| stool| raven|an)",
  "pos_r_squared": 0.9953359365463257,
  "r_squared": 0.9954051375389099
}