{
  "pattern": "( stared| staring| stare| rocked|Look)",
  "pos_r_squared": 0.9880420565605164,
  "r_squared": 0.9878153800964355
}