{
  "pattern": "( crazy|Bad| furious| craz| Crazy)",
  "pos_r_squared": 0.9983074069023132,
  "r_squared": 0.9981330633163452
}