{
  "pattern": "( scatter| scattered| scattering| displayed| Enjoy)",
  "pos_r_squared": 0.9971458911895752,
  "r_squared": 0.9963533282279968
}