{
  "pattern": "( fle| penn| pige| Fle|ay)",
  "pos_r_squared": 0.9983236193656921,
  "r_squared": 0.9904586672782898
}