{
  "pattern": "(ashed|ashes| av| Tues|Run)",
  "pos_r_squared": 0.9939602613449097,
  "r_squared": 0.9944868087768555
}