{
  "pattern": "( Amy|Amy| Spe| Kim| Alice)",
  "pos_r_squared": 0.9964531660079956,
  "r_squared": 0.9922710061073303
}