{
  "pattern": "( veil| ghost| ghosts|ony|about)",
  "pos_r_squared": 0.9975332617759705,
  "r_squared": 0.9977561831474304
}