{
  "pattern": "( hurts| hurting| dark| scratching| painful)",
  "pos_r_squared": 0.9938156008720398,
  "r_squared": 0.9971075057983398
}