{
  "pattern": "(She| exact|ST|O)",
  "pos_r_squared": 0.9895161390304565,
  "r_squared": 0.9879095554351807
}