{
  "pattern": "( comes|ST| ste|Tyler| escaped)",
  "pos_r_squared": 0.998116135597229,
  "r_squared": 0.9979646801948547
}