{
  "pattern": "( vegetables| instruments| patients| matt| shy)",
  "pos_r_squared": 0.996985673904419,
  "r_squared": 0.9970079660415649
}