{
  "pattern": "( weigh| weighed| cost| weighs| weighing)",
  "pos_r_squared": 0.9969987869262695,
  "r_squared": 0.9968999624252319
}