{
  "pattern": "( serious|eyed| apr| manager|hh)",
  "pos_r_squared": 0.9981897473335266,
  "r_squared": 0.9968770742416382
}