{
  "pattern": "( gifted| expert| talented| bare| mastered)",
  "pos_r_squared": 0.999398946762085,
  "r_squared": 0.9981474876403809
}