{
  "pattern": "(J| models)",
  "pos_r_squared": 0.9989269971847534,
  "r_squared": 0.9975682497024536
}