{
  "pattern": "( onion| axe| iron| da| olive)",
  "pos_r_squared": 0.9812602996826172,
  "r_squared": 0.9804935455322266
}