{
  "pattern": "( troubled|Co|c| generous|que)",
  "pos_r_squared": 0.9982397556304932,
  "r_squared": 0.9951274394989014
}