{
  "pattern": "( amazed| outside| feel| astonished|Tyler)",
  "pos_r_squared": 0.9952698945999146,
  "r_squared": 0.9948838949203491
}