{
  "pattern": "( Jen|ah| Kim|Jen| castles)",
  "pos_r_squared": 0.9986726641654968,
  "r_squared": 0.9967405796051025
}