{
  "pattern": "( ostr| farther|ipp| Whe|tick)",
  "pos_r_squared": 0.9919663667678833,
  "r_squared": 0.9922615885734558
}