{
  "pattern": "( lemon| Oxy| matters|emon|Ice)",
  "pos_r_squared": 0.9980521202087402,
  "r_squared": 0.9977211952209473
}