{
  "pattern": "( record| recorded| recording| recorder|record)",
  "pos_r_squared": 0.9957021474838257,
  "r_squared": 0.9954221844673157
}