{
  "pattern": "( f| jars| reapp| v|andel)",
  "pos_r_squared": 0.9991541504859924,
  "r_squared": 0.9991845488548279
}