{
  "pattern": "( bitter| changing| except)",
  "pos_r_squared": 0.997986376285553,
  "r_squared": 0.9977964758872986
}