{
  "pattern": "( cardboard|'s|up)",
  "pos_r_squared": 0.9978105425834656,
  "r_squared": 0.997641384601593
}