{
  "pattern": "( wallet| videos|ky| Cord| Lung)",
  "pos_r_squared": 0.99754798412323,
  "r_squared": 0.9944121241569519
}