{
  "pattern": "( unusual| grandchildren|ever| ruled| Tues)",
  "pos_r_squared": 0.9974789619445801,
  "r_squared": 0.9935129284858704
}