{
  "pattern": "(Who| Who| who| whoever|Hello)",
  "pos_r_squared": 0.9834012985229492,
  "r_squared": 0.9873964786529541
}