{
  "pattern": "( '| ''|`|\"|ST)",
  "pos_r_squared": 0.9927220940589905,
  "r_squared": 0.993376612663269
}