{
  "pattern": "( stamp| stamps| stamped| clips| hurt)",
  "pos_r_squared": 0.996651828289032,
  "r_squared": 0.9965447187423706
}