{
  "pattern": "( peach|aches|gs| spirit| belly)",
  "pos_r_squared": 0.9958992004394531,
  "r_squared": 0.9944552779197693
}