{
  "pattern": "( police| policeman| obey| flashed|Without)",
  "pos_r_squared": 0.9944623112678528,
  "r_squared": 0.9941556453704834
}