{
  "pattern": "( tunnel|bs| tunnels| bats| tube)",
  "pos_r_squared": 0.998045027256012,
  "r_squared": 0.9981602430343628
}