{
  "pattern": "(When| When|Once| Whenever|By)",
  "pos_r_squared": 0.9985819458961487,
  "r_squared": 0.9982365965843201
}