{
  "pattern": "( creature| creatures| alien| mixture| liquid)",
  "pos_r_squared": 0.9977124929428101,
  "r_squared": 0.9974371790885925
}