{
  "pattern": "( infant| crib| Baby| babies|Baby)",
  "pos_r_squared": 0.9969916343688965,
  "r_squared": 0.9964479804039001
}