{
  "pattern": "( case| cases| engineer)",
  "pos_r_squared": 0.9974604249000549,
  "r_squared": 0.9958069920539856
}