{
  "pattern": "( cane| radios| heels| missed| skeleton)",
  "pos_r_squared": 0.9985813498497009,
  "r_squared": 0.9968578219413757
}