{
  "pattern": "(There|Mike|True|Jud|Here)",
  "pos_r_squared": 0.9976108074188232,
  "r_squared": 0.8991608619689941
}