{
  "pattern": "( smaller| small| j| shell| young)",
  "pos_r_squared": 0.9987882375717163,
  "r_squared": 0.9981046915054321
}