{
  "pattern": "( laser| machines|et|ooters| lights)",
  "pos_r_squared": 0.9914534091949463,
  "r_squared": 0.9914547204971313
}