{
  "pattern": "( happening| contain| begin| much| trying)",
  "pos_r_squared": 0.9906795620918274,
  "r_squared": 0.9900376796722412
}