{
  "pattern": "( missed| misses| Mos| Sur| except)",
  "pos_r_squared": 0.9985952377319336,
  "r_squared": 0.9988992214202881
}