{
  "pattern": "(Soon| Soon| Gru|More| cow)",
  "pos_r_squared": 0.9944193363189697,
  "r_squared": 0.9939607381820679
}