{
  "pattern": "( fl| spr| ig| gall|Pl)",
  "pos_r_squared": 0.9966508150100708,
  "r_squared": 0.9934886693954468
}