{
  "pattern": "( log| Gor)",
  "pos_r_squared": 0.9986074566841125,
  "r_squared": 0.9982185363769531
}