{
  "pattern": "( seal| seals|ippers| actors| tents)",
  "pos_r_squared": 0.9980254769325256,
  "r_squared": 0.9920373558998108
}