{
  "pattern": "(anger|angers| Cic| space|ib)",
  "pos_r_squared": 0.9978280067443848,
  "r_squared": 0.9978506565093994
}