{
  "pattern": "( humble| ordinary| nood| independence)",
  "pos_r_squared": 0.9991844296455383,
  "r_squared": 0.9982213973999023
}