{
  "pattern": "(If| really| If| Without| give)",
  "pos_r_squared": 0.9932447075843811,
  "r_squared": 0.9924507737159729
}