{
  "pattern": "( gum| was| chewing|udd| kids)",
  "pos_r_squared": 0.9972641468048096,
  "r_squared": 0.9919856190681458
}