{
  "pattern": "( grew|ocular| dad| av|ST)",
  "pos_r_squared": 0.9921918511390686,
  "r_squared": 0.9859801530838013
}