{
  "pattern": "(ster|sters| artist| Pr| Dictionary)",
  "pos_r_squared": 0.996042013168335,
  "r_squared": 0.9921317100524902
}