{
  "pattern": "( spoiled|mine| pounds|Then| generous)",
  "pos_r_squared": 0.9967645406723022,
  "r_squared": 0.9966270327568054
}