{
  "pattern": "( Would| pedal|Would| parties| plans)",
  "pos_r_squared": 0.9964686036109924,
  "r_squared": 0.9964739680290222
}