{
  "pattern": "( ordinary| universe|ups| darling| darkness)",
  "pos_r_squared": 0.9978544116020203,
  "r_squared": 0.9976001381874084
}