{
  "pattern": "( embarrassed| aisle| parking| Nem| embarrassing)",
  "pos_r_squared": 0.9986712336540222,
  "r_squared": 0.998247504234314
}