{
  "pattern": "( pengu|ever|pill|rim| peac)",
  "pos_r_squared": 0.998986005783081,
  "r_squared": 0.9966847896575928
}