{
  "pattern": "( wander| nature| wandered| wandering| going)",
  "pos_r_squared": 0.9968761801719666,
  "r_squared": 0.9946708679199219
}