{
  "pattern": "( enormous| closing| increasing| increase| sticking)",
  "pos_r_squared": 0.9979312419891357,
  "r_squared": 0.9939785599708557
}