{
  "pattern": "( painted| colored| stickers| por| Park)",
  "pos_r_squared": 0.9990930557250977,
  "r_squared": 0.9987620711326599
}