{
  "pattern": "( ear| shoulder| vegetable| chick| shoulders)",
  "pos_r_squared": 0.9985119700431824,
  "r_squared": 0.9985433220863342
}