{
  "pattern": "( taller| bride| wall| louder| crane)",
  "pos_r_squared": 0.997276782989502,
  "r_squared": 0.997258722782135
}