{
  "pattern": "( makeup| jewelry| sunglasses| powder| lipstick)",
  "pos_r_squared": 0.9934873580932617,
  "r_squared": 0.9934731721878052
}