{
  "pattern": "( motorcycle| automobile| bells| automobiles| motorcycles)",
  "pos_r_squared": 0.9972458481788635,
  "r_squared": 0.9967864155769348
}