{
  "pattern": "( lived| live| lives| life| are)",
  "pos_r_squared": 0.9850286245346069,
  "r_squared": 0.9868296384811401
}