{
  "pattern": "( Everywhere| wherever|where| exact| swapped)",
  "pos_r_squared": 0.998603105545044,
  "r_squared": 0.9974139928817749
}