{
  "pattern": "( peek|eking| rescuing|eks|Prin)",
  "pos_r_squared": 0.9982417821884155,
  "r_squared": 0.9977306723594666
}