{
  "pattern": "( opera| V| Opera| University|oper)",
  "pos_r_squared": 0.9948734641075134,
  "r_squared": 0.9936720728874207
}