{
  "pattern": "(able|us|o|y| unloaded)",
  "pos_r_squared": 0.9939011931419373,
  "r_squared": 0.9892820119857788
}