{
  "pattern": "( normal| regular| ordinary| languages| reversed)",
  "pos_r_squared": 0.9983444213867188,
  "r_squared": 0.9826902747154236
}