{
  "pattern": "( Instead| instead|Instead| lov|ro)",
  "pos_r_squared": 0.9974631071090698,
  "r_squared": 0.9974316954612732
}