{
  "pattern": "(ind|use|L|agging|ess)",
  "pos_r_squared": 0.9947978258132935,
  "r_squared": 0.9905166029930115
}