{
  "pattern": "( walls| edges|uffed| mean| map)",
  "pos_r_squared": 0.9958258867263794,
  "r_squared": 0.9966532588005066
}