{
  "pattern": "( ignorant| tort| learning|vious| stupid)",
  "pos_r_squared": 0.9987198710441589,
  "r_squared": 0.9986655712127686
}