{
  "pattern": "( graceful| struggling| distance| movements| beam)",
  "pos_r_squared": 0.9979228377342224,
  "r_squared": 0.9980132579803467
}