{
  "pattern": "( jungle| ground| breathed| ze|Found)",
  "pos_r_squared": 0.9971113801002502,
  "r_squared": 0.9943457245826721
}