{
  "pattern": "(enny| Harry|bie| green|Harry)",
  "pos_r_squared": 0.9910933375358582,
  "r_squared": 0.9916366338729858
}