{
  "pattern": "( humble| compassionate| modest| generous|isk)",
  "pos_r_squared": 0.9989445805549622,
  "r_squared": 0.9976814985275269
}