{
  "pattern": "( welcome|owed| Good|elcome| y)",
  "pos_r_squared": 0.9946629405021667,
  "r_squared": 0.9938318729400635
}