{
  "pattern": "(case| lumber| thing|alk| lever)",
  "pos_r_squared": 0.9984060525894165,
  "r_squared": 0.9973120093345642
}