{
  "pattern": "(up|ups| adult|ir| okay)",
  "pos_r_squared": 0.995772123336792,
  "r_squared": 0.9951076507568359
}