{
  "pattern": "(c|cut|aro| je| zo)",
  "pos_r_squared": 0.9979783892631531,
  "r_squared": 0.9981927275657654
}