{
  "pattern": "( pants| bananas|ados| smarter| swords)",
  "pos_r_squared": 0.9865166544914246,
  "r_squared": 0.9862589836120605
}