{
  "pattern": "( motor| annoying| motors| itching)",
  "pos_r_squared": 0.9984622001647949,
  "r_squared": 0.996399462223053
}