{
  "pattern": "( cap| Chick| messages| caps|oat)",
  "pos_r_squared": 0.9980695247650146,
  "r_squared": 0.9965158700942993
}