{
  "pattern": "( zipper| click|ipper|ippers| undone)",
  "pos_r_squared": 0.9979018568992615,
  "r_squared": 0.9971135258674622
}