{
  "pattern": "( leather| velvet| texture| countryside| fabric)",
  "pos_r_squared": 0.9937725067138672,
  "r_squared": 0.9918211698532104
}