{
  "pattern": "( wood| pieces|allows)",
  "pos_r_squared": 0.9938620328903198,
  "r_squared": 0.986930251121521
}