{
  "pattern": "( penny| penn|ies| single| grin)",
  "pos_r_squared": 0.982075572013855,
  "r_squared": 0.9818947315216064
}