{
  "pattern": "( dive| diving|ived|icks| prizes)",
  "pos_r_squared": 0.9904345273971558,
  "r_squared": 0.9900842308998108
}