{
  "pattern": "( look| poster|oop| ig| looked)",
  "pos_r_squared": 0.9994010925292969,
  "r_squared": 0.999552845954895
}