{
  "pattern": "( fountain|Look| seals|line| attractive)",
  "pos_r_squared": 0.9975155591964722,
  "r_squared": 0.9967688918113708
}