{
  "pattern": "( goes| follows| hops| shines|dis)",
  "pos_r_squared": 0.9979740381240845,
  "r_squared": 0.9976862072944641
}