{
  "pattern": "( attractive| chooses| choose|innie| described)",
  "pos_r_squared": 0.9992032647132874,
  "r_squared": 0.9988576173782349
}