{
  "pattern": "( shield| symbol| symbols| protect| brave)",
  "pos_r_squared": 0.995242178440094,
  "r_squared": 0.9946285486221313
}