{
  "pattern": "( spring| sprang|Spring|Prin| sprung)",
  "pos_r_squared": 0.99885493516922,
  "r_squared": 0.9981252551078796
}