{
  "pattern": "(chair| blond)",
  "pos_r_squared": 0.998458206653595,
  "r_squared": 0.9972251057624817
}