{
  "pattern": "( closely| underground| somewhere|Cl| something)",
  "pos_r_squared": 0.9911909699440002,
  "r_squared": 0.9905745387077332
}