{
  "pattern": "( kiss| kissed| kisses|ifi| flowers)",
  "pos_r_squared": 0.9897502064704895,
  "r_squared": 0.9935289025306702
}