{
  "pattern": "( yacht| ranch| captain| Suz|Let)",
  "pos_r_squared": 0.9877831935882568,
  "r_squared": 0.9867385029792786
}