{
  "pattern": "( un| unp| shin| mer| fin)",
  "pos_r_squared": 0.9981328845024109,
  "r_squared": 0.9980390071868896
}