{
  "pattern": "( ladder|rawl| craw|imb|adders)",
  "pos_r_squared": 0.9972272515296936,
  "r_squared": 0.992283046245575
}