{
  "pattern": "(adow|adows|time|bi| spe)",
  "pos_r_squared": 0.9991020560264587,
  "r_squared": 0.998863160610199
}