{
  "pattern": "( hockey| puck|aus| fifty|Tyler)",
  "pos_r_squared": 0.9990514516830444,
  "r_squared": 0.9974868893623352
}