{
  "pattern": "( summer| holiday| vacation| toes| toe)",
  "pos_r_squared": 0.9931592345237732,
  "r_squared": 0.9925768375396729
}