{
  "pattern": "( hipp| ko| plastic| messing|Found)",
  "pos_r_squared": 0.9986143112182617,
  "r_squared": 0.9972325563430786
}