{
  "pattern": "( aer| youths|ground|Tyler| heaven)",
  "pos_r_squared": 0.9986636638641357,
  "r_squared": 0.9985058307647705
}