{
  "pattern": "( thread| fashion|match| threads|rim)",
  "pos_r_squared": 0.997891902923584,
  "r_squared": 0.9977325797080994
}