{
  "pattern": "( organize| Dino| organizing| Dash| organized)",
  "pos_r_squared": 0.9986242055892944,
  "r_squared": 0.9987622499465942
}