{
  "pattern": "( waves| tipped| storm| storms| adventures)",
  "pos_r_squared": 0.9984713196754456,
  "r_squared": 0.9987993836402893
}