{
  "pattern": "( screen| structure| channel| freshly| youths)",
  "pos_r_squared": 0.9976143836975098,
  "r_squared": 0.9973686933517456
}