{
  "pattern": "( chalk| drawn| Pen|maid|alks)",
  "pos_r_squared": 0.9975607395172119,
  "r_squared": 0.9970435500144958
}