{
  "pattern": "( square| glued| taped|ig| triangle)",
  "pos_r_squared": 0.9951967000961304,
  "r_squared": 0.9938014149665833
}