{
  "pattern": "( avocado| olive|ados|sters|asers)",
  "pos_r_squared": 0.9859471917152405,
  "r_squared": 0.9852397441864014
}