{
  "pattern": "( case|Tyler| cases)",
  "pos_r_squared": 0.9985265731811523,
  "r_squared": 0.9979079961776733
}