{
  "pattern": "( on|On| On| onto| along)",
  "pos_r_squared": 0.9993956089019775,
  "r_squared": 0.9994180798530579
}