{
  "pattern": "( skull| farther| face| skeleton| shell)",
  "pos_r_squared": 0.9963001608848572,
  "r_squared": 0.9963278770446777
}