{
  "pattern": "( leash| with| pat| lap| very)",
  "pos_r_squared": 0.9955986142158508,
  "r_squared": 0.9949768781661987
}