{
  "pattern": "( persistent|que| wind| grandchildren| depend)",
  "pos_r_squared": 0.998073935508728,
  "r_squared": 0.9966617822647095
}