{
  "pattern": "(P| tul| gir|ST|ves)",
  "pos_r_squared": 0.9988036155700684,
  "r_squared": 0.9987427592277527
}