{
  "pattern": "( tap| tapped| pat| tapping|anged)",
  "pos_r_squared": 0.9935569167137146,
  "r_squared": 0.9934226274490356
}