{
  "pattern": "( hate| hated| refuse| discuss| or)",
  "pos_r_squared": 0.9844945669174194,
  "r_squared": 0.9845068454742432
}