{
  "pattern": "( jug| bubble| tap| it| pot)",
  "pos_r_squared": 0.996203601360321,
  "r_squared": 0.9955719113349915
}