{
  "pattern": "( stranger|Along|us| described| clown)",
  "pos_r_squared": 0.9984056949615479,
  "r_squared": 0.9984365105628967
}