{
  "pattern": "( seed|Tyler)",
  "pos_r_squared": 0.9988062977790833,
  "r_squared": 0.9979730248451233
}