{
  "pattern": "( mailbox|boxes| married| Bye)",
  "pos_r_squared": 0.9971842765808105,
  "r_squared": 0.9963374733924866
}