{
  "pattern": "( cel| Gary| project| showed| figured)",
  "pos_r_squared": 0.9949305653572083,
  "r_squared": 0.994731605052948
}