{
  "pattern": "( meet| animal| Fl| un| drove)",
  "pos_r_squared": 0.9820742011070251,
  "r_squared": 0.9454795718193054
}