{
  "pattern": "( balloons| tubes| shake| helpers| leads)",
  "pos_r_squared": 0.9956305027008057,
  "r_squared": 0.9961867928504944
}