{
  "pattern": "( barrel| cubes| knob| they|resses)",
  "pos_r_squared": 0.9884027242660522,
  "r_squared": 0.9871553778648376
}