{
  "pattern": "( restless| outdoors| Mr| room| found)",
  "pos_r_squared": 0.9981135725975037,
  "r_squared": 0.9962059259414673
}