{
  "pattern": "( take| taking| taken| you| took)",
  "pos_r_squared": 0.9975568056106567,
  "r_squared": 0.9975244402885437
}