{
  "pattern": "( figure|aro|my)",
  "pos_r_squared": 0.9972783327102661,
  "r_squared": 0.9975534081459045
}