{
  "pattern": "( yoga|oga| Yoga)",
  "pos_r_squared": 0.9983360171318054,
  "r_squared": 0.9980831146240234
}