{
  "pattern": "( older| big| Farmer| younger|mer)",
  "pos_r_squared": 0.9974625110626221,
  "r_squared": 0.9960064888000488
}