{
  "pattern": "( counted| counts| ins| food| frag)",
  "pos_r_squared": 0.9976115226745605,
  "r_squared": 0.9971285462379456
}