{
  "pattern": "( mighty| hundred| successfully| helping| fifty)",
  "pos_r_squared": 0.9940771460533142,
  "r_squared": 0.9919534921646118
}