{
  "pattern": "( knew| knowing| knows| much| felt)",
  "pos_r_squared": 0.9980611205101013,
  "r_squared": 0.9980898499488831
}