{
  "pattern": "( magnet| labels| magnets| Spray| Robot)",
  "pos_r_squared": 0.9969038367271423,
  "r_squared": 0.9953920841217041
}