{
  "pattern": "( wheel| Sur| ridden)",
  "pos_r_squared": 0.9980103373527527,
  "r_squared": 0.9973384737968445
}