{
  "pattern": "(pa|ad| grandparents| husband| grandfather)",
  "pos_r_squared": 0.9951268434524536,
  "r_squared": 0.9942850470542908
}