{
  "pattern": "( walked| wander| marched| wandered| walking)",
  "pos_r_squared": 0.9966081976890564,
  "r_squared": 0.9973618388175964
}