{
  "pattern": "( enter| entered| roam| into| sp)",
  "pos_r_squared": 0.9911312460899353,
  "r_squared": 0.9841762781143188
}