{
  "pattern": "( bounce| Bounce| Sleep|ounce| Twist)",
  "pos_r_squared": 0.9884534478187561,
  "r_squared": 0.9817021489143372
}