{
  "pattern": "( clown| circus| Christmas| Santa| magician)",
  "pos_r_squared": 0.9848437309265137,
  "r_squared": 0.9840009212493896
}