{
  "pattern": "( comfort| encouraging| comforting|night|ST)",
  "pos_r_squared": 0.9982812404632568,
  "r_squared": 0.9976078271865845
}