{
  "pattern": "( package| mission| finding| suitcase| suggestion)",
  "pos_r_squared": 0.9898238182067871,
  "r_squared": 0.9896396398544312
}