{
  "pattern": "(lf| hen| cans| shelves|u)",
  "pos_r_squared": 0.9865537881851196,
  "r_squared": 0.9856899380683899
}