{
  "pattern": "( regular| So| Park| umb| toy)",
  "pos_r_squared": 0.9977260828018188,
  "r_squared": 0.9992552399635315
}