{
  "pattern": "(Where| Where|where|Ted| where)",
  "pos_r_squared": 0.994880199432373,
  "r_squared": 0.9952541589736938
}