{
  "pattern": "( hotel| city| palace| mall| royal)",
  "pos_r_squared": 0.9903202652931213,
  "r_squared": 0.9835209250450134
}