{
  "pattern": "( fireplace| logs| oven|fire|ring)",
  "pos_r_squared": 0.9949724674224854,
  "r_squared": 0.993617057800293
}