{
  "pattern": "( Miss| fashion|Miss|Magic| De)",
  "pos_r_squared": 0.9909504652023315,
  "r_squared": 0.9732767343521118
}