{
  "pattern": "( envelope| suitcase| envelop| truly| packs)",
  "pos_r_squared": 0.9973368644714355,
  "r_squared": 0.9969029426574707
}