{
  "pattern": "( ornament|ents| known| Christmas|irrel)",
  "pos_r_squared": 0.9926875233650208,
  "r_squared": 0.9913240075111389
}