{
  "pattern": "( longer|Thank| truly| Coc|apy)",
  "pos_r_squared": 0.9948678016662598,
  "r_squared": 0.9951663017272949
}