{
  "pattern": "( thread| cord| curtain| Milo| donkey)",
  "pos_r_squared": 0.9862769246101379,
  "r_squared": 0.9861534833908081
}