{
  "pattern": "( determined| protected| desperate| hopeful| determination)",
  "pos_r_squared": 0.9979020357131958,
  "r_squared": 0.9975736737251282
}