{
  "pattern": "( rad|\\.\"|\\.| showed| Sam)",
  "pos_r_squared": 0.9969074726104736,
  "r_squared": 0.9887195229530334
}