{
  "pattern": "( office| work| newly|aying| musical)",
  "pos_r_squared": 0.9982883930206299,
  "r_squared": 0.9972367882728577
}