{
  "pattern": "( lively| shr| need|Charl|irled)",
  "pos_r_squared": 0.9987950325012207,
  "r_squared": 0.9972631931304932
}