{
  "pattern": "( bubbles| discuss| bounce| observe| imagined)",
  "pos_r_squared": 0.9982064366340637,
  "r_squared": 0.9980233311653137
}