{
  "pattern": "( flexible|ible| graceful| cam|De)",
  "pos_r_squared": 0.9989404678344727,
  "r_squared": 0.9986007213592529
}