{
  "pattern": "( smiling|iring| gazing| cheering| coming)",
  "pos_r_squared": 0.9832721948623657,
  "r_squared": 0.9848467111587524
}