{
  "pattern": "(ny|castle|boat|saw|he)",
  "pos_r_squared": 0.9960105419158936,
  "r_squared": 0.996059775352478
}