{
  "pattern": "(asis| desert|Whe|melon|elcome)",
  "pos_r_squared": 0.9966632127761841,
  "r_squared": 0.9963645339012146
}