{
  "pattern": "( half| grant|Three| halves|Half)",
  "pos_r_squared": 0.98738694190979,
  "r_squared": 0.986969530582428
}