{
  "pattern": "( sweater| vest|ests|aters| wool)",
  "pos_r_squared": 0.9957975149154663,
  "r_squared": 0.9942893385887146
}