{
  "pattern": "( tear| tore| rip|ips| tearing)",
  "pos_r_squared": 0.9874767661094666,
  "r_squared": 0.9872592687606812
}