{
  "pattern": "(ate|ier| plain| pic| boring)",
  "pos_r_squared": 0.9899519085884094,
  "r_squared": 0.9862642884254456
}