{
  "pattern": "( jog|ebra| healthy| youth| young)",
  "pos_r_squared": 0.9812374711036682,
  "r_squared": 0.9447235465049744
}