{
  "pattern": "( enthusiastic| loving| fun| anticipation|to)",
  "pos_r_squared": 0.9987185597419739,
  "r_squared": 0.9975808262825012
}