{
  "pattern": "( fuel| hooked| borrowed)",
  "pos_r_squared": 0.9988818168640137,
  "r_squared": 0.9979644417762756
}