{
  "pattern": "( tri| happened| fool)",
  "pos_r_squared": 0.9989941120147705,
  "r_squared": 0.9990604519844055
}