{
  "pattern": "( modest|upid| not| saw| Ve)",
  "pos_r_squared": 0.9981725215911865,
  "r_squared": 0.9957292675971985
}