{
  "pattern": "( figure| pret| figures| students| papers)",
  "pos_r_squared": 0.9854040741920471,
  "r_squared": 0.9855014085769653
}