{
  "pattern": "( terrible| worse| ig| horrible| heaven)",
  "pos_r_squared": 0.996529757976532,
  "r_squared": 0.9934412240982056
}