{
  "pattern": "( necklace| write| rip| Tim| jar)",
  "pos_r_squared": 0.9973709583282471,
  "r_squared": 0.9977313280105591
}