{
  "pattern": "( swinging| wreck| Snap|Snap| wrench)",
  "pos_r_squared": 0.9938198328018188,
  "r_squared": 0.9933916926383972
}