{
  "pattern": "( grateful| raised| prayer| scattering|Andy)",
  "pos_r_squared": 0.9926111698150635,
  "r_squared": 0.9927574992179871
}