{
  "pattern": "( lizard|Of| seals|Sp| large)",
  "pos_r_squared": 0.9923877716064453,
  "r_squared": 0.9921900033950806
}