{
  "pattern": "(Here| Here| bringing| presented|Em)",
  "pos_r_squared": 0.9962741732597351,
  "r_squared": 0.9962718486785889
}