{
  "pattern": "( present|Da| gift|band| ko)",
  "pos_r_squared": 0.9992436170578003,
  "r_squared": 0.9991967082023621
}