{
  "pattern": "( T| J| Cl| dared| Ro)",
  "pos_r_squared": 0.9951666593551636,
  "r_squared": 0.9915866851806641
}