{
  "pattern": "(')",
  "pos_r_squared": 0.9894158840179443,
  "r_squared": 0.990253746509552
}