{
  "pattern": "(ter|us|ters|et|otion)",
  "pos_r_squared": 0.9954497218132019,
  "r_squared": 0.9881479144096375
}