{
  "pattern": "(Anna|Lisa| oy|Baby|Jen)",
  "pos_r_squared": 0.993594765663147,
  "r_squared": 0.3864549398422241
}