{
  "pattern": "( class| classroom| classmates| grandchildren| inspect)",
  "pos_r_squared": 0.9983768463134766,
  "r_squared": 0.996382474899292
}