{
  "pattern": "( competitive| compete| they| competing| ig)",
  "pos_r_squared": 0.998105525970459,
  "r_squared": 0.9970667958259583
}