{
  "pattern": "(Inside| en| building| sneaking| maze)",
  "pos_r_squared": 0.9965579509735107,
  "r_squared": 0.9970846772193909
}