{
  "pattern": "( gir| tallest)",
  "pos_r_squared": 0.9985148906707764,
  "r_squared": 0.9986317753791809
}