{
  "pattern": "( weep| weeping| tremb| nightmares|pt)",
  "pos_r_squared": 0.9985290765762329,
  "r_squared": 0.998425304889679
}