{
  "pattern": "( oct|These| dusty| ostr| unw)",
  "pos_r_squared": 0.9942856431007385,
  "r_squared": 0.993913471698761
}