{
  "pattern": "( hopping|Maybe| ig| y|Don)",
  "pos_r_squared": 0.997124195098877,
  "r_squared": 0.9942936897277832
}