{
  "pattern": "( improve| stool| improved| increase|nam)",
  "pos_r_squared": 0.9950944185256958,
  "r_squared": 0.9944910407066345
}