{
  "pattern": "( very| so| unexpected| really| fl)",
  "pos_r_squared": 0.9967743158340454,
  "r_squared": 0.996593177318573
}