{
  "pattern": "( shiny| closer| bright| pretty| medal)",
  "pos_r_squared": 0.9992175102233887,
  "r_squared": 0.9991429448127747
}