{
  "pattern": "( pipe| leak| tube| more| wire)",
  "pos_r_squared": 0.99517822265625,
  "r_squared": 0.9951244592666626
}