{
  "pattern": "( fastest|\\.\\.\\.\"|'\\.\"|''| coolest)",
  "pos_r_squared": 0.9984016418457031,
  "r_squared": 0.9978417158126831
}