{
  "pattern": "( porch| pretty| log| staring| it)",
  "pos_r_squared": 0.9944273829460144,
  "r_squared": 0.9940983057022095
}