{
  "pattern": "( comfort|L|Fl| comforting|tr)",
  "pos_r_squared": 0.9954954981803894,
  "r_squared": 0.9975648522377014
}