{
  "pattern": "( winter| inches| Winter| blown|iders)",
  "pos_r_squared": 0.997721254825592,
  "r_squared": 0.9962612390518188
}