{
  "pattern": "(opus|Of| magnet| figures| helicopter)",
  "pos_r_squared": 0.9871165156364441,
  "r_squared": 0.985073983669281
}