{
  "pattern": "( am|'m| drivers| cro| Or)",
  "pos_r_squared": 0.9987322688102722,
  "r_squared": 0.9989604949951172
}