{
  "pattern": "( magnet| gir| magnets| gum| Magnet)",
  "pos_r_squared": 0.9981349110603333,
  "r_squared": 0.9970825910568237
}