{
  "pattern": "( seeds|umbs| Tim| chalk| scatter)",
  "pos_r_squared": 0.9982994794845581,
  "r_squared": 0.9976688623428345
}