{
  "pattern": "( weapon| a| weapons| match| club)",
  "pos_r_squared": 0.9953684210777283,
  "r_squared": 0.9938573837280273
}