{
  "pattern": "( lying| Ve)",
  "pos_r_squared": 0.997316837310791,
  "r_squared": 0.9968957304954529
}