{
  "pattern": "(une|unes| kn|mons|on)",
  "pos_r_squared": 0.9981277585029602,
  "r_squared": 0.9977125525474548
}