{
  "pattern": "( chocolate|ew| dollar| Wine|ocolate)",
  "pos_r_squared": 0.990469753742218,
  "r_squared": 0.9901060461997986
}