{
  "pattern": "(ummy| tasty| delicious| want| juicy)",
  "pos_r_squared": 0.9843540787696838,
  "r_squared": 0.9844038486480713
}