{
  "pattern": "( With|With|Tyler|ST| Ther)",
  "pos_r_squared": 0.9940640926361084,
  "r_squared": 0.9931320548057556
}