{
  "pattern": "( quarrel|arre| arguing| sharing| found)",
  "pos_r_squared": 0.9969846606254578,
  "r_squared": 0.9974441528320312
}