{
  "pattern": "( mild| March| a)",
  "pos_r_squared": 0.9956778287887573,
  "r_squared": 0.9959905743598938
}