{
  "pattern": "( skeleton| bones|leton| skeletons| childhood)",
  "pos_r_squared": 0.9984594583511353,
  "r_squared": 0.9981390237808228
}