{
  "pattern": "(aff| ge|icker|cast| cro)",
  "pos_r_squared": 0.9878042340278625,
  "r_squared": 0.9847316145896912
}