{
  "pattern": "( garage| gle| spr| finds| their)",
  "pos_r_squared": 0.9926272630691528,
  "r_squared": 0.9951320886611938
}