{
  "pattern": "( maybe| on| door| sometimes| house)",
  "pos_r_squared": 0.9966989755630493,
  "r_squared": 0.9970062971115112
}