{
  "pattern": "( if| If|If| hill| hoping)",
  "pos_r_squared": 0.9988756775856018,
  "r_squared": 0.9988886713981628
}