{
  "pattern": "( forth| with| seek| Around| massive)",
  "pos_r_squared": 0.9959820508956909,
  "r_squared": 0.997073769569397
}