{
  "pattern": "(Who| whoever| Who|who| few)",
  "pos_r_squared": 0.9984049201011658,
  "r_squared": 0.9984912872314453
}