{
  "pattern": "( true| merry|eyed| real| aside)",
  "pos_r_squared": 0.9987921118736267,
  "r_squared": 0.9989724159240723
}