{
  "pattern": "(iver|ivering|ivered|ps|rr)",
  "pos_r_squared": 0.99332195520401,
  "r_squared": 0.9937475919723511
}