{
  "pattern": "( spun| whipped| spins| circled|ST)",
  "pos_r_squared": 0.9978432059288025,
  "r_squared": 0.9979014992713928
}