{
  "pattern": "( shade| protected|Only| shades| saw)",
  "pos_r_squared": 0.9966200590133667,
  "r_squared": 0.9969536066055298
}