{
  "pattern": "( split| splitting| divided| splits| numbered)",
  "pos_r_squared": 0.9986125826835632,
  "r_squared": 0.9988589286804199
}