{
  "pattern": "( un| unw| brace|Tyler|py)",
  "pos_r_squared": 0.9981827139854431,
  "r_squared": 0.9981081485748291
}