{
  "pattern": "(ling|l| horizon| nearby| runs)",
  "pos_r_squared": 0.9968346953392029,
  "r_squared": 0.9969581961631775
}