{
  "pattern": "( spray| Spray|asure| paint| record)",
  "pos_r_squared": 0.9915918111801147,
  "r_squared": 0.9939637780189514
}