{
  "pattern": "(Are| Are| different| hill| And)",
  "pos_r_squared": 0.9975806474685669,
  "r_squared": 0.9976754784584045
}