{
  "pattern": "( borrow| request| requested| demand| deal)",
  "pos_r_squared": 0.9817966222763062,
  "r_squared": 0.9819843173027039
}