{
  "pattern": "( above| below| underneath| beneath| overhead)",
  "pos_r_squared": 0.9970299601554871,
  "r_squared": 0.9965200424194336
}