{
  "pattern": "(chair| furniture|ions| logs| gift)",
  "pos_r_squared": 0.9955132007598877,
  "r_squared": 0.9966815710067749
}