{
  "pattern": "( celebrate| applauded| celebrating| celebrated| celebration)",
  "pos_r_squared": 0.9966990351676941,
  "r_squared": 0.9967026710510254
}