{
  "pattern": "( metal| matters| Cl| seven| L)",
  "pos_r_squared": 0.9945658445358276,
  "r_squared": 0.994499146938324
}