{
  "pattern": "(D|long|Kit|BO| orange)",
  "pos_r_squared": 0.998304009437561,
  "r_squared": 0.9987655282020569
}