{
  "pattern": "(ion|ani| scary|urse| engineer)",
  "pos_r_squared": 0.9976411461830139,
  "r_squared": 0.9975181818008423
}