{
  "pattern": "( metal| seek| outer| spr|iked)",
  "pos_r_squared": 0.9968367218971252,
  "r_squared": 0.996010422706604
}