{
  "pattern": "( ink|scope| ghost| shrimp|Fish)",
  "pos_r_squared": 0.9967107772827148,
  "r_squared": 0.996744692325592
}