{
  "pattern": "( cooler| umbrella| safer| fridge| grill)",
  "pos_r_squared": 0.9964353442192078,
  "r_squared": 0.9954336285591125
}