{
  "pattern": "( gym| sports| tubes| thrown|ippers)",
  "pos_r_squared": 0.9971200823783875,
  "r_squared": 0.9968668222427368
}