{
  "pattern": "( sweater|aters| Sundays| shirt| scarf)",
  "pos_r_squared": 0.9957913160324097,
  "r_squared": 0.9936249256134033
}