{
  "pattern": "( cardboard| velvet| blankets| fabric| gle)",
  "pos_r_squared": 0.9962316751480103,
  "r_squared": 0.9958217144012451
}