{
  "pattern": "(actus|uses| spikes|rows| builders)",
  "pos_r_squared": 0.9974617958068848,
  "r_squared": 0.9964123964309692
}