{
  "pattern": "(oo|Ah| Sure| M| Ha)",
  "pos_r_squared": 0.9967410564422607,
  "r_squared": 0.9959972500801086
}