{
  "pattern": "( cher|Prin|cr| tul| cherry)",
  "pos_r_squared": 0.996184229850769,
  "r_squared": 0.9964896440505981
}