{
  "pattern": "( play| playful| fun| playing| toys)",
  "pos_r_squared": 0.9990962743759155,
  "r_squared": 0.9977375864982605
}