{
  "pattern": "( need| needed| find| for| needs)",
  "pos_r_squared": 0.997880756855011,
  "r_squared": 0.9978514909744263
}