{
  "pattern": "( switch|amp| switched| plugged| lever)",
  "pos_r_squared": 0.9966713190078735,
  "r_squared": 0.9963375329971313
}