{
  "pattern": "(aroo| broom|ang| tiger| named)",
  "pos_r_squared": 0.993983268737793,
  "r_squared": 0.9925498962402344
}