{
  "pattern": "( favourite|St|anne| fond| buddy)",
  "pos_r_squared": 0.9985151290893555,
  "r_squared": 0.9976120591163635
}