{
  "pattern": "( replace| replaced| mend| replacing| replacement)",
  "pos_r_squared": 0.9987103343009949,
  "r_squared": 0.9986303448677063
}