{
  "pattern": "( therm| merry| to| ways| squee)",
  "pos_r_squared": 0.9879579544067383,
  "r_squared": 0.9973637461662292
}