{
  "pattern": "(ily| L|L|cy| Lily)",
  "pos_r_squared": 0.9990983009338379,
  "r_squared": 0.9986856579780579
}