{
  "pattern": "( itself|ooters| bodies|ib| Kit)",
  "pos_r_squared": 0.9979637861251831,
  "r_squared": 0.9977367520332336
}