{
  "pattern": "( chew| chewing| fold| knew| stack)",
  "pos_r_squared": 0.996419370174408,
  "r_squared": 0.9929549694061279
}