{
  "pattern": "( salt| salty| tighter| Salt| register)",
  "pos_r_squared": 0.9989242553710938,
  "r_squared": 0.9985125660896301
}