{
  "pattern": "( late| Hot|Hot| damage| tragedy)",
  "pos_r_squared": 0.9980185627937317,
  "r_squared": 0.9947213530540466
}