{
  "pattern": "( pill| scar|udd| shortcut| carp)",
  "pos_r_squared": 0.9936048984527588,
  "r_squared": 0.9940470457077026
}