{
  "pattern": "(ion| gloves|ves|ions| Lion)",
  "pos_r_squared": 0.9864507913589478,
  "r_squared": 0.9864828586578369
}