{
  "pattern": "( spirit| toe|ugg| settled| gained)",
  "pos_r_squared": 0.993036150932312,
  "r_squared": 0.9931564927101135
}