{
  "pattern": "( pigeon| beautiful| bench| Sur| woman)",
  "pos_r_squared": 0.9974722266197205,
  "r_squared": 0.9939990043640137
}