{
  "pattern": "(berries|berry|alks| cheese| shells)",
  "pos_r_squared": 0.9980828166007996,
  "r_squared": 0.9981560111045837
}