{
  "pattern": "( fighting| wanted|Tyler| matters| found)",
  "pos_r_squared": 0.9956638813018799,
  "r_squared": 0.9960238933563232
}