{
  "pattern": "( pay| paying|Pay| scoring|Pass)",
  "pos_r_squared": 0.9970638751983643,
  "r_squared": 0.9966487288475037
}