{
  "pattern": "( thief|lessly| bully)",
  "pos_r_squared": 0.9968400597572327,
  "r_squared": 0.9935705065727234
}