{
  "pattern": "( roar| roared| disturbance| Then)",
  "pos_r_squared": 0.9967610239982605,
  "r_squared": 0.9932304620742798
}