{
  "pattern": "(Go| ig|O| bar| invisible)",
  "pos_r_squared": 0.9977773427963257,
  "r_squared": 0.9981284141540527
}