{
  "pattern": "( nation| language| country| opinion| Patch)",
  "pos_r_squared": 0.9834223389625549,
  "r_squared": 0.9812034964561462
}