{
  "pattern": "( hut| valley|ogo| wo|ike)",
  "pos_r_squared": 0.9946914315223694,
  "r_squared": 0.9917066693305969
}