{
  "pattern": "(ute|utes| sly| daddy)",
  "pos_r_squared": 0.9983280897140503,
  "r_squared": 0.9976809620857239
}