{
  "pattern": "( managed| manage| arrest| managing|Found)",
  "pos_r_squared": 0.9976398944854736,
  "r_squared": 0.9975076913833618
}