{
  "pattern": "( mixer|nob|akers)",
  "pos_r_squared": 0.9987841248512268,
  "r_squared": 0.9982185363769531
}