{
  "pattern": "( golf| spells| spears| Laser| hat)",
  "pos_r_squared": 0.9981371164321899,
  "r_squared": 0.9981262683868408
}