{
  "pattern": "( yogurt| loops| snatched| magazines| squee)",
  "pos_r_squared": 0.9803526401519775,
  "r_squared": 0.9798593521118164
}