{
  "pattern": "( skirt| skirts| ''|ids| tentacles)",
  "pos_r_squared": 0.9976800680160522,
  "r_squared": 0.9954825639724731
}