{
  "pattern": "( dancing|ST| melting| freshly| ramps)",
  "pos_r_squared": 0.9975400567054749,
  "r_squared": 0.9972444176673889
}