{
  "pattern": "(ered|aded|aming|ittered| amaz)",
  "pos_r_squared": 0.9870980381965637,
  "r_squared": 0.9861260652542114
}