{
  "pattern": "( snacks| fruit| pets| Cookies| Tom)",
  "pos_r_squared": 0.9960577487945557,
  "r_squared": 0.9947628378868103
}