{
  "pattern": "( sighed| sigh| shall| wondered|mmm)",
  "pos_r_squared": 0.9949862360954285,
  "r_squared": 0.9951480627059937
}