{
  "pattern": "( vine| vines| friendship| stem| agreed)",
  "pos_r_squared": 0.9875208735466003,
  "r_squared": 0.9874019026756287
}