{
  "pattern": "(T|t| Spot|ST|ign)",
  "pos_r_squared": 0.9962007403373718,
  "r_squared": 0.9960331320762634
}