{
  "pattern": "( nightmare| monster| nightmares| itch| troubles)",
  "pos_r_squared": 0.9913498759269714,
  "r_squared": 0.9917046427726746
}