{
  "pattern": "(Can| Can| May| cat| tree)",
  "pos_r_squared": 0.9973101019859314,
  "r_squared": 0.9973027110099792
}