{
  "pattern": "( bull|anga|pper| Velvet|Tyler)",
  "pos_r_squared": 0.9971413612365723,
  "r_squared": 0.995781660079956
}