{
  "pattern": "( chim|Back|way|act|ever)",
  "pos_r_squared": 0.9976615309715271,
  "r_squared": 0.9885386228561401
}