{
  "pattern": "( disappeared| vanished| disappear| gen| disappearing)",
  "pos_r_squared": 0.9950080513954163,
  "r_squared": 0.9958634972572327
}