{
  "pattern": "( over|N| down| Pretty| through)",
  "pos_r_squared": 0.9996263980865479,
  "r_squared": 0.9996181130409241
}