{
  "pattern": "( choose| choosing|Choose| chooses|Pass)",
  "pos_r_squared": 0.992189347743988,
  "r_squared": 0.991584837436676
}