{
  "pattern": "( block| blocks| y| j| Of)",
  "pos_r_squared": 0.992622971534729,
  "r_squared": 0.9921866655349731
}