{
  "pattern": "( may|Sp| nib| Although| Despite)",
  "pos_r_squared": 0.9937092661857605,
  "r_squared": 0.9932644963264465
}