{
  "pattern": "( o| golden|L| cre| cr)",
  "pos_r_squared": 0.9971966743469238,
  "r_squared": 0.9970126748085022
}