{
  "pattern": "( needed| gas| cash| mood| matt)",
  "pos_r_squared": 0.9949315190315247,
  "r_squared": 0.986965000629425
}