{
  "pattern": "(case|cases)",
  "pos_r_squared": 0.998439610004425,
  "r_squared": 0.9977115988731384
}