{
  "pattern": "( edge| reflection| bottom| atop|At)",
  "pos_r_squared": 0.9979632496833801,
  "r_squared": 0.9981132745742798
}