{
  "pattern": "( onion| onions|looking| 10| axe)",
  "pos_r_squared": 0.9952341318130493,
  "r_squared": 0.9952442646026611
}