{
  "pattern": "( melt| melted| melting|ury| melts)",
  "pos_r_squared": 0.9962169528007507,
  "r_squared": 0.9960746765136719
}