{
  "pattern": "(cream|m| | Cream| Youth)",
  "pos_r_squared": 0.998461127281189,
  "r_squared": 0.9980539083480835
}