{
  "pattern": "( yet| Yet|,)",
  "pos_r_squared": 0.9979676604270935,
  "r_squared": 0.9957853555679321
}