{
  "pattern": "( faces| masks| freshly| pe| Mos)",
  "pos_r_squared": 0.9956923127174377,
  "r_squared": 0.9952417612075806
}