{
  "pattern": "( Will|anga|Found|ST| cal)",
  "pos_r_squared": 0.9902209043502808,
  "r_squared": 0.990646243095398
}