{
  "pattern": "( kne| kneeling|ne| reapp| tro)",
  "pos_r_squared": 0.9995158314704895,
  "r_squared": 0.9988576173782349
}