{
  "pattern": "(ari|arry| hunters| tours| already)",
  "pos_r_squared": 0.993524432182312,
  "r_squared": 0.9923346042633057
}