{
  "pattern": "( stir| n| ro| bur| grace)",
  "pos_r_squared": 0.9862306714057922,
  "r_squared": 0.9856346845626831
}