{
  "pattern": "( hive| egg| on| for| honey)",
  "pos_r_squared": 0.9889081716537476,
  "r_squared": 0.9920006394386292
}