{
  "pattern": "( gigg| ow| craw| pupp)",
  "pos_r_squared": 0.9986346364021301,
  "r_squared": 0.9988201260566711
}