{
  "pattern": "( swinging| swung| Mack|Tyler|air)",
  "pos_r_squared": 0.9981716871261597,
  "r_squared": 0.9982654452323914
}