{
  "pattern": "(uch| boo|Br| sweat| freshly)",
  "pos_r_squared": 0.9989176392555237,
  "r_squared": 0.9987696409225464
}