{
  "pattern": "(ish| H| Fl| Spe|or)",
  "pos_r_squared": 0.9943763613700867,
  "r_squared": 0.9566918611526489
}