{
  "pattern": "(affe|es| camel| Gerry| magician)",
  "pos_r_squared": 0.9954660534858704,
  "r_squared": 0.9940824508666992
}