{
  "pattern": "( wrapped| wraps| wrap| Ch| novels)",
  "pos_r_squared": 0.9987543821334839,
  "r_squared": 0.9988973140716553
}