{
  "pattern": "( father| Larry|Mother| Farmer| Mother)",
  "pos_r_squared": 0.9822036027908325,
  "r_squared": 0.9818887114524841
}