{
  "pattern": "( sunshine| builders| hamm| passed| grandchildren)",
  "pos_r_squared": 0.9967143535614014,
  "r_squared": 0.9966756105422974
}