{
  "pattern": "( restless| fun|Imagine| reaching|ible)",
  "pos_r_squared": 0.9956361651420593,
  "r_squared": 0.9894885420799255
}