{
  "pattern": "(illy|oop| fool|ST| silly)",
  "pos_r_squared": 0.989112138748169,
  "r_squared": 0.96756511926651
}