{
  "pattern": "( jail| villain| arrest| Clim| ashes)",
  "pos_r_squared": 0.9979053139686584,
  "r_squared": 0.9951180219650269
}