{
  "pattern": "( vest|ets| supposed|acky|ests)",
  "pos_r_squared": 0.9939554929733276,
  "r_squared": 0.9925696849822998
}