{
  "pattern": "( comb| journal| train| brush| un)",
  "pos_r_squared": 0.9984070062637329,
  "r_squared": 0.996628999710083
}