{
  "pattern": "(ow| away|itty| looking| sound)",
  "pos_r_squared": 0.9950742125511169,
  "r_squared": 0.9962714910507202
}