{
  "pattern": "( dare| dared| claw| daring|oes)",
  "pos_r_squared": 0.9983235001564026,
  "r_squared": 0.9983810186386108
}