{
  "pattern": "( Mum| Upon| builders| Mos| bun)",
  "pos_r_squared": 0.9983120560646057,
  "r_squared": 0.995904803276062
}