{
  "pattern": "( settle| settled| interested| slowed|ettle)",
  "pos_r_squared": 0.9864760041236877,
  "r_squared": 0.9862556457519531
}