{
  "pattern": "(ess|ie|Lu| pand|Jen)",
  "pos_r_squared": 0.985378623008728,
  "r_squared": 0.9758046269416809
}