{
  "pattern": "( Why|Tyler| Gru|why|paste)",
  "pos_r_squared": 0.9967578053474426,
  "r_squared": 0.9905788898468018
}