{
  "pattern": "( navy| police|iky| rubber| pirate)",
  "pos_r_squared": 0.9970052242279053,
  "r_squared": 0.9970865249633789
}