{
  "pattern": "( pepper| peppers| hairc| watch)",
  "pos_r_squared": 0.9974105358123779,
  "r_squared": 0.9974315762519836
}