{
  "pattern": "( moving| feel| The| beating| Lily)",
  "pos_r_squared": 0.9913759827613831,
  "r_squared": 0.9930145740509033
}