{
  "pattern": "( stickers| sticker| Christmas| Oh|cakes)",
  "pos_r_squared": 0.9984930157661438,
  "r_squared": 0.9976083636283875
}