{
  "pattern": "( patch| family| tree| scrape| patches)",
  "pos_r_squared": 0.9980944395065308,
  "r_squared": 0.9978617429733276
}