{
  "pattern": "(Wait| Wait| Cur| wondered| try)",
  "pos_r_squared": 0.9991206526756287,
  "r_squared": 0.9988873600959778
}