{
  "pattern": "(washer|ay|ian|innie|amp)",
  "pos_r_squared": 0.997796893119812,
  "r_squared": 0.9985085129737854
}