{
  "pattern": "( anyway| the| anyways| Ve|Ever)",
  "pos_r_squared": 0.9960178732872009,
  "r_squared": 0.9954245686531067
}