{
  "pattern": "( haircut|uts| groceries| gone|ishes)",
  "pos_r_squared": 0.9984192252159119,
  "r_squared": 0.9984275102615356
}