{
  "pattern": "( diamond| pearl| diamonds|ifi| The)",
  "pos_r_squared": 0.990034818649292,
  "r_squared": 0.9963688254356384
}