{
  "pattern": "( Mama|Our| bee| Owl| Trees)",
  "pos_r_squared": 0.998044490814209,
  "r_squared": 0.9973402619361877
}