{
  "pattern": "( louder|sticks| halls| banner|orts)",
  "pos_r_squared": 0.9976792931556702,
  "r_squared": 0.9986048340797424
}