{
  "pattern": "( cob|paste|case| fire| builders)",
  "pos_r_squared": 0.998651385307312,
  "r_squared": 0.9983549118041992
}