{
  "pattern": "( grateful| thankful| appreciation|ST| gratitude)",
  "pos_r_squared": 0.996465265750885,
  "r_squared": 0.996242880821228
}