{
  "pattern": "( admire| admired|iring|L| applauded)",
  "pos_r_squared": 0.9906724691390991,
  "r_squared": 0.9906139373779297
}