{
  "pattern": "( lively| Spring| Chip|Spring| want)",
  "pos_r_squared": 0.9969456195831299,
  "r_squared": 0.993253767490387
}