{
  "pattern": "( Miss| Pink| behaved| Mr| floor)",
  "pos_r_squared": 0.9983239769935608,
  "r_squared": 0.9969955682754517
}