{
  "pattern": "( spots|aches| velvet| nightmares|unes)",
  "pos_r_squared": 0.981927752494812,
  "r_squared": 0.9832203984260559
}