{
  "pattern": "( wake| waking| chick)",
  "pos_r_squared": 0.9990301728248596,
  "r_squared": 0.998923659324646
}