{
  "pattern": "( loudly| stool|Da| sk| softly)",
  "pos_r_squared": 0.9982219934463501,
  "r_squared": 0.9982306957244873
}