{
  "pattern": "( wire| earth| wires|Jud| tease)",
  "pos_r_squared": 0.9967663884162903,
  "r_squared": 0.9966862797737122
}