{
  "pattern": "( grateful| thankful|Tyler| thanking| av)",
  "pos_r_squared": 0.9961152672767639,
  "r_squared": 0.9943225383758545
}