{
  "pattern": "( lead| paths| leading| leads| steered)",
  "pos_r_squared": 0.9985805153846741,
  "r_squared": 0.9986836314201355
}