{
  "pattern": "( meant| thing| hat| matt|que)",
  "pos_r_squared": 0.9809781908988953,
  "r_squared": 0.982732892036438
}