{
  "pattern": "( cups| cubes| stations| Mos)",
  "pos_r_squared": 0.998081386089325,
  "r_squared": 0.9973124861717224
}