{
  "pattern": "(ez| scrap| envelop| quizz| purs)",
  "pos_r_squared": 0.9978246688842773,
  "r_squared": 0.9982860684394836
}