{
  "pattern": "( cocoa| sled| tea|ew| swe)",
  "pos_r_squared": 0.9898680448532104,
  "r_squared": 0.9897963404655457
}