{
  "pattern": "( shows| teaches| teach|es| Cookies)",
  "pos_r_squared": 0.9971339106559753,
  "r_squared": 0.9959450364112854
}