{
  "pattern": "( pointing|O| road|ks| appearance)",
  "pos_r_squared": 0.9983608722686768,
  "r_squared": 0.9982413053512573
}