{
  "pattern": "( dust| er|th| dusty| cloth)",
  "pos_r_squared": 0.9970249533653259,
  "r_squared": 0.9976443648338318
}