{
  "pattern": "( cover| covering| Meg)",
  "pos_r_squared": 0.9977866411209106,
  "r_squared": 0.9975915551185608
}