{
  "pattern": "( wonder| wondering| wonders| lost| explore)",
  "pos_r_squared": 0.9914678335189819,
  "r_squared": 0.9910286664962769
}