{
  "pattern": "( fly| flying| visit| flies| strong)",
  "pos_r_squared": 0.9965475797653198,
  "r_squared": 0.9966839551925659
}