{
  "pattern": "( color| colour| colored| coloured| coloring)",
  "pos_r_squared": 0.9929283857345581,
  "r_squared": 0.9927841424942017
}