{
  "pattern": "( snack|Tyler| wo| Sorry|ST)",
  "pos_r_squared": 0.998569667339325,
  "r_squared": 0.9978037476539612
}