{
  "pattern": "(es|bars|ahs| stations|angles)",
  "pos_r_squared": 0.9950103759765625,
  "r_squared": 0.9961929321289062
}