{
  "pattern": "( appeared| appearing)",
  "pos_r_squared": 0.9952779412269592,
  "r_squared": 0.9945534467697144
}