{
  "pattern": "( rough| matters| stub| Upon|Kn)",
  "pos_r_squared": 0.9957970380783081,
  "r_squared": 0.9909189343452454
}