{
  "pattern": "( To| cousin|Tyler)",
  "pos_r_squared": 0.9963138103485107,
  "r_squared": 0.9962831735610962
}