{
  "pattern": "( da| Ma| po| stro|oped)",
  "pos_r_squared": 0.9984325170516968,
  "r_squared": 0.9978474974632263
}