{
  "pattern": "( oak| palm| pine| pictures| because)",
  "pos_r_squared": 0.9920675754547119,
  "r_squared": 0.9912234544754028
}