{
  "pattern": "( ears| family|Don|oh)",
  "pos_r_squared": 0.9987518191337585,
  "r_squared": 0.9984866380691528
}