{
  "pattern": "( post| posts| sends| rail| Trees)",
  "pos_r_squared": 0.9985835552215576,
  "r_squared": 0.9984554648399353
}