{
  "pattern": "(Joe|Kat|Rock| Ell| touch)",
  "pos_r_squared": 0.9823830127716064,
  "r_squared": 0.9905175566673279
}