{
  "pattern": "( tied| attached| tying| rope| connected)",
  "pos_r_squared": 0.9963656067848206,
  "r_squared": 0.9954395294189453
}