{
  "pattern": "( leather| jazz| matching| clubs| chalk)",
  "pos_r_squared": 0.9958083033561707,
  "r_squared": 0.9956403374671936
}