{
  "pattern": "(inky|ido| freshly|uzz|wy)",
  "pos_r_squared": 0.9974406957626343,
  "r_squared": 0.9940407276153564
}