{
  "pattern": "(R| R|olly|Ray| Remy)",
  "pos_r_squared": 0.9906166195869446,
  "r_squared": 0.9889602065086365
}