{
  "pattern": "( angel| angels| Angel| fairy|flake)",
  "pos_r_squared": 0.9950975775718689,
  "r_squared": 0.9955498576164246
}