{
  "pattern": "( lot| very| lots| much|\\.\\.\\.\")",
  "pos_r_squared": 0.9990839958190918,
  "r_squared": 0.9994458556175232
}