{
  "pattern": "( zip|ipped| soar)",
  "pos_r_squared": 0.9964369535446167,
  "r_squared": 0.9960024356842041
}