{
  "pattern": "( insisted| insist| insisting|istent| persisted)",
  "pos_r_squared": 0.9956510663032532,
  "r_squared": 0.9922724962234497
}