{
  "pattern": "( rescue| stole| separated| rescued| panicked)",
  "pos_r_squared": 0.9813562631607056,
  "r_squared": 0.9810726046562195
}