{
  "pattern": "( gear| gears|dd| goodies| Radio)",
  "pos_r_squared": 0.9975603222846985,
  "r_squared": 0.9970243573188782
}