{
  "pattern": "( neighbor| brother|Found|\\.'| stranger)",
  "pos_r_squared": 0.9966737031936646,
  "r_squared": 0.9971330761909485
}