{
  "pattern": "(Now| finally| big| they|Tyler)",
  "pos_r_squared": 0.9933361411094666,
  "r_squared": 0.9952534437179565
}