{
  "pattern": "( tray| pl|ried| jars| sense)",
  "pos_r_squared": 0.9986209273338318,
  "r_squared": 0.9982040524482727
}