{
  "pattern": "( cob|Wh|O| Fl| Use)",
  "pos_r_squared": 0.9943345785140991,
  "r_squared": 0.9963302612304688
}