{
  "pattern": "( independent| dad| Around| scenes| once)",
  "pos_r_squared": 0.9981111288070679,
  "r_squared": 0.9947376847267151
}