{
  "pattern": "(work| fireworks|fish|works|rim)",
  "pos_r_squared": 0.9976247549057007,
  "r_squared": 0.9974170923233032
}