{
  "pattern": "( takes|Take| Take| Cr|melon)",
  "pos_r_squared": 0.9881360530853271,
  "r_squared": 0.9874427914619446
}