{
  "pattern": "( shrugged| shrug| brains|Imagine|Use)",
  "pos_r_squared": 0.9954367876052856,
  "r_squared": 0.994959831237793
}