{
  "pattern": "( microscope|scope| telescope|ocular| cane)",
  "pos_r_squared": 0.9964573979377747,
  "r_squared": 0.9966272711753845
}