{
  "pattern": "( iron| twin| seeker| zip|ometer)",
  "pos_r_squared": 0.9927139282226562,
  "r_squared": 0.9927434921264648
}