{
  "pattern": "(ivering| trembling| hungry| melting|iver)",
  "pos_r_squared": 0.9981992840766907,
  "r_squared": 0.997974693775177
}