{
  "pattern": "(ama| mom| mother| a| supposed)",
  "pos_r_squared": 0.9838863015174866,
  "r_squared": 0.9876875877380371
}