{
  "pattern": "( switch| switches| heaven| lamps|Tyler)",
  "pos_r_squared": 0.9983300566673279,
  "r_squared": 0.9976817965507507
}