{
  "pattern": "( fingers| av| fingertips| builders| different)",
  "pos_r_squared": 0.9972462058067322,
  "r_squared": 0.9986938238143921
}