{
  "pattern": "( troubled| troubles| builders| independence| ants)",
  "pos_r_squared": 0.9981628656387329,
  "r_squared": 0.998181939125061
}