{
  "pattern": "( Their| Its|Their| Our|Our)",
  "pos_r_squared": 0.9917928576469421,
  "r_squared": 0.9904834032058716
}