{
  "pattern": "( triangle| Clara| vehicles| triangles| creations)",
  "pos_r_squared": 0.9884691834449768,
  "r_squared": 0.9883544445037842
}