{
  "pattern": "( already| light| different| finds| car)",
  "pos_r_squared": 0.996639609336853,
  "r_squared": 0.9986002445220947
}