{
  "pattern": "( lend| lent| lending| gir| reminds)",
  "pos_r_squared": 0.9977961778640747,
  "r_squared": 0.9979503154754639
}