{
  "pattern": "(How| How|how| because| cle)",
  "pos_r_squared": 0.9943325519561768,
  "r_squared": 0.9947302937507629
}