{
  "pattern": "( showing| reaching| bringing| show| displaying)",
  "pos_r_squared": 0.9956405758857727,
  "r_squared": 0.9921301603317261
}