{
  "pattern": "( wife| marriage| married| They| dance)",
  "pos_r_squared": 0.9966881275177002,
  "r_squared": 0.9935830235481262
}