{
  "pattern": "( slap| slapped|ching| paying| slapping)",
  "pos_r_squared": 0.9920291900634766,
  "r_squared": 0.9919583797454834
}