{
  "pattern": "( neighbor| neighbors| seeker| yet| vendors)",
  "pos_r_squared": 0.9953517317771912,
  "r_squared": 0.9954795837402344
}