{
  "pattern": "( itch| mosquitoes| nightmares| bounces| stain)",
  "pos_r_squared": 0.9983621835708618,
  "r_squared": 0.996653139591217
}