{
  "pattern": "( butter| av|amp|nam| salt)",
  "pos_r_squared": 0.9963682889938354,
  "r_squared": 0.9962485432624817
}