{
  "pattern": "( compassionate| compassion|que| unloaded| concern)",
  "pos_r_squared": 0.9988433122634888,
  "r_squared": 0.996084451675415
}