{
  "pattern": "( guilty| fault|prise|oscope|Tyler)",
  "pos_r_squared": 0.9958352446556091,
  "r_squared": 0.9946128129959106
}