{
  "pattern": "( dogs| puppies|Very| parks| till)",
  "pos_r_squared": 0.9952588081359863,
  "r_squared": 0.9945060610771179
}