{
  "pattern": "( cliff|danger| knives| her| ponds)",
  "pos_r_squared": 0.9969364404678345,
  "r_squared": 0.9939958453178406
}