{
  "pattern": "( mole| worm| hole|ig|ster)",
  "pos_r_squared": 0.9967256188392639,
  "r_squared": 0.9820719957351685
}