{
  "pattern": "( elevator| reverse| subway| feel|ST)",
  "pos_r_squared": 0.9981686472892761,
  "r_squared": 0.9950912594795227
}