{
  "pattern": "( bicycle|icycle| bicycles|edient)",
  "pos_r_squared": 0.9984456896781921,
  "r_squared": 0.9956413507461548
}