{
  "pattern": "( tool| tools| sp| stub)",
  "pos_r_squared": 0.9978225827217102,
  "r_squared": 0.9977850914001465
}