{
  "pattern": "( unlock| unlocking| unlocked| unlocks)",
  "pos_r_squared": 0.9986039996147156,
  "r_squared": 0.997961163520813
}