{
  "pattern": "(icked| lick|icks| licking|ipe)",
  "pos_r_squared": 0.9942023754119873,
  "r_squared": 0.9928135871887207
}