{
  "pattern": "( trouble| wolves| difficulty| mastered| emergencies)",
  "pos_r_squared": 0.9983962774276733,
  "r_squared": 0.9977371096611023
}