{
  "pattern": "( tide| gul| meant| ins|St)",
  "pos_r_squared": 0.9989871382713318,
  "r_squared": 0.9988403916358948
}