{
  "pattern": "( feathers| dots|bars| fur| eyes)",
  "pos_r_squared": 0.9972390532493591,
  "r_squared": 0.9959231019020081
}