{
  "pattern": "( cher| por|berry| away|Tyler)",
  "pos_r_squared": 0.9961526393890381,
  "r_squared": 0.9950971603393555
}