{
  "pattern": "( buckle| Brush| buck|elvet| strap)",
  "pos_r_squared": 0.9966630935668945,
  "r_squared": 0.996163010597229
}