{
  "pattern": "( stretch| increase|paste| stretches|ig)",
  "pos_r_squared": 0.9955337047576904,
  "r_squared": 0.986711323261261
}