{
  "pattern": "( Sus|Sus| Ang|ST| pirates)",
  "pos_r_squared": 0.9969565868377686,
  "r_squared": 0.9974316358566284
}