{
  "pattern": "( pass| measure| shortcut| offer| escape)",
  "pos_r_squared": 0.9942101836204529,
  "r_squared": 0.993618369102478
}