{
  "pattern": "( telephone|alk|scope)",
  "pos_r_squared": 0.9985522031784058,
  "r_squared": 0.9985859990119934
}