{
  "pattern": "( trumpet| lipstick|paste| radio|phone)",
  "pos_r_squared": 0.996749997138977,
  "r_squared": 0.9920142292976379
}