{
  "pattern": "( smiling| joined| voice|Tyler| glowing)",
  "pos_r_squared": 0.99675452709198,
  "r_squared": 0.9958068132400513
}