{
  "pattern": "( stretch| stretching| stretches| greens| diving)",
  "pos_r_squared": 0.9977786540985107,
  "r_squared": 0.9967780113220215
}