{
  "pattern": "(ery|alks|sticks|paste)",
  "pos_r_squared": 0.9940297603607178,
  "r_squared": 0.9959388971328735
}