{
  "pattern": "( separate| separated| numbered| separating| parted)",
  "pos_r_squared": 0.9978073835372925,
  "r_squared": 0.9978917837142944
}