{
  "pattern": "( surf| surfing| sail| sunglasses| sailing)",
  "pos_r_squared": 0.986404538154602,
  "r_squared": 0.9873011112213135
}