{
  "pattern": "( club| clubs| showed|ands| Club)",
  "pos_r_squared": 0.9959000945091248,
  "r_squared": 0.9955419301986694
}