{
  "pattern": "( veil| Fl|O|L| leaf)",
  "pos_r_squared": 0.99403315782547,
  "r_squared": 0.9953186511993408
}