{
  "pattern": "(opard|Of| Leopard|oxy| want)",
  "pos_r_squared": 0.9911011457443237,
  "r_squared": 0.988952100276947
}