{
  "pattern": "( hospital| ko| unloaded| stands| available)",
  "pos_r_squared": 0.996577262878418,
  "r_squared": 0.997441291809082
}