{
  "pattern": "( ocean| holiday| holidays|uddled| seas)",
  "pos_r_squared": 0.9972839951515198,
  "r_squared": 0.9964499473571777
}