{
  "pattern": "( edge|ed| bare|oc| ang)",
  "pos_r_squared": 0.9985254406929016,
  "r_squared": 0.9976575374603271
}