{
  "pattern": "( mechanic|wed| look| magn| elderly)",
  "pos_r_squared": 0.9886103272438049,
  "r_squared": 0.9899082779884338
}