{
  "pattern": "(eer|eers| captured)",
  "pos_r_squared": 0.99703049659729,
  "r_squared": 0.9895218014717102
}