{
  "pattern": "( sunrise|Hi|flake| scarf| rainbow)",
  "pos_r_squared": 0.9969675540924072,
  "r_squared": 0.9981238842010498
}