{
  "pattern": "( above| control| throughout| lowered| workshop)",
  "pos_r_squared": 0.9985460042953491,
  "r_squared": 0.9970982670783997
}