{
  "pattern": "( bushes| Lily| benches| dolls| has)",
  "pos_r_squared": 0.9985060095787048,
  "r_squared": 0.9979508519172668
}