{
  "pattern": "(The| The|L|M| tiny)",
  "pos_r_squared": 0.9948014616966248,
  "r_squared": 0.9947507977485657
}