{
  "pattern": "( crib| pouch|ugg| bank| nood)",
  "pos_r_squared": 0.9982568621635437,
  "r_squared": 0.997814416885376
}