{
  "pattern": "(oc| hamm| gre| once| Cookies)",
  "pos_r_squared": 0.9982509613037109,
  "r_squared": 0.996866762638092
}