{
  "pattern": "( war| fights| law|war| laws)",
  "pos_r_squared": 0.9935039281845093,
  "r_squared": 0.9928662776947021
}