{
  "pattern": "( stream| Tues| parking| por| Sue)",
  "pos_r_squared": 0.9894745945930481,
  "r_squared": 0.9906731843948364
}