{
  "pattern": "( matter| trem|ST|of|Tyler)",
  "pos_r_squared": 0.9956846237182617,
  "r_squared": 0.9955680966377258
}