{
  "pattern": "( boxes| ig|Prin|'| Fro)",
  "pos_r_squared": 0.9944383502006531,
  "r_squared": 0.9953494071960449
}