{
  "pattern": "( mosquito| mosquitoes| pesky| Mos)",
  "pos_r_squared": 0.9988844394683838,
  "r_squared": 0.9973549246788025
}