{
  "pattern": "(ries|aches|led|ir|els)",
  "pos_r_squared": 0.9914985299110413,
  "r_squared": 0.9902766942977905
}