{
  "pattern": "( bent| slowed| bending| bends|do)",
  "pos_r_squared": 0.9985784888267517,
  "r_squared": 0.9982807040214539
}