{
  "pattern": "( fan| Mo| Angel| Hurricane| fans)",
  "pos_r_squared": 0.9853088855743408,
  "r_squared": 0.9852243661880493
}