{
  "pattern": "(D| bo| shower| Gl| \")",
  "pos_r_squared": 0.987670361995697,
  "r_squared": 0.9959163665771484
}