{
  "pattern": "( tuna| nodding|\\.'|long| bone)",
  "pos_r_squared": 0.9966478943824768,
  "r_squared": 0.9948808550834656
}