{
  "pattern": "( trap| traps| stub|aro|boys)",
  "pos_r_squared": 0.9971092939376831,
  "r_squared": 0.9953716397285461
}