{
  "pattern": "( Please|cil| the|Tyler)",
  "pos_r_squared": 0.9961885213851929,
  "r_squared": 0.9939104914665222
}