{
  "pattern": "( eye| eyes|mare| wall|Ble)",
  "pos_r_squared": 0.9983359575271606,
  "r_squared": 0.9988559484481812
}