{
  "pattern": "( spoiled|Yellow)",
  "pos_r_squared": 0.9974197745323181,
  "r_squared": 0.9972852468490601
}