{
  "pattern": "(Fin|Andy| Dare| leaders| applied)",
  "pos_r_squared": 0.9968586564064026,
  "r_squared": 0.9958003759384155
}