{
  "pattern": "( incredible| Super|ible| exact| Wh)",
  "pos_r_squared": 0.99153071641922,
  "r_squared": 0.9928852319717407
}