{
  "pattern": "( point| points| wave|look| hint)",
  "pos_r_squared": 0.9964789152145386,
  "r_squared": 0.9964354038238525
}