{
  "pattern": "(What| What| dog| what|Paul)",
  "pos_r_squared": 0.9958688616752625,
  "r_squared": 0.9958876967430115
}