{
  "pattern": "( towel| sheets| towels| pancakes| boards)",
  "pos_r_squared": 0.9940208196640015,
  "r_squared": 0.9927499294281006
}