{
  "pattern": "( boats|ites| ships| models| pand)",
  "pos_r_squared": 0.9899879693984985,
  "r_squared": 0.9881893992424011
}