{
  "pattern": "( swamp|imes| leaning| spikes| beetles)",
  "pos_r_squared": 0.988070011138916,
  "r_squared": 0.9863519072532654
}