{
  "pattern": "( pilot| musician| pilots|ancer| princes)",
  "pos_r_squared": 0.9957590103149414,
  "r_squared": 0.986464262008667
}