{
  "pattern": "( club| clubs| Club)",
  "pos_r_squared": 0.9989053010940552,
  "r_squared": 0.9981083273887634
}