{
  "pattern": "( glad|Prin| peac)",
  "pos_r_squared": 0.995547354221344,
  "r_squared": 0.9940889477729797
}