{
  "pattern": "( accidentally| nearby| ig| then| tri)",
  "pos_r_squared": 0.9932103753089905,
  "r_squared": 0.9968807697296143
}