{
  "pattern": "( b| joined| spe| loved| fore)",
  "pos_r_squared": 0.9969565272331238,
  "r_squared": 0.9968224167823792
}