{
  "pattern": "( Zip|Zip| Blink)",
  "pos_r_squared": 0.9986937642097473,
  "r_squared": 0.9973337054252625
}