{
  "pattern": "( itself|ebra| mastered| its| Ve)",
  "pos_r_squared": 0.9979283809661865,
  "r_squared": 0.9983685612678528
}