{
  "pattern": "( soak|ered| kids|Jump| spend)",
  "pos_r_squared": 0.9906091094017029,
  "r_squared": 0.9902390837669373
}