{
  "pattern": "( sp| mastered)",
  "pos_r_squared": 0.9980971813201904,
  "r_squared": 0.9973923563957214
}