{
  "pattern": "( slippery| steep|\\.'| youths|Free)",
  "pos_r_squared": 0.9989312887191772,
  "r_squared": 0.9987179040908813
}