{
  "pattern": "( summer| k|ST| cor|ounced)",
  "pos_r_squared": 0.9990240931510925,
  "r_squared": 0.9983865022659302
}