{
  "pattern": "( stadium| quick| goals|Tuesday| matters)",
  "pos_r_squared": 0.997120201587677,
  "r_squared": 0.9964451789855957
}