{
  "pattern": "( basketball| vegetables| friend| threw)",
  "pos_r_squared": 0.9976981282234192,
  "r_squared": 0.997349739074707
}