{
  "pattern": "( shelter|De| uniforms| N)",
  "pos_r_squared": 0.9981878399848938,
  "r_squared": 0.9974897503852844
}