{
  "pattern": "( rubbed| matt| rub| So|ST)",
  "pos_r_squared": 0.9953270554542542,
  "r_squared": 0.9965708255767822
}