{
  "pattern": "( dizz| named| bench)",
  "pos_r_squared": 0.9922556281089783,
  "r_squared": 0.9908326268196106
}