{
  "pattern": "( steam| drink| does| kiss| stroke)",
  "pos_r_squared": 0.9842207431793213,
  "r_squared": 0.9839452505111694
}