{
  "pattern": "( hanging| dangling| hangs|icks)",
  "pos_r_squared": 0.996665358543396,
  "r_squared": 0.9955551028251648
}