{
  "pattern": "( Jo|er|Jo|ib|ick)",
  "pos_r_squared": 0.985206663608551,
  "r_squared": 0.9841688275337219
}