{
  "pattern": "( original| freshly| matters| Scale| exact)",
  "pos_r_squared": 0.9971381425857544,
  "r_squared": 0.9967801570892334
}