{
  "pattern": "( comet| puck| weep| space| rock)",
  "pos_r_squared": 0.9953134655952454,
  "r_squared": 0.9947203397750854
}