{
  "pattern": "( return| returned| awoke| yielded| restored)",
  "pos_r_squared": 0.9896059036254883,
  "r_squared": 0.9896713495254517
}