{
  "pattern": "( palace|vel| Pet| Coc| novel)",
  "pos_r_squared": 0.9983338713645935,
  "r_squared": 0.9964017868041992
}