{
  "pattern": "( surf| surfing| gre| bold| matters)",
  "pos_r_squared": 0.9915112853050232,
  "r_squared": 0.9905533194541931
}