{
  "pattern": "( polish| polished| big|ishing|vious)",
  "pos_r_squared": 0.9981892108917236,
  "r_squared": 0.9969924688339233
}