{
  "pattern": "( earth| Earth| Co| angel| Bubble)",
  "pos_r_squared": 0.9969834089279175,
  "r_squared": 0.9961955547332764
}