{
  "pattern": "( microphone|Very|ower|melon| pret)",
  "pos_r_squared": 0.9975191950798035,
  "r_squared": 0.9973219633102417
}