{
  "pattern": "( drawing| peac| knee|ST| av)",
  "pos_r_squared": 0.9985591173171997,
  "r_squared": 0.9980954527854919
}