{
  "pattern": "( gain| gained| meets| buys| brist)",
  "pos_r_squared": 0.9957857131958008,
  "r_squared": 0.9956824779510498
}