{
  "pattern": "( Come|Come|Tyler| here|inc)",
  "pos_r_squared": 0.9985896348953247,
  "r_squared": 0.997624933719635
}