{
  "pattern": "( slides| Trees|More| burgers| ramps)",
  "pos_r_squared": 0.998904287815094,
  "r_squared": 0.9982023239135742
}