{
  "pattern": "( frown| frowned| hat| grin|rier)",
  "pos_r_squared": 0.9963265657424927,
  "r_squared": 0.996347188949585
}