{
  "pattern": "( pill| Oh|Oh)",
  "pos_r_squared": 0.994314432144165,
  "r_squared": 0.9939412474632263
}