{
  "pattern": "( swamp| vines| poses| slime| pads)",
  "pos_r_squared": 0.9975472688674927,
  "r_squared": 0.9958134889602661
}