{
  "pattern": "(asis|De| ig| soon| found)",
  "pos_r_squared": 0.9953920841217041,
  "r_squared": 0.9962241649627686
}