{
  "pattern": "( quick|Ha|Tyler| awake| motion)",
  "pos_r_squared": 0.9989616870880127,
  "r_squared": 0.9987184405326843
}