{
  "pattern": "( bug| bugs|bug| Bee| sticker)",
  "pos_r_squared": 0.9929847121238708,
  "r_squared": 0.992509663105011
}