{
  "pattern": "( van| vehicle| different| interests)",
  "pos_r_squared": 0.9919628500938416,
  "r_squared": 0.9906886219978333
}