{
  "pattern": "( ot|Ble|lost| therm)",
  "pos_r_squared": 0.9983842372894287,
  "r_squared": 0.9973100423812866
}