{
  "pattern": "( True|True|ike|oppy| Pink)",
  "pos_r_squared": 0.9934045672416687,
  "r_squared": 0.9908006191253662
}