{
  "pattern": "( soar| felt| soared| Coc| an)",
  "pos_r_squared": 0.9961047768592834,
  "r_squared": 0.992778480052948
}