{
  "pattern": "( shore|Park| fun| ang| moms)",
  "pos_r_squared": 0.9962306022644043,
  "r_squared": 0.9973793029785156
}