{
  "pattern": "( counting|'| healing| answering| observing)",
  "pos_r_squared": 0.9964225888252258,
  "r_squared": 0.9964911937713623
}