{
  "pattern": "(W|King| Wally| gift| am)",
  "pos_r_squared": 0.9967725872993469,
  "r_squared": 0.9981005191802979
}