{
  "pattern": "( gathered| crowded| gather| sitting| ran)",
  "pos_r_squared": 0.9963861107826233,
  "r_squared": 0.996522068977356
}