{
  "pattern": "(robe|bes|pa|band|\\?\")",
  "pos_r_squared": 0.9968540072441101,
  "r_squared": 0.9947308301925659
}