{
  "pattern": "( cooking|ching|ging| cook| teasing)",
  "pos_r_squared": 0.9969542622566223,
  "r_squared": 0.9965952038764954
}