{
  "pattern": "( harder| pretty| share| dad| fun)",
  "pos_r_squared": 0.9964529871940613,
  "r_squared": 0.996651828289032
}