{
  "pattern": "( relax| relaxing|paste|ST| sunny)",
  "pos_r_squared": 0.9904347658157349,
  "r_squared": 0.993035614490509
}