{
  "pattern": "( mustache| hat|Dear| appear| Ve)",
  "pos_r_squared": 0.9978583455085754,
  "r_squared": 0.9976666569709778
}