{
  "pattern": "( fisherman| hunter| also|fer| fishermen)",
  "pos_r_squared": 0.9977779388427734,
  "r_squared": 0.9928525686264038
}