{
  "pattern": "( colourful| coloured| permission|colored| stranger)",
  "pos_r_squared": 0.9983279705047607,
  "r_squared": 0.9981099367141724
}