{
  "pattern": "( pages| childhood|ST)",
  "pos_r_squared": 0.9983421564102173,
  "r_squared": 0.9977895617485046
}