{
  "pattern": "( loud| noisy| strong| loudly| much)",
  "pos_r_squared": 0.9868124723434448,
  "r_squared": 0.98697429895401
}