{
  "pattern": "( organize|Tree| organizing|anga|ST)",
  "pos_r_squared": 0.996429443359375,
  "r_squared": 0.9935752749443054
}