{
  "pattern": "(H|ank|kins| Knot|Meg)",
  "pos_r_squared": 0.9968734383583069,
  "r_squared": 0.9981722831726074
}