{
  "pattern": "( compassionate| alert| magic| compassion| av)",
  "pos_r_squared": 0.9973341226577759,
  "r_squared": 0.9924455881118774
}