{
  "pattern": "( always| every| often| bed| rule)",
  "pos_r_squared": 0.9970481991767883,
  "r_squared": 0.996945858001709
}