{
  "pattern": "( costume| pose| Mos|Found| nood)",
  "pos_r_squared": 0.9976498484611511,
  "r_squared": 0.9974446296691895
}