{
  "pattern": "(Help|Of|inc|Tyler)",
  "pos_r_squared": 0.99596107006073,
  "r_squared": 0.9956789016723633
}