{
  "pattern": "( freezer| cops| on| polar|boys)",
  "pos_r_squared": 0.9966200590133667,
  "r_squared": 0.994830846786499
}