{
  "pattern": "(Here| Here| nine|iffs| peeled)",
  "pos_r_squared": 0.9941529035568237,
  "r_squared": 0.9937779903411865
}