{
  "pattern": "( hurry| marched|oat| Mos|After)",
  "pos_r_squared": 0.9966028928756714,
  "r_squared": 0.9968746900558472
}