{
  "pattern": "(up| builders|o|ami|oys)",
  "pos_r_squared": 0.9923315644264221,
  "r_squared": 0.9964789152145386
}