{
  "pattern": "( hairy| Amy|amp| av| offered)",
  "pos_r_squared": 0.9952780604362488,
  "r_squared": 0.9910838007926941
}