{
  "pattern": "( shore| beach| safety| crab| hi)",
  "pos_r_squared": 0.9961220026016235,
  "r_squared": 0.9926494359970093
}