{
  "pattern": "( sandbox| toys| sand| ig| shore)",
  "pos_r_squared": 0.9946207404136658,
  "r_squared": 0.9917809367179871
}