{
  "pattern": "( trick|Watch| tricks| fool| chore)",
  "pos_r_squared": 0.9942676424980164,
  "r_squared": 0.9933232069015503
}