{
  "pattern": "( spaghetti| picnic| pasta| pret| successfully)",
  "pos_r_squared": 0.9982147812843323,
  "r_squared": 0.9981127977371216
}