{
  "pattern": "(iggle|uddled|ugg| curled| familiar)",
  "pos_r_squared": 0.9896331429481506,
  "r_squared": 0.9896380305290222
}