{
  "pattern": "(owed|sed|red|aked|med)",
  "pos_r_squared": 0.9854576587677002,
  "r_squared": 0.9852012395858765
}