{
  "pattern": "(ks|ls|ars|hes|ants)",
  "pos_r_squared": 0.9977754354476929,
  "r_squared": 0.9977091550827026
}