{
  "pattern": "( rubber| copper| inch| steel| chefs)",
  "pos_r_squared": 0.9966616630554199,
  "r_squared": 0.9970769882202148
}