{
  "pattern": "( Bow| F| Al| Che|Bow)",
  "pos_r_squared": 0.9910014271736145,
  "r_squared": 0.9885165095329285
}