{
  "pattern": "( lined| increased| finishing| increasing| messed)",
  "pos_r_squared": 0.9918104410171509,
  "r_squared": 0.9905550479888916
}