{
  "pattern": "(ained| rains| sleeps| remembers| hamm)",
  "pos_r_squared": 0.9989970922470093,
  "r_squared": 0.9986097812652588
}