{
  "pattern": "(ray| shortcut|rays|ictionary|Tyler)",
  "pos_r_squared": 0.9987840056419373,
  "r_squared": 0.9988616704940796
}