{
  "pattern": "( Bub| Sn|ub| Fay|Car)",
  "pos_r_squared": 0.9967800378799438,
  "r_squared": 0.9964480996131897
}