{
  "pattern": "( boun|oun|ie|jo| scam)",
  "pos_r_squared": 0.9972189664840698,
  "r_squared": 0.9961612224578857
}