{
  "pattern": "( Little| reflection| Park| inc|Little)",
  "pos_r_squared": 0.9959394931793213,
  "r_squared": 0.9938458800315857
}