{
  "pattern": "( yet|ope)",
  "pos_r_squared": 0.9980583190917969,
  "r_squared": 0.9978234767913818
}