{
  "pattern": "(er|S|anga| talked| boy)",
  "pos_r_squared": 0.9973092675209045,
  "r_squared": 0.9961138963699341
}