{
  "pattern": "( belonged| them| freshly)",
  "pos_r_squared": 0.9958800673484802,
  "r_squared": 0.9955832362174988
}