{
  "pattern": "( yours| hers| ours| theirs| permission)",
  "pos_r_squared": 0.9960137009620667,
  "r_squared": 0.996137261390686
}