{
  "pattern": "( whole| entire| cos| endless| Amen)",
  "pos_r_squared": 0.9952955842018127,
  "r_squared": 0.9952059388160706
}