{
  "pattern": "(Ben| flame| jewel| jewels| glad)",
  "pos_r_squared": 0.9837106466293335,
  "r_squared": 0.982048511505127
}