{
  "pattern": "( strike| slap| slapped| paused| slapping)",
  "pos_r_squared": 0.990903377532959,
  "r_squared": 0.9911377429962158
}