{
  "pattern": "( ornament|ents| Christmas| decoration|Dad)",
  "pos_r_squared": 0.9974104762077332,
  "r_squared": 0.9973544478416443
}