{
  "pattern": "( cards| card| pans| swords|fs)",
  "pos_r_squared": 0.995989978313446,
  "r_squared": 0.9962550401687622
}