{
  "pattern": "( quarrel|arre|Uh| matters|ike)",
  "pos_r_squared": 0.998374879360199,
  "r_squared": 0.9980387687683105
}