{
  "pattern": "( crown| big| cush| pic|dis)",
  "pos_r_squared": 0.9938843250274658,
  "r_squared": 0.9955571889877319
}