{
  "pattern": "(\\?\"\\.|\"!| party|Found)",
  "pos_r_squared": 0.9969025254249573,
  "r_squared": 0.9967784881591797
}