{
  "pattern": "( drawer| y)",
  "pos_r_squared": 0.9954925179481506,
  "r_squared": 0.9922391772270203
}