{
  "pattern": "(ggy| frog| dolphin|gy|ag)",
  "pos_r_squared": 0.9924619793891907,
  "r_squared": 0.9913528561592102
}