{
  "pattern": "( shelter|ows| seaw| finds| lov)",
  "pos_r_squared": 0.9951900243759155,
  "r_squared": 0.994147002696991
}