{
  "pattern": "( blow|anga| caul|ids|Tyler)",
  "pos_r_squared": 0.9978552460670471,
  "r_squared": 0.9979304075241089
}