{
  "pattern": "( packed| stored| monkey| boat|zy)",
  "pos_r_squared": 0.999231219291687,
  "r_squared": 0.999004602432251
}