{
  "pattern": "( en| Tues|Da| builders| appearance)",
  "pos_r_squared": 0.9969444870948792,
  "r_squared": 0.9968106150627136
}