{
  "pattern": "( crawl|rawl| ladder| freshly| bat)",
  "pos_r_squared": 0.9948537945747375,
  "r_squared": 0.9742529392242432
}