{
  "pattern": "( spots| stripes| dots| stains| necks)",
  "pos_r_squared": 0.9920880794525146,
  "r_squared": 0.9913908243179321
}