{
  "pattern": "( Jenny| congratulated| Jade| tant| Asked)",
  "pos_r_squared": 0.997743546962738,
  "r_squared": 0.9970970153808594
}