{
  "pattern": "( tug| gru| mil|ope| block)",
  "pos_r_squared": 0.9981549978256226,
  "r_squared": 0.9975767731666565
}