{
  "pattern": "( enjoy| zo| during|Prin|Tyler)",
  "pos_r_squared": 0.9955971837043762,
  "r_squared": 0.9898687601089478
}