{
  "pattern": "( pair| plenty| shr|ocular|boys)",
  "pos_r_squared": 0.9866374731063843,
  "r_squared": 0.9838570952415466
}