{
  "pattern": "( show| display| showing| showed| shows)",
  "pos_r_squared": 0.9935290217399597,
  "r_squared": 0.9934868216514587
}