{
  "pattern": "(udd|cast| freeing| ignorant|uck)",
  "pos_r_squared": 0.9949004054069519,
  "r_squared": 0.9963281750679016
}