{
  "pattern": "( invitation| named| trying| ticket| us)",
  "pos_r_squared": 0.9990445375442505,
  "r_squared": 0.9967373013496399
}