{
  "pattern": "( Pink|Sun| Pupp| Yellow|Beck)",
  "pos_r_squared": 0.9969353675842285,
  "r_squared": 0.9935105443000793
}