{
  "pattern": "( helps| scares)",
  "pos_r_squared": 0.9955514073371887,
  "r_squared": 0.9950705170631409
}