{
  "pattern": "( beetle| different| inspected| ruled|uffy)",
  "pos_r_squared": 0.990800142288208,
  "r_squared": 0.9882572293281555
}