{
  "pattern": "(ch| yard|Tyler|v|me)",
  "pos_r_squared": 0.9936390519142151,
  "r_squared": 0.9946709871292114
}