{
  "pattern": "( swung| swayed| swing| lun| Birthday)",
  "pos_r_squared": 0.9990583658218384,
  "r_squared": 0.9987601041793823
}