{
  "pattern": "( thumb| tore| should| Should| suck)",
  "pos_r_squared": 0.9947329759597778,
  "r_squared": 0.9950123429298401
}