{
  "pattern": "( of|C| scar| usual|Exc)",
  "pos_r_squared": 0.999362587928772,
  "r_squared": 0.9993901252746582
}