{
  "pattern": "( vacation|mare| soccer| holiday| Ben)",
  "pos_r_squared": 0.997463047504425,
  "r_squared": 0.9981342554092407
}