{
  "pattern": "(R|B|P| Ray| en)",
  "pos_r_squared": 0.9963863492012024,
  "r_squared": 0.9971935153007507
}