{
  "pattern": "( crocod|nam| ig| mad|Meanwhile)",
  "pos_r_squared": 0.9985806345939636,
  "r_squared": 0.9962141513824463
}