{
  "pattern": "( je|ons| pige)",
  "pos_r_squared": 0.9944982528686523,
  "r_squared": 0.9873345494270325
}