{
  "pattern": "( hang| hangs)",
  "pos_r_squared": 0.9957782626152039,
  "r_squared": 0.9937435984611511
}