{
  "pattern": "( brightly| beautifully| gru| handy|ST)",
  "pos_r_squared": 0.9979889988899231,
  "r_squared": 0.9974908232688904
}