{
  "pattern": "( trunk|unks)",
  "pos_r_squared": 0.9986165165901184,
  "r_squared": 0.9983423352241516
}