{
  "pattern": "( disturb| disturbing| disturbed| bother| loaf)",
  "pos_r_squared": 0.9983694553375244,
  "r_squared": 0.996379017829895
}