{
  "pattern": "( parent| sticker| marsh| adult| mer)",
  "pos_r_squared": 0.9965340495109558,
  "r_squared": 0.9967643618583679
}