{
  "pattern": "( pale|tub|away| named| bathroom)",
  "pos_r_squared": 0.9817067384719849,
  "r_squared": 0.9577888250350952
}