{
  "pattern": "( sleeping|cr|Of| sneaky|Enjoy)",
  "pos_r_squared": 0.997259795665741,
  "r_squared": 0.9976667165756226
}