{
  "pattern": "(iggle| gigg|ch|ummy| wal)",
  "pos_r_squared": 0.9829768538475037,
  "r_squared": 0.984054684638977
}