{
  "pattern": "( incredible| adorable|que|St| slipped)",
  "pos_r_squared": 0.9832046627998352,
  "r_squared": 0.9817661046981812
}