{
  "pattern": "( lines|Everyone| leader| bits|Friends)",
  "pos_r_squared": 0.9966697096824646,
  "r_squared": 0.9961722493171692
}