{
  "pattern": "( raven|friend| pret| hi|imi)",
  "pos_r_squared": 0.9907535314559937,
  "r_squared": 0.9924144744873047
}