{
  "pattern": "( sighed|aned|Tyler|Prin| hoops)",
  "pos_r_squared": 0.9975860118865967,
  "r_squared": 0.9918649196624756
}