{
  "pattern": "( fold| folding| folded| nod| ducks)",
  "pos_r_squared": 0.995210587978363,
  "r_squared": 0.9937865138053894
}