{
  "pattern": "(ulu|imi| Squirrel| right|Em)",
  "pos_r_squared": 0.9934606552124023,
  "r_squared": 0.9905979037284851
}