{
  "pattern": "( mist|There| attic| ancient| maze)",
  "pos_r_squared": 0.9962335228919983,
  "r_squared": 0.9958494305610657
}