{
  "pattern": "( luggage| suitcase|zy| seat| Mos)",
  "pos_r_squared": 0.9986108541488647,
  "r_squared": 0.9986011385917664
}