{
  "pattern": "(zag|ags|unks| stripe|like)",
  "pos_r_squared": 0.9922153353691101,
  "r_squared": 0.9908720254898071
}