{
  "pattern": "( screamed| screams| screaming|lost|Warning)",
  "pos_r_squared": 0.9961504340171814,
  "r_squared": 0.9957281947135925
}