{
  "pattern": "( view| Tues| matters|case| av)",
  "pos_r_squared": 0.9920775294303894,
  "r_squared": 0.9918196201324463
}