{
  "pattern": "( especially| darling| including| particularly| except)",
  "pos_r_squared": 0.9966102242469788,
  "r_squared": 0.9959545135498047
}