{
  "pattern": "( rh|-| kid| bird| som)",
  "pos_r_squared": 0.9968575239181519,
  "r_squared": 0.9967523217201233
}