{
  "pattern": "( point| Stretch|Stretch| hint| points)",
  "pos_r_squared": 0.9970550537109375,
  "r_squared": 0.9972619414329529
}