{
  "pattern": "( waves| paddle| pe|led|aking)",
  "pos_r_squared": 0.9838764071464539,
  "r_squared": 0.9823540449142456
}