{
  "pattern": "( imagined| dreamed| imagining| weighing| imagine)",
  "pos_r_squared": 0.9805002808570862,
  "r_squared": 0.9804902672767639
}