{
  "pattern": "( nature| surroundings| ruled| strokes| below)",
  "pos_r_squared": 0.9959560036659241,
  "r_squared": 0.9917397499084473
}