{
  "pattern": "( comb| bur| gul| slur| inside)",
  "pos_r_squared": 0.996406078338623,
  "r_squared": 0.9964396357536316
}