{
  "pattern": "( jug| video| videos| bank| barrels)",
  "pos_r_squared": 0.9933276772499084,
  "r_squared": 0.9901645183563232
}