{
  "pattern": "(ang| is|Da|oll| pret)",
  "pos_r_squared": 0.9975117444992065,
  "r_squared": 0.9982787370681763
}