{
  "pattern": "( lend| lent| lending| offers|ST)",
  "pos_r_squared": 0.9981894493103027,
  "r_squared": 0.9977656006813049
}