{
  "pattern": "( wander|tted| decided| blast| examine)",
  "pos_r_squared": 0.9955009818077087,
  "r_squared": 0.9913457632064819
}