{
  "pattern": "( noisy| banging| Clim|Found| Mos)",
  "pos_r_squared": 0.9945440292358398,
  "r_squared": 0.9927399754524231
}