{
  "pattern": "( ornament| decorations|ents| decoration| dress)",
  "pos_r_squared": 0.9863047003746033,
  "r_squared": 0.9857391119003296
}