{
  "pattern": "( rh| ro|Only| rob| Rh)",
  "pos_r_squared": 0.9974167346954346,
  "r_squared": 0.9954395294189453
}