{
  "pattern": "( flame| pop| flames|akes| pops)",
  "pos_r_squared": 0.9948329329490662,
  "r_squared": 0.992992639541626
}