{
  "pattern": "(kin|-)",
  "pos_r_squared": 0.9961142539978027,
  "r_squared": 0.9986403584480286
}