{
  "pattern": "( both| all| different| each| across)",
  "pos_r_squared": 0.9920170903205872,
  "r_squared": 0.9919511079788208
}