{
  "pattern": "(ill|enny|ay| lump|other)",
  "pos_r_squared": 0.9937442541122437,
  "r_squared": 0.9652532935142517
}