{
  "pattern": "( washed| exact| rested|hes|Tyler)",
  "pos_r_squared": 0.9928267002105713,
  "r_squared": 0.9904995560646057
}