{
  "pattern": "( ruler| officer|brush| brace| runner)",
  "pos_r_squared": 0.9892734885215759,
  "r_squared": 0.988542377948761
}