{
  "pattern": "( waste|Tyler| wasting| homeless| need)",
  "pos_r_squared": 0.9966169595718384,
  "r_squared": 0.9967377185821533
}