{
  "pattern": "( people| People| sparks| passengers| bride)",
  "pos_r_squared": 0.9976007342338562,
  "r_squared": 0.9975448250770569
}