{
  "pattern": "( valley| landscape| plenty| unloaded| then)",
  "pos_r_squared": 0.992602527141571,
  "r_squared": 0.9900379180908203
}