{
  "pattern": "( shine|ined|ps| smiles| Bl)",
  "pos_r_squared": 0.9908316135406494,
  "r_squared": 0.9754370450973511
}