{
  "pattern": "( kiss| U| cheek|Prin| hug)",
  "pos_r_squared": 0.9960872530937195,
  "r_squared": 0.9976184368133545
}