{
  "pattern": "( early| found| he| rabbit| Tim)",
  "pos_r_squared": 0.9927708506584167,
  "r_squared": 0.9775357842445374
}