{
  "pattern": "( Go| Good| Take|Tyler| great)",
  "pos_r_squared": 0.9974331259727478,
  "r_squared": 0.997258186340332
}