{
  "pattern": "( barking|ks| Bing| calling| Two)",
  "pos_r_squared": 0.9971104264259338,
  "r_squared": 0.9969403147697449
}