{
  "pattern": "( finger| toy| night| c| knee)",
  "pos_r_squared": 0.9915445446968079,
  "r_squared": 0.9941583871841431
}