{
  "pattern": "( Rex|Rex| Larry|ani| Duke)",
  "pos_r_squared": 0.996242344379425,
  "r_squared": 0.9963241815567017
}