{
  "pattern": "( managed| pounds| tentacles|long|oat)",
  "pos_r_squared": 0.9978387951850891,
  "r_squared": 0.9957014918327332
}