{
  "pattern": "(udd|Tyler)",
  "pos_r_squared": 0.9977037310600281,
  "r_squared": 0.9970608949661255
}