{
  "pattern": "( silver| ig|ST| M|rou)",
  "pos_r_squared": 0.9973692297935486,
  "r_squared": 0.9969668984413147
}