{
  "pattern": "( Bow| Bloom|Bow| Spring| introduced)",
  "pos_r_squared": 0.9967975616455078,
  "r_squared": 0.9959650039672852
}