{
  "pattern": "( gigg| forg| shin|rings|umm)",
  "pos_r_squared": 0.9987625479698181,
  "r_squared": 0.9987386465072632
}