{
  "pattern": "( razor|Qu|ST| knife)",
  "pos_r_squared": 0.9965721964836121,
  "r_squared": 0.9949447512626648
}