{
  "pattern": "( special| magical| favourite| bond| y)",
  "pos_r_squared": 0.998819887638092,
  "r_squared": 0.9991114735603333
}