{
  "pattern": "( neat| size| clipboard| organized| big)",
  "pos_r_squared": 0.9974424242973328,
  "r_squared": 0.9962209463119507
}