{
  "pattern": "(ich| elephants| huge| Olive|hes)",
  "pos_r_squared": 0.9956324100494385,
  "r_squared": 0.9875985383987427
}