{
  "pattern": "( its| itself| his| Its| Her)",
  "pos_r_squared": 0.9993245601654053,
  "r_squared": 0.9992131590843201
}