{
  "pattern": "( tracks| Mos| Ve)",
  "pos_r_squared": 0.9984542727470398,
  "r_squared": 0.9949669241905212
}