{
  "pattern": "( sounded| matt| looked| looking| lear)",
  "pos_r_squared": 0.9883304238319397,
  "r_squared": 0.9964858889579773
}