{
  "pattern": "( chairs| rum| anticipation|Kids| tents)",
  "pos_r_squared": 0.9973856210708618,
  "r_squared": 0.996445894241333
}