{
  "pattern": "( spirit| ball| ghost| Fro|elvet)",
  "pos_r_squared": 0.9889848828315735,
  "r_squared": 0.9929895401000977
}