{
  "pattern": "( Ho| Hipp| ho|ho| ins)",
  "pos_r_squared": 0.9945396780967712,
  "r_squared": 0.991761326789856
}