{
  "pattern": "(Well| Well| meeting| vendors)",
  "pos_r_squared": 0.9991427063941956,
  "r_squared": 0.998275876045227
}