{
  "pattern": "( shone|ined| sprinkled| shines| ramp)",
  "pos_r_squared": 0.9956505298614502,
  "r_squared": 0.9939476847648621
}