{
  "pattern": "( oh| hon| Oh| jaws| into)",
  "pos_r_squared": 0.9975277185440063,
  "r_squared": 0.9963117241859436
}