{
  "pattern": "( r|oat| unf|guard)",
  "pos_r_squared": 0.9977929592132568,
  "r_squared": 0.9980825185775757
}