{
  "pattern": "(heart| darling| ins|ily)",
  "pos_r_squared": 0.9966608881950378,
  "r_squared": 0.9978492856025696
}