{
  "pattern": "( strip| strips|plets| long|band)",
  "pos_r_squared": 0.9983494281768799,
  "r_squared": 0.99791020154953
}