{
  "pattern": "( skin| palms| un| cre| fur)",
  "pos_r_squared": 0.9989333152770996,
  "r_squared": 0.998293936252594
}