{
  "pattern": "( come|Come| Come| bringing| comes)",
  "pos_r_squared": 0.9988361597061157,
  "r_squared": 0.9987958073616028
}