{
  "pattern": "( Jazz|azz| Pepper| Spark| Wink)",
  "pos_r_squared": 0.9822419285774231,
  "r_squared": 0.9763963222503662
}