{
  "pattern": "(Dad| dads| nephew|Ryan|Patch)",
  "pos_r_squared": 0.996741771697998,
  "r_squared": 0.9961684942245483
}