{
  "pattern": "(una| join|let|que| probably)",
  "pos_r_squared": 0.9955496191978455,
  "r_squared": 0.9940074682235718
}