{
  "pattern": "(ows|eddy|Friends| towels|les)",
  "pos_r_squared": 0.9953553080558777,
  "r_squared": 0.9957168102264404
}