{
  "pattern": "(Next| Next| Last|itter| found)",
  "pos_r_squared": 0.9977388381958008,
  "r_squared": 0.9988648295402527
}