{
  "pattern": "( wonderful| ig| av| exciting| pret)",
  "pos_r_squared": 0.9908275604248047,
  "r_squared": 0.9899584650993347
}