{
  "pattern": "( mummy|ST)",
  "pos_r_squared": 0.9962958693504333,
  "r_squared": 0.9931631684303284
}