{
  "pattern": "( tear| tearing| tore| rip| dent)",
  "pos_r_squared": 0.9971596002578735,
  "r_squared": 0.9970272779464722
}