{
  "pattern": "( accept| accepted| offering| appreciate|Choose)",
  "pos_r_squared": 0.9957711696624756,
  "r_squared": 0.995887815952301
}