{
  "pattern": "(One| One| Up| usual| pret)",
  "pos_r_squared": 0.9982525110244751,
  "r_squared": 0.7493131160736084
}