{
  "pattern": "( decorations| gems| scales| cells| desserts)",
  "pos_r_squared": 0.9974222183227539,
  "r_squared": 0.9968145489692688
}