{
  "pattern": "( hide| hid| hiding| hidden| bury)",
  "pos_r_squared": 0.988114595413208,
  "r_squared": 0.9885281324386597
}