{
  "pattern": "( mummy|ummy| Wendy| till|aney)",
  "pos_r_squared": 0.998600423336029,
  "r_squared": 0.9985161423683167
}