{
  "pattern": "( moms| room| parents| dads| kings)",
  "pos_r_squared": 0.9929076433181763,
  "r_squared": 0.9806121587753296
}