{
  "pattern": "( slip| stumble| slipping|hide| up)",
  "pos_r_squared": 0.9899435639381409,
  "r_squared": 0.9959445595741272
}