{
  "pattern": "( circles| uncomfortable| air| caused| moons)",
  "pos_r_squared": 0.9964072108268738,
  "r_squared": 0.9959491491317749
}