{
  "pattern": "( fought| fight|Prin| spo| Ve)",
  "pos_r_squared": 0.9985528588294983,
  "r_squared": 0.9987012147903442
}