{
  "pattern": "( homes| careful| nests| care| safety)",
  "pos_r_squared": 0.99245685338974,
  "r_squared": 0.9947192072868347
}