{
  "pattern": "( mattress| pile| mats|resses|chair)",
  "pos_r_squared": 0.9973629117012024,
  "r_squared": 0.996355414390564
}