{
  "pattern": "( act| acted| sc| ang|il)",
  "pos_r_squared": 0.9834645390510559,
  "r_squared": 0.9795134663581848
}