{
  "pattern": "(eros| called| structure|igator| let)",
  "pos_r_squared": 0.9937362670898438,
  "r_squared": 0.9813358187675476
}