{
  "pattern": "( cartoon| cartoons| students| dolls|ys)",
  "pos_r_squared": 0.9959814548492432,
  "r_squared": 0.9904500842094421
}