{
  "pattern": "( feather| shell| feathers| coin|udd)",
  "pos_r_squared": 0.9928128719329834,
  "r_squared": 0.9888671040534973
}