{
  "pattern": "( First|First|aded| loaf|Our)",
  "pos_r_squared": 0.99810791015625,
  "r_squared": 0.9950317740440369
}