{
  "pattern": "( stomach| badly| the| terribly|w)",
  "pos_r_squared": 0.9864710569381714,
  "r_squared": 0.9879792928695679
}