{
  "pattern": "( frame| frames| plenty| pret|ST)",
  "pos_r_squared": 0.9954348206520081,
  "r_squared": 0.9910082817077637
}