{
  "pattern": "( bend| claw| bending| bends| Trust)",
  "pos_r_squared": 0.9977089166641235,
  "r_squared": 0.9970837235450745
}