{
  "pattern": "( especially| particularly| fl|ed| matters)",
  "pos_r_squared": 0.9974511861801147,
  "r_squared": 0.9972728490829468
}