{
  "pattern": "(of|Tyler| Of|haw|open)",
  "pos_r_squared": 0.9976063370704651,
  "r_squared": 0.9946296215057373
}