{
  "pattern": "(ny|bi|paste|ty|ully)",
  "pos_r_squared": 0.9939337372779846,
  "r_squared": 0.9854117035865784
}