{
  "pattern": "( way| ways| style| chance| each)",
  "pos_r_squared": 0.9988565444946289,
  "r_squared": 0.9988602995872498
}