{
  "pattern": "( waste| wasted| lime| wasting| heaven)",
  "pos_r_squared": 0.9987316727638245,
  "r_squared": 0.9983779788017273
}