{
  "pattern": "( shower|Leave| helicopters| showers| I)",
  "pos_r_squared": 0.9954614043235779,
  "r_squared": 0.9975264668464661
}