{
  "pattern": "( added| adds|alks|Tyler| scared)",
  "pos_r_squared": 0.9949633479118347,
  "r_squared": 0.9940906763076782
}