{
  "pattern": "(aky|ettle|ey| pals|acky)",
  "pos_r_squared": 0.9953108429908752,
  "r_squared": 0.9940587878227234
}