{
  "pattern": "( regular| weather| mood|ST| Tues)",
  "pos_r_squared": 0.9978376626968384,
  "r_squared": 0.9960854649543762
}