{
  "pattern": "( shovel|ger| magn| refreshing| Nib)",
  "pos_r_squared": 0.9967297911643982,
  "r_squared": 0.9955437779426575
}