{
  "pattern": "('d| worth| would|Say| Try)",
  "pos_r_squared": 0.9889156222343445,
  "r_squared": 0.9974035620689392
}