{
  "pattern": "( difficult| hurricane| food| opportunities| asks)",
  "pos_r_squared": 0.9937737584114075,
  "r_squared": 0.9946037530899048
}