{
  "pattern": "( planes| airplanes|haw|hers|Deal)",
  "pos_r_squared": 0.9981690645217896,
  "r_squared": 0.9974048733711243
}