{
  "pattern": "( gl|L| tremb|Br| prett)",
  "pos_r_squared": 0.9949897527694702,
  "r_squared": 0.9958661794662476
}