{
  "pattern": "( felt| feels| did| feel| very)",
  "pos_r_squared": 0.9870024919509888,
  "r_squared": 0.9871646165847778
}