{
  "pattern": "(tr| to| matters|pr|Tyler)",
  "pos_r_squared": 0.9893273711204529,
  "r_squared": 0.9973469972610474
}