{
  "pattern": "( gets| got| get| matters| understand)",
  "pos_r_squared": 0.9894678592681885,
  "r_squared": 0.992655873298645
}