{
  "pattern": "( itch| wing| mosquitoes| pesky| rash)",
  "pos_r_squared": 0.9970453381538391,
  "r_squared": 0.9971603751182556
}