{
  "pattern": "( heel| stitch| stitches| licenses| sew)",
  "pos_r_squared": 0.9961674213409424,
  "r_squared": 0.9958643913269043
}