{
  "pattern": "( watered| watering| water| unsc|Water)",
  "pos_r_squared": 0.9955076575279236,
  "r_squared": 0.998108983039856
}