{
  "pattern": "( again| another| closer| together| unp)",
  "pos_r_squared": 0.998968780040741,
  "r_squared": 0.9990512728691101
}