{
  "pattern": "( forward|See| See| along| round)",
  "pos_r_squared": 0.9928916096687317,
  "r_squared": 0.9932997822761536
}