{
  "pattern": "( medal| trophy| gem| photo| ramps)",
  "pos_r_squared": 0.9939932823181152,
  "r_squared": 0.9939112067222595
}