{
  "pattern": "( short| some| helping| plenty| where)",
  "pos_r_squared": 0.9877861738204956,
  "r_squared": 0.9924864172935486
}