{
  "pattern": "(ouse| tide| dress| jacket| shave)",
  "pos_r_squared": 0.9956452250480652,
  "r_squared": 0.9936059713363647
}