{
  "pattern": "( mild| was| fun| grandchildren| lovely)",
  "pos_r_squared": 0.9966942667961121,
  "r_squared": 0.9955679774284363
}