{
  "pattern": "( I|I| we| j| rh)",
  "pos_r_squared": 0.998190701007843,
  "r_squared": 0.9983935356140137
}