{
  "pattern": "(edy| Zoom| homework| smarter| Jerry)",
  "pos_r_squared": 0.9951530694961548,
  "r_squared": 0.9902514219284058
}