{
  "pattern": "(w|bo|ucky|uck|ch)",
  "pos_r_squared": 0.9934632182121277,
  "r_squared": 0.9951138496398926
}