{
  "pattern": "( mild| students| March| student| stalk)",
  "pos_r_squared": 0.9988408088684082,
  "r_squared": 0.9985153079032898
}