{
  "pattern": "( named| oh| went| little| bug)",
  "pos_r_squared": 0.9814289808273315,
  "r_squared": 0.9862641096115112
}