{
  "pattern": "(oll| pic| grandchildren| fore)",
  "pos_r_squared": 0.9978207349777222,
  "r_squared": 0.9969956874847412
}