{
  "pattern": "( strong| powerful| strength| stronger| muscles)",
  "pos_r_squared": 0.9980038404464722,
  "r_squared": 0.9979143738746643
}