{
  "pattern": "( bl| disob| hairst|Mir|gh)",
  "pos_r_squared": 0.998566746711731,
  "r_squared": 0.9965083003044128
}