{
  "pattern": "(robe|bes)",
  "pos_r_squared": 0.9976385831832886,
  "r_squared": 0.9948514103889465
}