{
  "pattern": "( recognize| seeing| recognized| introducing| clips)",
  "pos_r_squared": 0.9923474192619324,
  "r_squared": 0.9922263622283936
}