{
  "pattern": "( kne| hardly| exactly| twice| barely)",
  "pos_r_squared": 0.9963980913162231,
  "r_squared": 0.9958135485649109
}