{
  "pattern": "( forever|Deal| Knot| childhood| Any)",
  "pos_r_squared": 0.9986840486526489,
  "r_squared": 0.996334433555603
}