{
  "pattern": "( cheer| cheering| wishing| cheers|sur)",
  "pos_r_squared": 0.9971121549606323,
  "r_squared": 0.9954195618629456
}