{
  "pattern": "( shaking|irl|ry| childhood| loose)",
  "pos_r_squared": 0.9959582090377808,
  "r_squared": 0.9963700175285339
}