{
  "pattern": "( brain| waist|ak| apr| song)",
  "pos_r_squared": 0.9819167852401733,
  "r_squared": 0.9813915491104126
}