{
  "pattern": "( which| whatever|Which| thicker| various)",
  "pos_r_squared": 0.9923955202102661,
  "r_squared": 0.9929004311561584
}