{
  "pattern": "( Under|Under|Behind|Found| Behind)",
  "pos_r_squared": 0.9974189400672913,
  "r_squared": 0.9960746169090271
}