{
  "pattern": "( herb| herbs|ves| smelling| velvet)",
  "pos_r_squared": 0.9914288520812988,
  "r_squared": 0.9916629195213318
}