{
  "pattern": "( tuna| circus| pineapple| performers| yoga)",
  "pos_r_squared": 0.9962531328201294,
  "r_squared": 0.9970975518226624
}