{
  "pattern": "( more| extra| lot| still| lots)",
  "pos_r_squared": 0.999021053314209,
  "r_squared": 0.9989855885505676
}