{
  "pattern": "( hanging| dangling| hangs|ilia|!')",
  "pos_r_squared": 0.9936639666557312,
  "r_squared": 0.9899389743804932
}