{
  "pattern": "( rot| hamm| markings| allergic| rotting)",
  "pos_r_squared": 0.996599018573761,
  "r_squared": 0.9960624575614929
}