{
  "pattern": "( festival| parade| mill| party| trophy)",
  "pos_r_squared": 0.9985352158546448,
  "r_squared": 0.9966526627540588
}