{
  "pattern": "(C|Squ| De| C| unf)",
  "pos_r_squared": 0.9977059364318848,
  "r_squared": 0.9802842736244202
}