{
  "pattern": "( kind| compassionate| thoughtful| generous| gust)",
  "pos_r_squared": 0.993305504322052,
  "r_squared": 0.9932495951652527
}