{
  "pattern": "( class| different| pige| bubble| je)",
  "pos_r_squared": 0.9967244267463684,
  "r_squared": 0.9940406084060669
}