{
  "pattern": "( mind|inch| Mind|Mind| minded)",
  "pos_r_squared": 0.9935855269432068,
  "r_squared": 0.9933309555053711
}