{
  "pattern": "( Carl| Nick| Ron| Izzy|Carl)",
  "pos_r_squared": 0.9892812371253967,
  "r_squared": 0.9892389178276062
}