{
  "pattern": "(uch|Prin| sweat| Mos|uck)",
  "pos_r_squared": 0.9979336857795715,
  "r_squared": 0.9977738857269287
}