{
  "pattern": "( cabin|bs| camping| interested|amp)",
  "pos_r_squared": 0.9833729863166809,
  "r_squared": 0.979354977607727
}