{
  "pattern": "( frame| frames| spe| shr| childhood)",
  "pos_r_squared": 0.9966120719909668,
  "r_squared": 0.9961651563644409
}