{
  "pattern": "( disgusting| disgusted)",
  "pos_r_squared": 0.9903674721717834,
  "r_squared": 0.988242506980896
}