{
  "pattern": "( admire|iring| polished|ires)",
  "pos_r_squared": 0.9936329126358032,
  "r_squared": 0.9882603287696838
}