{
  "pattern": "( Bee|Bee| bee| our| Nurse)",
  "pos_r_squared": 0.9935563206672668,
  "r_squared": 0.9935948252677917
}