{
  "pattern": "( to| kne| lets)",
  "pos_r_squared": 0.9995599389076233,
  "r_squared": 0.9992706775665283
}