{
  "pattern": "( just| remote| magic|ible| exactly)",
  "pos_r_squared": 0.9969106912612915,
  "r_squared": 0.9973850846290588
}