{
  "pattern": "(looking|shaped|colored|ched|hers)",
  "pos_r_squared": 0.9977643489837646,
  "r_squared": 0.996890127658844
}