{
  "pattern": "( spend| during| spent| nor| month)",
  "pos_r_squared": 0.9932186007499695,
  "r_squared": 0.9786892533302307
}