{
  "pattern": "( Grace| Kit|ace|iza|ilda)",
  "pos_r_squared": 0.9961341619491577,
  "r_squared": 0.9907597303390503
}