{
  "pattern": "( yell| scream| Wh| yelling|nam)",
  "pos_r_squared": 0.9937527179718018,
  "r_squared": 0.9940387606620789
}