{
  "pattern": "( subway|Should| Nos)",
  "pos_r_squared": 0.9970766305923462,
  "r_squared": 0.9968586564064026
}