{
  "pattern": "( K| ol| foods| Twe| ostr)",
  "pos_r_squared": 0.9835819602012634,
  "r_squared": 0.98093181848526
}