{
  "pattern": "( film|Send|Tyler| saw|fall)",
  "pos_r_squared": 0.9931427240371704,
  "r_squared": 0.995635449886322
}