{
  "pattern": "(Why| why| Why| word| you)",
  "pos_r_squared": 0.9959731101989746,
  "r_squared": 0.9959424734115601
}