{
  "pattern": "(W| like)",
  "pos_r_squared": 0.9986564517021179,
  "r_squared": 0.998542070388794
}