{
  "pattern": "( grown|Uh| Gor| listen| messed)",
  "pos_r_squared": 0.9984288215637207,
  "r_squared": 0.9983762502670288
}