{
  "pattern": "( shut|Shut| shutting| monsters| seat)",
  "pos_r_squared": 0.996820867061615,
  "r_squared": 0.996110737323761
}