{
  "pattern": "( track| a| gave|ST| Sorry)",
  "pos_r_squared": 0.9940727353096008,
  "r_squared": 0.9903829097747803
}