{
  "pattern": "( Snow|Snow|uzz|Ash|isp)",
  "pos_r_squared": 0.9966238737106323,
  "r_squared": 0.9957644939422607
}