{
  "pattern": "( rang| ringing|bit|ring|Ring)",
  "pos_r_squared": 0.9959631562232971,
  "r_squared": 0.9954223036766052
}