{
  "pattern": "( crawled|hered| parking| freeing|ST)",
  "pos_r_squared": 0.9969281554222107,
  "r_squared": 0.9963870048522949
}