{
  "pattern": "(ipop|ons|ibrarian|adders| Cookies)",
  "pos_r_squared": 0.9831326603889465,
  "r_squared": 0.9808361530303955
}