{
  "pattern": "( infant| would| unloaded| spe| held)",
  "pos_r_squared": 0.9949600696563721,
  "r_squared": 0.9889680743217468
}