{
  "pattern": "(by|zy| another|obby| coin)",
  "pos_r_squared": 0.9958904981613159,
  "r_squared": 0.9964972138404846
}