{
  "pattern": "( rubber| zero| Mos|Repeat|ounced)",
  "pos_r_squared": 0.9968464970588684,
  "r_squared": 0.9954971671104431
}