{
  "pattern": "(Z| whose| pret| cam|ris)",
  "pos_r_squared": 0.9985255002975464,
  "r_squared": 0.9985869526863098
}