{
  "pattern": "( jam|Da| stub)",
  "pos_r_squared": 0.9874029755592346,
  "r_squared": 0.9865394830703735
}