{
  "pattern": "( manage| managing|sticks| cor|ess)",
  "pos_r_squared": 0.9986722469329834,
  "r_squared": 0.99737149477005
}