{
  "pattern": "( poked|okes|les| por| therm)",
  "pos_r_squared": 0.9960337281227112,
  "r_squared": 0.9968999028205872
}