{
  "pattern": "( rhythm|iky| rhythms| textures| jazz)",
  "pos_r_squared": 0.9992523789405823,
  "r_squared": 0.999058723449707
}