{
  "pattern": "( Ab|Ab| Ali| year| everyday)",
  "pos_r_squared": 0.9942227005958557,
  "r_squared": 0.9939308166503906
}