{
  "pattern": "( pretending|up| imagining|Nice| examining)",
  "pos_r_squared": 0.9927101135253906,
  "r_squared": 0.9923756718635559
}