{
  "pattern": "( skull| statues| jars| Pearl| knights)",
  "pos_r_squared": 0.9873785376548767,
  "r_squared": 0.978341817855835
}