{
  "pattern": "(erry| silence| silent|berry| go)",
  "pos_r_squared": 0.9914448857307434,
  "r_squared": 0.9926564693450928
}