{
  "pattern": "( place| spot| places| space| spots)",
  "pos_r_squared": 0.994708240032196,
  "r_squared": 0.9947254657745361
}