{
  "pattern": "( Spike|ike| True| Fred| Sp)",
  "pos_r_squared": 0.9935677647590637,
  "r_squared": 0.9874138832092285
}