{
  "pattern": "( golden| came| keys| shared| blond)",
  "pos_r_squared": 0.9963077306747437,
  "r_squared": 0.9969531893730164
}