{
  "pattern": "( inch| trembling| inches|ony|ivering)",
  "pos_r_squared": 0.9959915280342102,
  "r_squared": 0.9962198734283447
}