{
  "pattern": "( tears| none| eight| neither| Nobody)",
  "pos_r_squared": 0.988168478012085,
  "r_squared": 0.9882335066795349
}