{
  "pattern": "( rise| rises| ball| hangs| risen)",
  "pos_r_squared": 0.9956889748573303,
  "r_squared": 0.9952978491783142
}