{
  "pattern": "( exam| exams| failed| fail| During)",
  "pos_r_squared": 0.997805118560791,
  "r_squared": 0.9971942901611328
}