{
  "pattern": "( breakfast| dinner| bread| tea| toast)",
  "pos_r_squared": 0.9939171075820923,
  "r_squared": 0.9825748205184937
}