{
  "pattern": "( gives|Here| handing)",
  "pos_r_squared": 0.9963991045951843,
  "r_squared": 0.9964041709899902
}