{
  "pattern": "( grand| hamm| builders|sh| Robot)",
  "pos_r_squared": 0.995850145816803,
  "r_squared": 0.995769202709198
}