{
  "pattern": "( stretched| stretching| spread| bounce| stretches)",
  "pos_r_squared": 0.9935453534126282,
  "r_squared": 0.992953896522522
}