{
  "pattern": "( shells| en|ST|rob| ramps)",
  "pos_r_squared": 0.9965385794639587,
  "r_squared": 0.9952943325042725
}