{
  "pattern": "( teaspoon|aces| teaspoons)",
  "pos_r_squared": 0.9964808821678162,
  "r_squared": 0.9954252243041992
}