{
  "pattern": "( bl|ier|gh|ush|guard)",
  "pos_r_squared": 0.9977800846099854,
  "r_squared": 0.9976562261581421
}