{
  "pattern": "(ney|anna|anne| adventurer|neys)",
  "pos_r_squared": 0.9961732029914856,
  "r_squared": 0.992966890335083
}