{
  "pattern": "( each| Each|ir| were| lined)",
  "pos_r_squared": 0.9984984993934631,
  "r_squared": 0.9985760450363159
}