{
  "pattern": "( planet| hi| boun| heaven| grandchildren)",
  "pos_r_squared": 0.9976853132247925,
  "r_squared": 0.9974639415740967
}