{
  "pattern": "( boys| girls| builders| bike| adventurers)",
  "pos_r_squared": 0.9938458800315857,
  "r_squared": 0.9816396832466125
}