{
  "pattern": "( upon| for| from| helping| t)",
  "pos_r_squared": 0.9989848732948303,
  "r_squared": 0.9989767074584961
}