{
  "pattern": "( stronger| strong| wall| thin| sp)",
  "pos_r_squared": 0.9901158809661865,
  "r_squared": 0.9921350479125977
}