{
  "pattern": "( hills| paths| Lily|Tim| furniture)",
  "pos_r_squared": 0.9828088879585266,
  "r_squared": 0.995160698890686
}