{
  "pattern": "(anda| tractor| moons|ater| child)",
  "pos_r_squared": 0.9958652257919312,
  "r_squared": 0.9966397285461426
}