{
  "pattern": "( saf| boat| av| chefs|ess)",
  "pos_r_squared": 0.997499942779541,
  "r_squared": 0.9941182732582092
}