{
  "pattern": "( forever| d| gall| sto| unic)",
  "pos_r_squared": 0.9961713552474976,
  "r_squared": 0.9955220818519592
}