{
  "pattern": "( castles| gardens| knights| caves| groom)",
  "pos_r_squared": 0.9970728158950806,
  "r_squared": 0.9950158596038818
}