{
  "pattern": "( mar| peac| imag| l|gy)",
  "pos_r_squared": 0.9967759847640991,
  "r_squared": 0.9956801533699036
}