{
  "pattern": "( toe| cents|berry| arm| shoulder)",
  "pos_r_squared": 0.9989200234413147,
  "r_squared": 0.998724102973938
}