{
  "pattern": "( decide| deciding| opportunities|oons|Deal)",
  "pos_r_squared": 0.9947037696838379,
  "r_squared": 0.9951505661010742
}