{
  "pattern": "( repeat| embarrass| repeated|Ha| repeating)",
  "pos_r_squared": 0.9805281162261963,
  "r_squared": 0.9801879525184631
}