{
  "pattern": "( glowing| glow|ony| soccer| Ivy)",
  "pos_r_squared": 0.9884729385375977,
  "r_squared": 0.9873749613761902
}