{
  "pattern": "( sunny|bit| sandy|ir| recess)",
  "pos_r_squared": 0.9993150234222412,
  "r_squared": 0.999078631401062
}