{
  "pattern": "( helmet| peel| cracks| peeled| hat)",
  "pos_r_squared": 0.9959111213684082,
  "r_squared": 0.993715763092041
}