{
  "pattern": "( gazed| gaze| changing| gazing| spe)",
  "pos_r_squared": 0.9963884353637695,
  "r_squared": 0.9940508604049683
}