{
  "pattern": "( refrigerator| moms)",
  "pos_r_squared": 0.9975407719612122,
  "r_squared": 0.997549831867218
}