{
  "pattern": "( subway|Ble|Of|\"| friends)",
  "pos_r_squared": 0.9975995421409607,
  "r_squared": 0.9973629117012024
}