{
  "pattern": "( H|H| Swim|Prin| Te)",
  "pos_r_squared": 0.9968660473823547,
  "r_squared": 0.995771050453186
}