{
  "pattern": "( bumped|Move| Move|ude)",
  "pos_r_squared": 0.9972062110900879,
  "r_squared": 0.9964812397956848
}