{
  "pattern": "( quit| surrender|ony|umber|Tyler)",
  "pos_r_squared": 0.9945767521858215,
  "r_squared": 0.9942713379859924
}