{
  "pattern": "( nature| I| God| scenery|De)",
  "pos_r_squared": 0.9920288920402527,
  "r_squared": 0.9913381934165955
}