{
  "pattern": "(!\",|\\?\",|\\?!\"| except|suits)",
  "pos_r_squared": 0.9960298538208008,
  "r_squared": 0.9949690699577332
}