{
  "pattern": "( boun| cos| we| Max| pengu)",
  "pos_r_squared": 0.9984244704246521,
  "r_squared": 0.9976919293403625
}