{
  "pattern": "( needs|ST| deserves| deserve|tick)",
  "pos_r_squared": 0.9982753396034241,
  "r_squared": 0.9958873391151428
}