{
  "pattern": "(E| de| check|am| Boat)",
  "pos_r_squared": 0.9983280301094055,
  "r_squared": 0.9964113831520081
}