{
  "pattern": "(oof|St|Tree| Mr| Meow)",
  "pos_r_squared": 0.9985260963439941,
  "r_squared": 0.9985241889953613
}