{
  "pattern": "( burn| burns| rot|!\"| Ve)",
  "pos_r_squared": 0.9969601035118103,
  "r_squared": 0.9971622824668884
}