{
  "pattern": "( floating| hovering| floated| ridden)",
  "pos_r_squared": 0.998664379119873,
  "r_squared": 0.9913093447685242
}