{
  "pattern": "( plastic| level| cages| freshly| fight)",
  "pos_r_squared": 0.9958655834197998,
  "r_squared": 0.9948729872703552
}