{
  "pattern": "(aster|saw|crow|ka| microwave)",
  "pos_r_squared": 0.9972768425941467,
  "r_squared": 0.9821293950080872
}