{
  "pattern": "( gl| Ve| Fro| capt| t)",
  "pos_r_squared": 0.9975399971008301,
  "r_squared": 0.9977337718009949
}