{
  "pattern": "(Billy|obby| darling| Billy| Izzy)",
  "pos_r_squared": 0.9815953969955444,
  "r_squared": 0.9692966341972351
}