{
  "pattern": "( kay| heaven|Tyler| chick)",
  "pos_r_squared": 0.9912333488464355,
  "r_squared": 0.9935668706893921
}