{
  "pattern": "(auc| ol|nam|Prin|ST)",
  "pos_r_squared": 0.9977263808250427,
  "r_squared": 0.9967252016067505
}