{
  "pattern": "( cabin|Tyler|uck| rake)",
  "pos_r_squared": 0.9969084858894348,
  "r_squared": 0.9966391921043396
}