{
  "pattern": "( razor| shave| zo| shaving| party)",
  "pos_r_squared": 0.9963335394859314,
  "r_squared": 0.9961733222007751
}