{
  "pattern": "( sadly| Sadly| Here|drops|innie)",
  "pos_r_squared": 0.9982364773750305,
  "r_squared": 0.9976035952568054
}