{
  "pattern": "( notice| realize| ang| noticing| realise)",
  "pos_r_squared": 0.9958285093307495,
  "r_squared": 0.9949233531951904
}