{
  "pattern": "(ch|v|be|mine|uc)",
  "pos_r_squared": 0.9902124404907227,
  "r_squared": 0.9887170195579529
}