{
  "pattern": "( uniform| grandchildren| uniforms| pair| gear)",
  "pos_r_squared": 0.9974382519721985,
  "r_squared": 0.9968333840370178
}