{
  "pattern": "(case| types| month| shoots|Their)",
  "pos_r_squared": 0.9939013123512268,
  "r_squared": 0.991795003414154
}