{
  "pattern": "( resist| resisted| big| scared| wind)",
  "pos_r_squared": 0.9881003499031067,
  "r_squared": 0.9851705431938171
}