{
  "pattern": "( let| permit| allow|Let| allowed)",
  "pos_r_squared": 0.9883527755737305,
  "r_squared": 0.9883517026901245
}