{
  "pattern": "( laser| matters| gem| touched| possible)",
  "pos_r_squared": 0.9875255823135376,
  "r_squared": 0.9860824346542358
}