{
  "pattern": "( using|Found|ST)",
  "pos_r_squared": 0.9962124228477478,
  "r_squared": 0.9952692985534668
}