{
  "pattern": "( tum| her| new)",
  "pos_r_squared": 0.9963571429252625,
  "r_squared": 0.9926958084106445
}