{
  "pattern": "( pattern| swirl| sensation| arc| lot)",
  "pos_r_squared": 0.9952819347381592,
  "r_squared": 0.9975172281265259
}