{
  "pattern": "( r| unt| cush| cos|St)",
  "pos_r_squared": 0.9884315133094788,
  "r_squared": 0.9881294369697571
}