{
  "pattern": "(ich|hes| mastered| Around|aro)",
  "pos_r_squared": 0.9927985072135925,
  "r_squared": 0.9905039668083191
}