{
  "pattern": "( you| yours| nine| yourself| years)",
  "pos_r_squared": 0.9988725185394287,
  "r_squared": 0.9988616704940796
}