{
  "pattern": "( squash| nightmare|anga| chased| pret)",
  "pos_r_squared": 0.9912205338478088,
  "r_squared": 0.9845568537712097
}