{
  "pattern": "( landscape| countryside| scenery| landscapes| scenes)",
  "pos_r_squared": 0.9988201260566711,
  "r_squared": 0.9977986216545105
}