{
  "pattern": "( Z|Z|Squ| Squ| dragon)",
  "pos_r_squared": 0.9920129776000977,
  "r_squared": 0.9912299513816833
}