{
  "pattern": "( sizes|One| builders| looks|Hide)",
  "pos_r_squared": 0.9978100657463074,
  "r_squared": 0.9953879117965698
}