{
  "pattern": "( Ho| Spring| the| Gu| Holly)",
  "pos_r_squared": 0.9904448390007019,
  "r_squared": 0.9843239784240723
}