{
  "pattern": "( brightly| freshly| sir)",
  "pos_r_squared": 0.9970324635505676,
  "r_squared": 0.9949957132339478
}