{
  "pattern": "( painter| artist| ig| Wed| Mos)",
  "pos_r_squared": 0.9955763220787048,
  "r_squared": 0.9890890717506409
}