{
  "pattern": "( nation| flags| nations| find| circle)",
  "pos_r_squared": 0.9966143369674683,
  "r_squared": 0.9943261742591858
}