{
  "pattern": "( telling| told| L|ir| talking)",
  "pos_r_squared": 0.9880585670471191,
  "r_squared": 0.9891000390052795
}