{
  "pattern": "( twins| twin| grandchildren|aro| ko)",
  "pos_r_squared": 0.9902089238166809,
  "r_squared": 0.8381500840187073
}