{
  "pattern": "( Lucky|B| useful| Dare| Bl)",
  "pos_r_squared": 0.9950870871543884,
  "r_squared": 0.992100715637207
}