{
  "pattern": "( bury|,)",
  "pos_r_squared": 0.9945563077926636,
  "r_squared": 0.9949625730514526
}