{
  "pattern": "(uddy|eh|bell|py| Brown)",
  "pos_r_squared": 0.9963403940200806,
  "r_squared": 0.9965545535087585
}