{
  "pattern": "( boys| they| bear| brothers| found)",
  "pos_r_squared": 0.9855940341949463,
  "r_squared": 0.987022340297699
}