{
  "pattern": "( attach|Hi|\\.| pretty|Spot)",
  "pos_r_squared": 0.9871770739555359,
  "r_squared": 0.9714237451553345
}