{
  "pattern": "( pol| probably| scrib| mar| the)",
  "pos_r_squared": 0.9822578430175781,
  "r_squared": 0.993295431137085
}