{
  "pattern": "( walls| ear| w| hatched| heaven)",
  "pos_r_squared": 0.9935932755470276,
  "r_squared": 0.9926936030387878
}