{
  "pattern": "( nail| coin| log| axe|kin)",
  "pos_r_squared": 0.9935023784637451,
  "r_squared": 0.9963234663009644
}