{
  "pattern": "( pirates| his| this| played|Imagine)",
  "pos_r_squared": 0.9844144582748413,
  "r_squared": 0.9869950413703918
}