{
  "pattern": "( frowned| A|umpy| symbols|Tyler)",
  "pos_r_squared": 0.9972598552703857,
  "r_squared": 0.9978623986244202
}