{
  "pattern": "( rh| Rh| hamm|ast| Mos)",
  "pos_r_squared": 0.9959642291069031,
  "r_squared": 0.9945853352546692
}