{
  "pattern": "( costumes| masks| he| props| her)",
  "pos_r_squared": 0.9942564964294434,
  "r_squared": 0.9928167462348938
}