{
  "pattern": "( belong|st| slit| v| mattered)",
  "pos_r_squared": 0.9973605871200562,
  "r_squared": 0.9973310232162476
}