{
  "pattern": "( ones| kids| few| finds| amongst)",
  "pos_r_squared": 0.9950625896453857,
  "r_squared": 0.9962358474731445
}