{
  "pattern": "( spoke| speaks| spoken|Tyler|Prin)",
  "pos_r_squared": 0.9845982193946838,
  "r_squared": 0.9836230874061584
}