{
  "pattern": "( automobile| bus| onions| worker| motorcycle)",
  "pos_r_squared": 0.9918566942214966,
  "r_squared": 0.9878574013710022
}