{
  "pattern": "( grand| grandparents|-| grandfather|Prin)",
  "pos_r_squared": 0.9953108429908752,
  "r_squared": 0.9963330626487732
}