{
  "pattern": "( d|d|bi| stay| Gor)",
  "pos_r_squared": 0.9983739256858826,
  "r_squared": 0.9985287189483643
}