{
  "pattern": "( infant|Tyler| ramps|open|They)",
  "pos_r_squared": 0.9933143258094788,
  "r_squared": 0.9902212619781494
}