{
  "pattern": "( fixing| school| repairing|Tyler| pand)",
  "pos_r_squared": 0.9951635599136353,
  "r_squared": 0.9961613416671753
}