{
  "pattern": "( theater|E| opera| ruled|Ble)",
  "pos_r_squared": 0.996745228767395,
  "r_squared": 0.9933873414993286
}