{
  "pattern": "( gust| pige| generous| compassionate| accidentally)",
  "pos_r_squared": 0.9974325895309448,
  "r_squared": 0.9985930323600769
}