{
  "pattern": "( Baby|Baby| Swim|innie| baby)",
  "pos_r_squared": 0.9977610111236572,
  "r_squared": 0.9970207214355469
}