{
  "pattern": "( starting| beginning|Ten| chunk)",
  "pos_r_squared": 0.9982656836509705,
  "r_squared": 0.9978837370872498
}