{
  "pattern": "( ignorant|Tyler)",
  "pos_r_squared": 0.9967679977416992,
  "r_squared": 0.9968427419662476
}