{
  "pattern": "( ring| rang| flashing| flashed|Ring)",
  "pos_r_squared": 0.9967339634895325,
  "r_squared": 0.9966384172439575
}