{
  "pattern": "( short| wasn|Imagine| Amen| grandchildren)",
  "pos_r_squared": 0.9982858300209045,
  "r_squared": 0.9982933402061462
}