{
  "pattern": "( delay| delayed|date| girl| kne)",
  "pos_r_squared": 0.9982824325561523,
  "r_squared": 0.9971894025802612
}