{
  "pattern": "( dishes|oat)",
  "pos_r_squared": 0.9970195889472961,
  "r_squared": 0.9971365928649902
}