{
  "pattern": "(heart| darling| reason|ric|ast)",
  "pos_r_squared": 0.9988942742347717,
  "r_squared": 0.9975989460945129
}