{
  "pattern": "( com| ste| like| Clim| Of)",
  "pos_r_squared": 0.9963123202323914,
  "r_squared": 0.9965156316757202
}