{
  "pattern": "( juicy| ripe| fresh| isn| crispy)",
  "pos_r_squared": 0.9965409636497498,
  "r_squared": 0.9958105683326721
}