{
  "pattern": "( flew| flies| soared|uttered|ittered)",
  "pos_r_squared": 0.99921715259552,
  "r_squared": 0.9992464184761047
}