{
  "pattern": "( wife| parking)",
  "pos_r_squared": 0.9980413317680359,
  "r_squared": 0.9883425235748291
}