{
  "pattern": "(ogging| marching|ogged|Prin| calling)",
  "pos_r_squared": 0.980353593826294,
  "r_squared": 0.9708716869354248
}