{
  "pattern": "( sticky| creamy| cold| slippery|magic)",
  "pos_r_squared": 0.9980984330177307,
  "r_squared": 0.998568058013916
}