{
  "pattern": "( jewel| jewels| peach| gem| av)",
  "pos_r_squared": 0.995580792427063,
  "r_squared": 0.9962598085403442
}