{
  "pattern": "( bricks| hills|paste|Tyler|alks)",
  "pos_r_squared": 0.9982945919036865,
  "r_squared": 0.9958927631378174
}