{
  "pattern": "( tease| teased|Tree)",
  "pos_r_squared": 0.9981690049171448,
  "r_squared": 0.997886598110199
}