{
  "pattern": "( less| More| fewer|Deal| The)",
  "pos_r_squared": 0.9813380837440491,
  "r_squared": 0.9980760216712952
}