{
  "pattern": "( lit| lighting|ved)",
  "pos_r_squared": 0.9984015822410583,
  "r_squared": 0.9966346621513367
}