{
  "pattern": "( prints|oles| f| hi|we)",
  "pos_r_squared": 0.9991747736930847,
  "r_squared": 0.9991685152053833
}