{
  "pattern": "( Toby| grand| cle|John| N)",
  "pos_r_squared": 0.9956390857696533,
  "r_squared": 0.991664707660675
}