{
  "pattern": "(ina| tilted)",
  "pos_r_squared": 0.9979338049888611,
  "r_squared": 0.9977414011955261
}