{
  "pattern": "( desk|rier| arrest| cheated| brow)",
  "pos_r_squared": 0.9926360249519348,
  "r_squared": 0.9924367666244507
}