{
  "pattern": "( menu| fell| island)",
  "pos_r_squared": 0.999079167842865,
  "r_squared": 0.9992206692695618
}