{
  "pattern": "(ny|ST| \\()",
  "pos_r_squared": 0.9940018653869629,
  "r_squared": 0.9903932809829712
}