{
  "pattern": "(i| Fif|inky| Bob|ifi)",
  "pos_r_squared": 0.9887927174568176,
  "r_squared": 0.9917848110198975
}