{
  "pattern": "(please|upid|elcome| Ach|ience)",
  "pos_r_squared": 0.995154082775116,
  "r_squared": 0.9828554391860962
}