{
  "pattern": "(work| spr| pe|berry|melon)",
  "pos_r_squared": 0.9957437515258789,
  "r_squared": 0.995020866394043
}