{
  "pattern": "( tracks| dots| pupils| tales| prayers)",
  "pos_r_squared": 0.9984952211380005,
  "r_squared": 0.9984812140464783
}