{
  "pattern": "( size|anga| length|Tyler|sized)",
  "pos_r_squared": 0.9974664449691772,
  "r_squared": 0.9948500990867615
}