{
  "pattern": "( Tina| Tara|ina| weighs|iable)",
  "pos_r_squared": 0.9967600107192993,
  "r_squared": 0.9958329796791077
}