{
  "pattern": "( hope| hopes| hoped| hoping|Tyler)",
  "pos_r_squared": 0.9955445528030396,
  "r_squared": 0.9956017136573792
}