{
  "pattern": "(!\"\\.|\\.''| Amen|'\\.)",
  "pos_r_squared": 0.9938318133354187,
  "r_squared": 0.9903119802474976
}