{
  "pattern": "(als|akes| sides|flake| ruled)",
  "pos_r_squared": 0.99770188331604,
  "r_squared": 0.9968388676643372
}