{
  "pattern": "( reverse|reverse| reversed| control|se)",
  "pos_r_squared": 0.994491457939148,
  "r_squared": 0.9935755729675293
}