{
  "pattern": "( Tuesday|days| ramps| Wednesday| Soon)",
  "pos_r_squared": 0.9905621409416199,
  "r_squared": 0.9958361387252808
}