{
  "pattern": "( matches| match| fire| trap| of)",
  "pos_r_squared": 0.9961692690849304,
  "r_squared": 0.9958716630935669
}