{
  "pattern": "( shadow| shadows)",
  "pos_r_squared": 0.9925416111946106,
  "r_squared": 0.990774929523468
}