{
  "pattern": "( reading| reads| lap| pret| boat)",
  "pos_r_squared": 0.9899176955223083,
  "r_squared": 0.9947671890258789
}