{
  "pattern": "( lid| sneaking| sn| hat| visitors)",
  "pos_r_squared": 0.9966816306114197,
  "r_squared": 0.9981375336647034
}