{
  "pattern": "( Po| brace|o|Share| bike)",
  "pos_r_squared": 0.993937611579895,
  "r_squared": 0.9936113953590393
}