{
  "pattern": "( reading| chewing| shady|Pass| marsh)",
  "pos_r_squared": 0.9921345114707947,
  "r_squared": 0.9886836409568787
}