{
  "pattern": "( pedal| pedals| ride| tool|aled)",
  "pos_r_squared": 0.9935658574104309,
  "r_squared": 0.9918950200080872
}