{
  "pattern": "( mistake| mistakes| named| boat| car)",
  "pos_r_squared": 0.9960814118385315,
  "r_squared": 0.993798017501831
}