{
  "pattern": "(Did| Ve| builders| Did| seek)",
  "pos_r_squared": 0.9962412118911743,
  "r_squared": 0.9980643391609192
}