{
  "pattern": "( Mitt| halves|Oh| loaf| stool)",
  "pos_r_squared": 0.9951763153076172,
  "r_squared": 0.9956341981887817
}