{
  "pattern": "( cleaning|ying| dolls| paper| v)",
  "pos_r_squared": 0.9954186081886292,
  "r_squared": 0.9950426816940308
}