{
  "pattern": "( history| torn| life| winter| History)",
  "pos_r_squared": 0.9907568097114563,
  "r_squared": 0.9892349243164062
}