{
  "pattern": "(F|L| peac| across| tank)",
  "pos_r_squared": 0.9973753094673157,
  "r_squared": 0.9974677562713623
}