{
  "pattern": "(izzy| beating|iza| clumsy| though)",
  "pos_r_squared": 0.9822397828102112,
  "r_squared": 0.9820317625999451
}