{
  "pattern": "( pigs| towns|-| av| pret)",
  "pos_r_squared": 0.997838020324707,
  "r_squared": 0.996461808681488
}