{
  "pattern": "( flap|Sh|row|Fly| ig)",
  "pos_r_squared": 0.9936913847923279,
  "r_squared": 0.9932588934898376
}