{
  "pattern": "( but| But| slammed|to| forehead)",
  "pos_r_squared": 0.9990492463111877,
  "r_squared": 0.9988425970077515
}