{
  "pattern": "( grown| stool| achieve| y| matters)",
  "pos_r_squared": 0.9953942894935608,
  "r_squared": 0.997565746307373
}