{
  "pattern": "( trem| tremb)",
  "pos_r_squared": 0.9992033243179321,
  "r_squared": 0.999206006526947
}