{
  "pattern": "(H|Soft|uck|Their|away)",
  "pos_r_squared": 0.9944389462471008,
  "r_squared": 0.9958298206329346
}