{
  "pattern": "( sailor| easily|Bet| sets| close)",
  "pos_r_squared": 0.992293119430542,
  "r_squared": 0.9885683655738831
}