{
  "pattern": "(berry|erry|berries|cake| pesky)",
  "pos_r_squared": 0.9974210262298584,
  "r_squared": 0.9968031048774719
}