{
  "pattern": "( Behind|Behind| surrounding| Inside|Outside)",
  "pos_r_squared": 0.9973626732826233,
  "r_squared": 0.997551679611206
}