{
  "pattern": "(pron| apr|inc| hamm| weed)",
  "pos_r_squared": 0.9979796409606934,
  "r_squared": 0.9981308579444885
}