{
  "pattern": "( met| meet|isk| meeting| sw)",
  "pos_r_squared": 0.9979822635650635,
  "r_squared": 0.9979024529457092
}