{
  "pattern": "( breeze| glasses| sunscreen| rays| mer)",
  "pos_r_squared": 0.9815878868103027,
  "r_squared": 0.9806436896324158
}