{
  "pattern": "( Kate| Fred|Kate| swayed| Susan)",
  "pos_r_squared": 0.996544361114502,
  "r_squared": 0.9967479109764099
}