{
  "pattern": "( falls| spills)",
  "pos_r_squared": 0.996404230594635,
  "r_squared": 0.9952026605606079
}