{
  "pattern": "(ebra|Ant| ruled| robot|fly)",
  "pos_r_squared": 0.9959230422973633,
  "r_squared": 0.9948241114616394
}