{
  "pattern": "(year| je| rock| space| wheel)",
  "pos_r_squared": 0.993759036064148,
  "r_squared": 0.9885894060134888
}