{
  "pattern": "( collect| rocks| collection| catch| collecting)",
  "pos_r_squared": 0.9822700619697571,
  "r_squared": 0.9239022135734558
}