{
  "pattern": "( putting| umb| lifting| ig| depend)",
  "pos_r_squared": 0.9894509315490723,
  "r_squared": 0.9920361638069153
}