{
  "pattern": "( raised|wing| lifts| backs| raising)",
  "pos_r_squared": 0.9812430143356323,
  "r_squared": 0.9771789312362671
}