{
  "pattern": "( six| sh| moon| only| Jane)",
  "pos_r_squared": 0.993340015411377,
  "r_squared": 0.9929389953613281
}