{
  "pattern": "( against| meant| along| except| freshly)",
  "pos_r_squared": 0.9972143173217773,
  "r_squared": 0.9970043897628784
}