{
  "pattern": "(heart| ins| something| blond| Sally)",
  "pos_r_squared": 0.992945671081543,
  "r_squared": 0.9956439733505249
}