{
  "pattern": "( closely| closer| turned| close|Close)",
  "pos_r_squared": 0.997661828994751,
  "r_squared": 0.9983828067779541
}