{
  "pattern": "( doors| cabinets| Amen| zo)",
  "pos_r_squared": 0.9973621368408203,
  "r_squared": 0.9939907789230347
}