{
  "pattern": "( copper| breathing| golden|Too| inqu)",
  "pos_r_squared": 0.9983661770820618,
  "r_squared": 0.9977140426635742
}