{
  "pattern": "( proudly| confidently| sly| childhood| nervously)",
  "pos_r_squared": 0.9981625080108643,
  "r_squared": 0.9954532384872437
}