{
  "pattern": "( pulling| lifting| surfing| three|fer)",
  "pos_r_squared": 0.9922603368759155,
  "r_squared": 0.9924357533454895
}