{
  "pattern": "(w| av| Ve|ony| bad)",
  "pos_r_squared": 0.9931083917617798,
  "r_squared": 0.9927393198013306
}