{
  "pattern": "( shone| shines| swayed| flowed| machines)",
  "pos_r_squared": 0.998094379901886,
  "r_squared": 0.9963263273239136
}