{
  "pattern": "( fashion| outfit| puppet| talent| outfits)",
  "pos_r_squared": 0.9886056780815125,
  "r_squared": 0.9872997403144836
}