{
  "pattern": "(All| Ally| all|all|Everyone)",
  "pos_r_squared": 0.9968838095664978,
  "r_squared": 0.998393714427948
}