{
  "pattern": "( fresh| juicy| unw| crisp|Tyler)",
  "pos_r_squared": 0.997238278388977,
  "r_squared": 0.9976988434791565
}