{
  "pattern": "( early| saw| He| small)",
  "pos_r_squared": 0.9840594530105591,
  "r_squared": 0.9822009205818176
}