{
  "pattern": "(auc| ste| then|mill|nam)",
  "pos_r_squared": 0.9966685771942139,
  "r_squared": 0.9973592758178711
}