{
  "pattern": "( creek| trash| Of| Any|Park)",
  "pos_r_squared": 0.9963670969009399,
  "r_squared": 0.9963698983192444
}