{
  "pattern": "( regret| regretted| Mo| harsh| risk)",
  "pos_r_squared": 0.9966919422149658,
  "r_squared": 0.9969326853752136
}