{
  "pattern": "( texture| textures|chard|nob| addition)",
  "pos_r_squared": 0.9973427653312683,
  "r_squared": 0.989976167678833
}