{
  "pattern": "(lla|ah| sh|chie|worm)",
  "pos_r_squared": 0.9913858771324158,
  "r_squared": 0.9913468360900879
}