{
  "pattern": "( tick| pretend|tick| Amen| mosquitoes)",
  "pos_r_squared": 0.9983707070350647,
  "r_squared": 0.998846173286438
}