{
  "pattern": "( beside| padd| mo| alongside| nearby)",
  "pos_r_squared": 0.9974757432937622,
  "r_squared": 0.994702160358429
}