{
  "pattern": "(Mark|Dan|dy|alks|Pat)",
  "pos_r_squared": 0.9963909387588501,
  "r_squared": 0.9948023557662964
}