{
  "pattern": "( so| very| too| So| talking)",
  "pos_r_squared": 0.996091365814209,
  "r_squared": 0.996510922908783
}