{
  "pattern": "( steal| stealing| stole| stolen|ST)",
  "pos_r_squared": 0.9850796461105347,
  "r_squared": 0.9781071543693542
}