{
  "pattern": "( immediately| calmed| instantly| Immediately| Tess)",
  "pos_r_squared": 0.9990475177764893,
  "r_squared": 0.997208297252655
}