{
  "pattern": "( image|ogo|bie| images| Prince)",
  "pos_r_squared": 0.9950322508811951,
  "r_squared": 0.9940172433853149
}