{
  "pattern": "( complain| complained| complaining|ric| Robbie)",
  "pos_r_squared": 0.9952099919319153,
  "r_squared": 0.9897940158843994
}