{
  "pattern": "(There| there| There| plenty| ends)",
  "pos_r_squared": 0.9915451407432556,
  "r_squared": 0.47892242670059204
}