{
  "pattern": "( frogs| frog| sly|Prin|Tyler)",
  "pos_r_squared": 0.9890729188919067,
  "r_squared": 0.9808841943740845
}