{
  "pattern": "( minutes| tower| evening| en| hours)",
  "pos_r_squared": 0.9971054792404175,
  "r_squared": 0.9975160956382751
}