{
  "pattern": "( grocery| supermarket|chard| sale| dolls)",
  "pos_r_squared": 0.9970355033874512,
  "r_squared": 0.996751070022583
}