{
  "pattern": "( drain| his| if| mysterious| oak)",
  "pos_r_squared": 0.9862483739852905,
  "r_squared": 0.987827479839325
}