{
  "pattern": "( How|How| Mos| ig| Which)",
  "pos_r_squared": 0.9967218637466431,
  "r_squared": 0.9960857629776001
}