{
  "pattern": "( musician|Tyler| player| treasure| hut)",
  "pos_r_squared": 0.9971263408660889,
  "r_squared": 0.9962877035140991
}