{
  "pattern": "( pair| bar| pairs| cheap| freshly)",
  "pos_r_squared": 0.9932838678359985,
  "r_squared": 0.9867702126502991
}