{
  "pattern": "( task| Ve| por|oat| j)",
  "pos_r_squared": 0.9967951774597168,
  "r_squared": 0.9966586828231812
}