{
  "pattern": "( page| Fl)",
  "pos_r_squared": 0.9982413053512573,
  "r_squared": 0.9983030557632446
}