{
  "pattern": "( hadn| weren| haven| wasted| clutching)",
  "pos_r_squared": 0.9947380423545837,
  "r_squared": 0.9929075241088867
}