{
  "pattern": "(Sur| tipped| spilling|sur| ang)",
  "pos_r_squared": 0.9960811138153076,
  "r_squared": 0.9928065538406372
}