{
  "pattern": "( already| lear| cheated)",
  "pos_r_squared": 0.9976493120193481,
  "r_squared": 0.997164249420166
}