{
  "pattern": "( J|J| Fel)",
  "pos_r_squared": 0.9952103495597839,
  "r_squared": 0.9933330416679382
}