{
  "pattern": "(ears|ac| fishermen| pancakes| punch)",
  "pos_r_squared": 0.9959375858306885,
  "r_squared": 0.988452672958374
}