{
  "pattern": "(t|d| gre| cousins| suppose)",
  "pos_r_squared": 0.989187479019165,
  "r_squared": 0.8968645334243774
}