{
  "pattern": "( panic| directions| panicked| map| spy)",
  "pos_r_squared": 0.997282087802887,
  "r_squared": 0.9973941445350647
}