{
  "pattern": "( record|record|\\.'| records|ST)",
  "pos_r_squared": 0.9903106093406677,
  "r_squared": 0.9895402193069458
}