{
  "pattern": "( inch|oh| backed|Keep| inches)",
  "pos_r_squared": 0.9957530498504639,
  "r_squared": 0.993293821811676
}