{
  "pattern": "(igs|ig|gs| ze| Cookies)",
  "pos_r_squared": 0.9979627132415771,
  "r_squared": 0.98964923620224
}