{
  "pattern": "( doors| cave| shop| door|ST)",
  "pos_r_squared": 0.9936049580574036,
  "r_squared": 0.9930797219276428
}