{
  "pattern": "( C|ugg| cr| wr| Sn)",
  "pos_r_squared": 0.9908252358436584,
  "r_squared": 0.9915345311164856
}