{
  "pattern": "(affles| oats| bubbles| holidays|affle)",
  "pos_r_squared": 0.9914436936378479,
  "r_squared": 0.9961785674095154
}