{
  "pattern": "( stair|Run|Fr| ramp|chair)",
  "pos_r_squared": 0.9966382384300232,
  "r_squared": 0.9961440563201904
}