{
  "pattern": "( sofa| mat|Over|anya|sp)",
  "pos_r_squared": 0.9975945949554443,
  "r_squared": 0.9975488781929016
}