{
  "pattern": "( collection| fetch| pounds| trophy| distracted)",
  "pos_r_squared": 0.9874005913734436,
  "r_squared": 0.984646201133728
}