{
  "pattern": "( creek| ranch| Gill| ponds| p)",
  "pos_r_squared": 0.9929299354553223,
  "r_squared": 0.991532027721405
}