{
  "pattern": "( universe| ended| inches|History| Universe)",
  "pos_r_squared": 0.9973256587982178,
  "r_squared": 0.9956498146057129
}