{
  "pattern": "( grey| leaning| friendly|paste| gray)",
  "pos_r_squared": 0.996731698513031,
  "r_squared": 0.9979884624481201
}