{
  "pattern": "( further|Back| lear| Back| bun)",
  "pos_r_squared": 0.9992601871490479,
  "r_squared": 0.9967940449714661
}