{
  "pattern": "( g| sque| cre| hearing| cro)",
  "pos_r_squared": 0.9960114359855652,
  "r_squared": 0.995749831199646
}