{
  "pattern": "(!\",|\",|Qu|\"!|if)",
  "pos_r_squared": 0.9881771206855774,
  "r_squared": 0.9869101643562317
}