{
  "pattern": "(of| y| suffering| weeping| ig)",
  "pos_r_squared": 0.9930394291877747,
  "r_squared": 0.9939899444580078
}