{
  "pattern": "(Da| Ma|Ma|Ab|aro)",
  "pos_r_squared": 0.9969334602355957,
  "r_squared": 0.9961711764335632
}