{
  "pattern": "( jazz|ss| CD| Ve)",
  "pos_r_squared": 0.9982486963272095,
  "r_squared": 0.9888496398925781
}