{
  "pattern": "( style| styles| stylish| cane| luxury)",
  "pos_r_squared": 0.9977052211761475,
  "r_squared": 0.9977640509605408
}