{
  "pattern": "( exercise| exercising|paste| exercised| Exercise)",
  "pos_r_squared": 0.9969057440757751,
  "r_squared": 0.9703843593597412
}