{
  "pattern": "( pies|Tyler|eps|ts| recipes)",
  "pos_r_squared": 0.9967274069786072,
  "r_squared": 0.9885249733924866
}