{
  "pattern": "( Owl| Wise| Oliver|wl|isdom)",
  "pos_r_squared": 0.9951496720314026,
  "r_squared": 0.9951440095901489
}