{
  "pattern": "(pron| pans|\\.'| clean|ulu)",
  "pos_r_squared": 0.9963129758834839,
  "r_squared": 0.9968069791793823
}