{
  "pattern": "(eled| struggled| struggle| matters| settled)",
  "pos_r_squared": 0.9963442087173462,
  "r_squared": 0.9960138201713562
}