{
  "pattern": "( Sandy| Patch| Ash| Terry| Samantha)",
  "pos_r_squared": 0.9863916039466858,
  "r_squared": 0.9853652119636536
}