{
  "pattern": "( snap| dock| stare|ye| harbour)",
  "pos_r_squared": 0.9980838894844055,
  "r_squared": 0.9979537129402161
}