{
  "pattern": "( raise| raising| raises| boost| Amen)",
  "pos_r_squared": 0.9971176385879517,
  "r_squared": 0.9934943914413452
}