{
  "pattern": "( game| sport| rules| competition| deal)",
  "pos_r_squared": 0.9988417029380798,
  "r_squared": 0.9989956021308899
}