{
  "pattern": "( accept| accepting| room)",
  "pos_r_squared": 0.9930179715156555,
  "r_squared": 0.9960644245147705
}