{
  "pattern": "( applaud| applauded|aud|Tyler| Rel)",
  "pos_r_squared": 0.9957762956619263,
  "r_squared": 0.9836446046829224
}