{
  "pattern": "( stirred|Tyler|shoot| Ve)",
  "pos_r_squared": 0.9906765818595886,
  "r_squared": 0.9909161925315857
}