{
  "pattern": "( S|aky|Ted|issy| My)",
  "pos_r_squared": 0.9966886043548584,
  "r_squared": 0.994833767414093
}