{
  "pattern": "(ip|zz| fully|awed|eat)",
  "pos_r_squared": 0.986644983291626,
  "r_squared": 0.9220083951950073
}