{
  "pattern": "( row| stub)",
  "pos_r_squared": 0.9943848252296448,
  "r_squared": 0.9890041351318359
}