{
  "pattern": "(looking| shaped| particular|shaped| markings)",
  "pos_r_squared": 0.9940414428710938,
  "r_squared": 0.9920521378517151
}