{
  "pattern": "( Fro| Ball|ro| Bug| Ve)",
  "pos_r_squared": 0.9985095262527466,
  "r_squared": 0.998046875
}