{
  "pattern": "( showed| taught| showing| shows| follows)",
  "pos_r_squared": 0.9981895089149475,
  "r_squared": 0.9982926249504089
}