{
  "pattern": "( Each| each| every| lined|Each)",
  "pos_r_squared": 0.9949264526367188,
  "r_squared": 0.9961240887641907
}