{
  "pattern": "( afternoon| grandchildren| follow| proved|innie)",
  "pos_r_squared": 0.9941563606262207,
  "r_squared": 0.9791787266731262
}