{
  "pattern": "( rooms| ahead|Tyler| ponds| buttons)",
  "pos_r_squared": 0.994205892086029,
  "r_squared": 0.9944796562194824
}