{
  "pattern": "(er|der| ways|Tyler| food)",
  "pos_r_squared": 0.9913520216941833,
  "r_squared": 0.9896131753921509
}