{
  "pattern": "( warned| warn| warning| join|Tyler)",
  "pos_r_squared": 0.9956070780754089,
  "r_squared": 0.9952402114868164
}