{
  "pattern": "( ways| mer| games| whose| same)",
  "pos_r_squared": 0.9970218539237976,
  "r_squared": 0.9965624213218689
}