{
  "pattern": "(nie| driveway|emy| once|innie)",
  "pos_r_squared": 0.9948749542236328,
  "r_squared": 0.996273934841156
}