{
  "pattern": "( magazine| Along|Along|book| bird)",
  "pos_r_squared": 0.987679660320282,
  "r_squared": 0.9824535846710205
}