{
  "pattern": "(icked|icks| lick| licking| puppy)",
  "pos_r_squared": 0.996219277381897,
  "r_squared": 0.9958691596984863
}