{
  "pattern": "( heat|Tw| thumbs| lasers|th)",
  "pos_r_squared": 0.9960463047027588,
  "r_squared": 0.9951193332672119
}