{
  "pattern": "( iron| exact|inc| ins)",
  "pos_r_squared": 0.9954298138618469,
  "r_squared": 0.9926639795303345
}