{
  "pattern": "( lung| lungs| maker| mosquitoes|med)",
  "pos_r_squared": 0.9822542071342468,
  "r_squared": 0.9799321293830872
}