{
  "pattern": "( rabbits| parking|oons| bugs| bisc)",
  "pos_r_squared": 0.989716112613678,
  "r_squared": 0.9885213375091553
}