{
  "pattern": "( funny| silly| joke| crazy| jokes)",
  "pos_r_squared": 0.9894437193870544,
  "r_squared": 0.9893504977226257
}