{
  "pattern": "(Sun| lettuce| coral| Judge|Mouse)",
  "pos_r_squared": 0.986140787601471,
  "r_squared": 0.9815139174461365
}