{
  "pattern": "( chasing| rusty| tal| ramps| tul)",
  "pos_r_squared": 0.9965691566467285,
  "r_squared": 0.9963998198509216
}