{
  "pattern": "(c| cu| parking| newly| loaf)",
  "pos_r_squared": 0.9966558814048767,
  "r_squared": 0.9881558418273926
}