{
  "pattern": "( summer| winter| spring| yellow| hot)",
  "pos_r_squared": 0.9870372414588928,
  "r_squared": 0.987586259841919
}