{
  "pattern": "( step| stepping)",
  "pos_r_squared": 0.9934637546539307,
  "r_squared": 0.9898106455802917
}