{
  "pattern": "( ingredients| recipe| materials| favourite|inc)",
  "pos_r_squared": 0.9918428659439087,
  "r_squared": 0.9885020852088928
}