{
  "pattern": "( trouble| reward| jewelry| wasn| world)",
  "pos_r_squared": 0.9851001501083374,
  "r_squared": 0.9834009408950806
}