{
  "pattern": "(emy|George|Br|ole| wee)",
  "pos_r_squared": 0.9898301362991333,
  "r_squared": 0.9842237830162048
}