{
  "pattern": "( problems| challenges| Ve)",
  "pos_r_squared": 0.9955649375915527,
  "r_squared": 0.9851229786872864
}