{
  "pattern": "( modest|o|fall)",
  "pos_r_squared": 0.9974598288536072,
  "r_squared": 0.9963006973266602
}