{
  "pattern": "( crawling| spending|rying| managing|ithering)",
  "pos_r_squared": 0.997525155544281,
  "r_squared": 0.9956451058387756
}