{
  "pattern": "( moments|oh|Until| stories| moment)",
  "pos_r_squared": 0.997850775718689,
  "r_squared": 0.9982091188430786
}