{
  "pattern": "( feathers|als| horns| scales|ides)",
  "pos_r_squared": 0.9881641864776611,
  "r_squared": 0.9876837134361267
}