{
  "pattern": "( Ellie|oni| Kit| Zac| weighs)",
  "pos_r_squared": 0.9935538172721863,
  "r_squared": 0.9945061206817627
}