{
  "pattern": "( loves| liked| loved| freshly|inc)",
  "pos_r_squared": 0.9940840601921082,
  "r_squared": 0.9923340082168579
}