{
  "pattern": "( check| checking| eyes| revenge| checked)",
  "pos_r_squared": 0.9975332021713257,
  "r_squared": 0.9976765513420105
}