{
  "pattern": "( juicy| taste| puppy| friendly|ummy)",
  "pos_r_squared": 0.994555652141571,
  "r_squared": 0.9964960217475891
}