{
  "pattern": "(bled|bling| named| crowded| moved)",
  "pos_r_squared": 0.9901602864265442,
  "r_squared": 0.9936082363128662
}