{
  "pattern": "( K| sale|Ready| really| keys)",
  "pos_r_squared": 0.9971460103988647,
  "r_squared": 0.9971792101860046
}