{
  "pattern": "(omo|Bel|Tyler|Mom| happiness)",
  "pos_r_squared": 0.9972396492958069,
  "r_squared": 0.9982745051383972
}