{
  "pattern": "( claws| grasped| piled| chunk| jaws)",
  "pos_r_squared": 0.9972725510597229,
  "r_squared": 0.9847592711448669
}