{
  "pattern": "( pleased| satisfied| impressed| delighted| messing)",
  "pos_r_squared": 0.9991927742958069,
  "r_squared": 0.9991633892059326
}