{
  "pattern": "(Grand| Grand| Ell| Mos| wond)",
  "pos_r_squared": 0.9966338872909546,
  "r_squared": 0.9967916011810303
}