{
  "pattern": "( wooden| sturdy| sp| musical| shaped)",
  "pos_r_squared": 0.9990063905715942,
  "r_squared": 0.9987090826034546
}