{
  "pattern": "( allowed| permitted| supposed| allowing| forced)",
  "pos_r_squared": 0.9984978437423706,
  "r_squared": 0.998372495174408
}