{
  "pattern": "(Z| fet|auc|che| dr)",
  "pos_r_squared": 0.9985067248344421,
  "r_squared": 0.996584415435791
}