{
  "pattern": "( easily| shopping| pl| shop| mall)",
  "pos_r_squared": 0.9945812821388245,
  "r_squared": 0.9935906529426575
}