{
  "pattern": "(ier|rier| Ve)",
  "pos_r_squared": 0.9966011047363281,
  "r_squared": 0.9963066577911377
}