{
  "pattern": "( nature|uttering| cho| breaths| gul)",
  "pos_r_squared": 0.991459310054779,
  "r_squared": 0.9897369146347046
}