{
  "pattern": "( forward| deaf| Upon| bottom| backyard)",
  "pos_r_squared": 0.9956364035606384,
  "r_squared": 0.9958136677742004
}