{
  "pattern": "(ar| w| pret| ig|ary)",
  "pos_r_squared": 0.9865337014198303,
  "r_squared": 0.9813820123672485
}