{
  "pattern": "(orns|ove| radios| Cookies| cam)",
  "pos_r_squared": 0.9963005185127258,
  "r_squared": 0.9699572920799255
}