{
  "pattern": "( which| exchange)",
  "pos_r_squared": 0.9949281811714172,
  "r_squared": 0.9852498173713684
}