{
  "pattern": "( bones|ages|ters|ides|ales)",
  "pos_r_squared": 0.9948970675468445,
  "r_squared": 0.995111346244812
}