{
  "pattern": "(ins|in|ries|aters|ocular)",
  "pos_r_squared": 0.9947622418403625,
  "r_squared": 0.9956437945365906
}