{
  "pattern": "(house|Charl)",
  "pos_r_squared": 0.9958788752555847,
  "r_squared": 0.9885461330413818
}