{
  "pattern": "( scratch| Like| peeled|Like| builders)",
  "pos_r_squared": 0.9981628060340881,
  "r_squared": 0.997134268283844
}