{
  "pattern": "( novel|vel| tales| named| ste)",
  "pos_r_squared": 0.9905712604522705,
  "r_squared": 0.9898564219474792
}