{
  "pattern": "( brushes| ideas|Or| pans| brush)",
  "pos_r_squared": 0.998348593711853,
  "r_squared": 0.9978691339492798
}