{
  "pattern": "(iki|sie| heroes| princes| dear)",
  "pos_r_squared": 0.99724280834198,
  "r_squared": 0.9914556741714478
}