{
  "pattern": "(ang|amp| supportive|aroo)",
  "pos_r_squared": 0.9975572228431702,
  "r_squared": 0.9939573407173157
}