{
  "pattern": "( below| underneath| surprised| ambul|Tyler)",
  "pos_r_squared": 0.9986876249313354,
  "r_squared": 0.9989372491836548
}