{
  "pattern": "(S| Z| S|F| y)",
  "pos_r_squared": 0.992843747138977,
  "r_squared": 0.9919944405555725
}