{
  "pattern": "( poppy| flower|flower| flame| flowers)",
  "pos_r_squared": 0.9926273822784424,
  "r_squared": 0.9925537109375
}