{
  "pattern": "( prevent| stop| prevented| before| weed)",
  "pos_r_squared": 0.9975278973579407,
  "r_squared": 0.9985260367393494
}