{
  "pattern": "( gl|Tyler|w| cle|oco)",
  "pos_r_squared": 0.9967362880706787,
  "r_squared": 0.9967163801193237
}