{
  "pattern": "( curtain| viol| Around| blur)",
  "pos_r_squared": 0.9930040836334229,
  "r_squared": 0.9927405118942261
}