{
  "pattern": "( beside| alongside| Of| surrounding| ko)",
  "pos_r_squared": 0.9963261485099792,
  "r_squared": 0.9842995405197144
}