{
  "pattern": "( tomatoes| penn| successfully| peppers| twice)",
  "pos_r_squared": 0.9979322552680969,
  "r_squared": 0.9969556331634521
}