{
  "pattern": "( blowing| blew|alks| party| eleven)",
  "pos_r_squared": 0.9922714233398438,
  "r_squared": 0.989350438117981
}