{
  "pattern": "(There| relieved| relief| ig| Luckily)",
  "pos_r_squared": 0.9978962540626526,
  "r_squared": 0.9977458119392395
}