{
  "pattern": "( complain|paste| Ve|Th| Rel)",
  "pos_r_squared": 0.9928944706916809,
  "r_squared": 0.9922922849655151
}