{
  "pattern": "( hon| waves| w| pays|Hon)",
  "pos_r_squared": 0.9944248795509338,
  "r_squared": 0.9976518154144287
}