{
  "pattern": "( Under|Under)",
  "pos_r_squared": 0.9975050687789917,
  "r_squared": 0.9940641522407532
}