{
  "pattern": "( junk| er| nature|Tyler| space)",
  "pos_r_squared": 0.997889518737793,
  "r_squared": 0.99802166223526
}