{
  "pattern": "(aw|saw| Of| slide| mil)",
  "pos_r_squared": 0.9955479502677917,
  "r_squared": 0.9963225722312927
}