{
  "pattern": "( Would|Tyler|Would| choice)",
  "pos_r_squared": 0.9988952875137329,
  "r_squared": 0.9989390969276428
}