{
  "pattern": "( claws|oves| jaws|hers|Th)",
  "pos_r_squared": 0.9963911771774292,
  "r_squared": 0.9901586771011353
}