{
  "pattern": "( roots| staircase| feet| root| don)",
  "pos_r_squared": 0.992462158203125,
  "r_squared": 0.9965330362319946
}