{
  "pattern": "( oats| storms| hugged| loaf| ko)",
  "pos_r_squared": 0.99777752161026,
  "r_squared": 0.9972137212753296
}