{
  "pattern": "(Sarah| Penny| happen| Sarah| fairy)",
  "pos_r_squared": 0.9978580474853516,
  "r_squared": 0.9983749389648438
}