{
  "pattern": "( fog| Mos|O|oc| disappears)",
  "pos_r_squared": 0.994172990322113,
  "r_squared": 0.992412805557251
}