{
  "pattern": "( gloves| Mos|inc| Sorry| av)",
  "pos_r_squared": 0.9958491921424866,
  "r_squared": 0.9908469915390015
}