{
  "pattern": "( trem| ze|Tyler| allowed| better)",
  "pos_r_squared": 0.9960076808929443,
  "r_squared": 0.9953316450119019
}