{
  "pattern": "( equipment| cheap| tablet| rod|ak)",
  "pos_r_squared": 0.9972013831138611,
  "r_squared": 0.997184693813324
}