{
  "pattern": "( waist| cane|ol|anga| messy)",
  "pos_r_squared": 0.988826334476471,
  "r_squared": 0.9830386638641357
}