{
  "pattern": "( reef| ranch| lit| attractive| j)",
  "pos_r_squared": 0.9934070110321045,
  "r_squared": 0.9837334156036377
}