{
  "pattern": "( true|Tyler| Cookies)",
  "pos_r_squared": 0.9886888265609741,
  "r_squared": 0.9907132983207703
}