{
  "pattern": "(t|free|itty|asty|Boo)",
  "pos_r_squared": 0.9910746216773987,
  "r_squared": 0.9892718195915222
}