{
  "pattern": "( rail|Look| arrows| arrow| scissors)",
  "pos_r_squared": 0.9958555102348328,
  "r_squared": 0.9931185841560364
}