{
  "pattern": "( threat| powers| ability| awful| attempts)",
  "pos_r_squared": 0.9964353442192078,
  "r_squared": 0.9954541325569153
}