{
  "pattern": "( printer| microwave|aster| shr| grandchildren)",
  "pos_r_squared": 0.9965731501579285,
  "r_squared": 0.9948707818984985
}