{
  "pattern": "( colour|anna| wanna|Bo| Hanna)",
  "pos_r_squared": 0.9919396042823792,
  "r_squared": 0.9724723696708679
}