{
  "pattern": "(kins|ove)",
  "pos_r_squared": 0.9898155927658081,
  "r_squared": 0.957112193107605
}