{
  "pattern": "( tub| body| bodies|mare| Mos)",
  "pos_r_squared": 0.9966104030609131,
  "r_squared": 0.9957895874977112
}