{
  "pattern": "( Lilly| Abby|omp| Jan| Lena)",
  "pos_r_squared": 0.9947757720947266,
  "r_squared": 0.992325484752655
}