{
  "pattern": "( exc| Exc|Exc)",
  "pos_r_squared": 0.9937711954116821,
  "r_squared": 0.988279402256012
}