{
  "pattern": "( urge| urged| motion| urges| urging)",
  "pos_r_squared": 0.9973469972610474,
  "r_squared": 0.9974413514137268
}