{
  "pattern": "( sneaky| sly| ramps| pesky| keep)",
  "pos_r_squared": 0.9978955388069153,
  "r_squared": 0.9975754022598267
}