{
  "pattern": "( dare| longest| funn| smallest| snow)",
  "pos_r_squared": 0.9981849789619446,
  "r_squared": 0.9982967376708984
}