{
  "pattern": "( gasped|kins|ites|kin| shouting)",
  "pos_r_squared": 0.99540114402771,
  "r_squared": 0.9954491853713989
}