{
  "pattern": "( Car|V| V| Carrie| Viv)",
  "pos_r_squared": 0.9961641430854797,
  "r_squared": 0.9959056377410889
}