{
  "pattern": "(ack| want|,|illy| and)",
  "pos_r_squared": 0.9828410744667053,
  "r_squared": 0.9785871505737305
}