{
  "pattern": "( ones|isk| villains|ST|inc)",
  "pos_r_squared": 0.9841495752334595,
  "r_squared": 0.9901727437973022
}