{
  "pattern": "( hardly| barely| yes| nearly| stunned)",
  "pos_r_squared": 0.9974191784858704,
  "r_squared": 0.9971895217895508
}