{
  "pattern": "( brighter| clearer| exact| stronger| arc)",
  "pos_r_squared": 0.9978232383728027,
  "r_squared": 0.9948859214782715
}