{
  "pattern": "( peace| silence| furniture| Sorry|Tree)",
  "pos_r_squared": 0.9973390102386475,
  "r_squared": 0.9969971179962158
}