{
  "pattern": "( against|Their| youths)",
  "pos_r_squared": 0.9967513680458069,
  "r_squared": 0.9976527094841003
}