{
  "pattern": "(oom|ops|Spring|op| sight)",
  "pos_r_squared": 0.9941274523735046,
  "r_squared": 0.9950225949287415
}