{
  "pattern": "( castles| Ve)",
  "pos_r_squared": 0.9988284707069397,
  "r_squared": 0.9971669316291809
}