{
  "pattern": "( discover| chance|Have|Tyler| calling)",
  "pos_r_squared": 0.9943200945854187,
  "r_squared": 0.9941014051437378
}