{
  "pattern": "( sailor| his| strive| Mos)",
  "pos_r_squared": 0.9851709604263306,
  "r_squared": 0.9875847697257996
}