{
  "pattern": "( wife| husband| bear| hamm| pal)",
  "pos_r_squared": 0.9864777326583862,
  "r_squared": 0.983622670173645
}