{
  "pattern": "( urged| urging| encouraged| convince| urges)",
  "pos_r_squared": 0.9956901669502258,
  "r_squared": 0.995823860168457
}