{
  "pattern": "( floated| floating|Right| Right| afloat)",
  "pos_r_squared": 0.9961357116699219,
  "r_squared": 0.9964654445648193
}