{
  "pattern": "( paints| invites| sy| Paint)",
  "pos_r_squared": 0.9962239861488342,
  "r_squared": 0.9878020882606506
}