{
  "pattern": "( joined| joining| roller|Prin| mastered)",
  "pos_r_squared": 0.9862995147705078,
  "r_squared": 0.9838753938674927
}