{
  "pattern": "(oons|ams| cream| veggies|arrow)",
  "pos_r_squared": 0.9953778386116028,
  "r_squared": 0.9971829056739807
}