{
  "pattern": "( less| points| bank| might| reveal)",
  "pos_r_squared": 0.9947621822357178,
  "r_squared": 0.9955676794052124
}