{
  "pattern": "( urge| desire)",
  "pos_r_squared": 0.9978715181350708,
  "r_squared": 0.9949959516525269
}