{
  "pattern": "( twisted| lighter| supported| ramps| h)",
  "pos_r_squared": 0.9963355660438538,
  "r_squared": 0.9960266947746277
}