{
  "pattern": "( laughs| matters)",
  "pos_r_squared": 0.9962474703788757,
  "r_squared": 0.9937391877174377
}