{
  "pattern": "( jewels| treasures| ashes| ducks| heroes)",
  "pos_r_squared": 0.9949821829795837,
  "r_squared": 0.9962453246116638
}