{
  "pattern": "(ier| nicer|der| cleaner|guard)",
  "pos_r_squared": 0.9883832931518555,
  "r_squared": 0.9864486455917358
}