{
  "pattern": "( sprayed| powers|irted|Tyler| spraying)",
  "pos_r_squared": 0.9943323135375977,
  "r_squared": 0.9940586090087891
}