{
  "pattern": "( grocery|oves| Wed| baby| tall)",
  "pos_r_squared": 0.9905931949615479,
  "r_squared": 0.9880499243736267
}