{
  "pattern": "( include| included| joined| including|anut)",
  "pos_r_squared": 0.996658444404602,
  "r_squared": 0.9964967370033264
}