{
  "pattern": "( g| pine| Ring| sn|Very)",
  "pos_r_squared": 0.994947075843811,
  "r_squared": 0.9955356121063232
}