{
  "pattern": "(ippy|ppy| slow| tall|ee)",
  "pos_r_squared": 0.9967004656791687,
  "r_squared": 0.9971591234207153
}