{
  "pattern": "( softly| headphones)",
  "pos_r_squared": 0.9974970817565918,
  "r_squared": 0.9969934225082397
}