{
  "pattern": "( opens|oh| pret| becomes| named)",
  "pos_r_squared": 0.9960799217224121,
  "r_squared": 0.9943205714225769
}