{
  "pattern": "( muscles| knees| muscle| lungs| Muscle)",
  "pos_r_squared": 0.9919072985649109,
  "r_squared": 0.9853926301002502
}