{
  "pattern": "(M| M|Z|Lu|auc)",
  "pos_r_squared": 0.9975370168685913,
  "r_squared": 0.9972743391990662
}