{
  "pattern": "( gl| and| backpack| clearing| spark)",
  "pos_r_squared": 0.9936563968658447,
  "r_squared": 0.9867094159126282
}