{
  "pattern": "( chasing| headed| tasks| heading| outing)",
  "pos_r_squared": 0.9942628145217896,
  "r_squared": 0.9932514429092407
}