{
  "pattern": "( soccer| dolls| ambulance| grandchildren| piece)",
  "pos_r_squared": 0.9942936897277832,
  "r_squared": 0.9893373847007751
}