{
  "pattern": "( ruler| wires| coral| rails| knives)",
  "pos_r_squared": 0.9829288721084595,
  "r_squared": 0.9800129532814026
}