{
  "pattern": "( seeing| hearing| Seeing|Seeing| noticing)",
  "pos_r_squared": 0.9979798197746277,
  "r_squared": 0.9960903525352478
}