{
  "pattern": "( whenever| Whenever|Whenever| amaz| anytime)",
  "pos_r_squared": 0.997119665145874,
  "r_squared": 0.9972293972969055
}