{
  "pattern": "(icky| chick| saw|Tyler| little)",
  "pos_r_squared": 0.987985372543335,
  "r_squared": 0.9932065606117249
}