{
  "pattern": "( warned| warn| warns| pe|Warning)",
  "pos_r_squared": 0.9913500547409058,
  "r_squared": 0.991549551486969
}