{
  "pattern": "( crash| crashed| crashing| crashes| difference)",
  "pos_r_squared": 0.9966516494750977,
  "r_squared": 0.9861597418785095
}