{
  "pattern": "( patterns| rows| lightly| footprints| pattern)",
  "pos_r_squared": 0.996155858039856,
  "r_squared": 0.9960442185401917
}