{
  "pattern": "(r| ig| garden| look|ade)",
  "pos_r_squared": 0.9808223843574524,
  "r_squared": 0.9814299941062927
}