{
  "pattern": "( marching| wandering|icking|es| blowing)",
  "pos_r_squared": 0.995097279548645,
  "r_squared": 0.9949444532394409
}