{
  "pattern": "(aked| sneak| \\(|uck| named)",
  "pos_r_squared": 0.998131275177002,
  "r_squared": 0.9974429607391357
}