{
  "pattern": "( breathe| pump| breathed| breathing| sucked)",
  "pos_r_squared": 0.9958094358444214,
  "r_squared": 0.9803459644317627
}