{
  "pattern": "( safety| edges| necks|aded| shallow)",
  "pos_r_squared": 0.9930331110954285,
  "r_squared": 0.9863145351409912
}