{
  "pattern": "( Rocky|Rock| Jackie|melon|Then)",
  "pos_r_squared": 0.9962242245674133,
  "r_squared": 0.9957817792892456
}