{
  "pattern": "( bud| guide| ins|ach| mac)",
  "pos_r_squared": 0.9954699277877808,
  "r_squared": 0.9761699438095093
}