{
  "pattern": "( Lee| Jones|as|rell| Miller)",
  "pos_r_squared": 0.988754391670227,
  "r_squared": 0.9336214065551758
}