{
  "pattern": "(Have| Have| Spe| have| sock)",
  "pos_r_squared": 0.9890174269676208,
  "r_squared": 0.9896857738494873
}