{
  "pattern": "( sunset|sets| childhood|fer|mill)",
  "pos_r_squared": 0.9943423867225647,
  "r_squared": 0.9884937405586243
}