{
  "pattern": "( Together| matters)",
  "pos_r_squared": 0.994415819644928,
  "r_squared": 0.9936044216156006
}