{
  "pattern": "( harbor| tucked| since| Since|ST)",
  "pos_r_squared": 0.9912928342819214,
  "r_squared": 0.9873365163803101
}