{
  "pattern": "(prise| Whoever| whoever|Boo|pack)",
  "pos_r_squared": 0.980737030506134,
  "r_squared": 0.9809089303016663
}