{
  "pattern": "( amaz|ves| ig|Prin| safe)",
  "pos_r_squared": 0.9987515807151794,
  "r_squared": 0.9986795783042908
}