{
  "pattern": "(and|ach| caps|so|ka)",
  "pos_r_squared": 0.9954423308372498,
  "r_squared": 0.9762126207351685
}