{
  "pattern": "( Your|Your|Our| pret| ig)",
  "pos_r_squared": 0.9920606017112732,
  "r_squared": 0.9912886023521423
}