{
  "pattern": "( Its| Ve| blues|ove)",
  "pos_r_squared": 0.9911606311798096,
  "r_squared": 0.9569031596183777
}