{
  "pattern": "( spoke| talked| speak| walked| Without)",
  "pos_r_squared": 0.9868838787078857,
  "r_squared": 0.9891440272331238
}