{
  "pattern": "( vanished| disappeared| por| obliged| Amen)",
  "pos_r_squared": 0.9949502348899841,
  "r_squared": 0.9954491853713989
}