{
  "pattern": "( sailing| grandchildren|stick|na| camping)",
  "pos_r_squared": 0.9954314827919006,
  "r_squared": 0.9872927069664001
}