{
  "pattern": "( Whenever| whenever| everyday|Whenever| anytime)",
  "pos_r_squared": 0.9864431023597717,
  "r_squared": 0.9878058433532715
}