{
  "pattern": "( qu| cro| ig|sur| liked)",
  "pos_r_squared": 0.9831386804580688,
  "r_squared": 0.9917224049568176
}