{
  "pattern": "( grey| wooden| brown| blond| umbrella)",
  "pos_r_squared": 0.9966957569122314,
  "r_squared": 0.9975614547729492
}