{
  "pattern": "( longer|O| eleven|Tyler|Th)",
  "pos_r_squared": 0.9967484474182129,
  "r_squared": 0.995928943157196
}