{
  "pattern": "( magnet| robot|Mine| magnets| Find)",
  "pos_r_squared": 0.9910561442375183,
  "r_squared": 0.9865989685058594
}