{
  "pattern": "(ugg| Bones| Boo| opened|Ted)",
  "pos_r_squared": 0.9895400404930115,
  "r_squared": 0.9854374527931213
}