{
  "pattern": "( lie| lied| lies|ls| spots)",
  "pos_r_squared": 0.995124876499176,
  "r_squared": 0.9937363862991333
}