{
  "pattern": "( tightly| pretty| firmly| just| tight)",
  "pos_r_squared": 0.9878172278404236,
  "r_squared": 0.9879190921783447
}