{
  "pattern": "( complain| complained| complaining|ppy| Joel)",
  "pos_r_squared": 0.9937557578086853,
  "r_squared": 0.9939765334129333
}