{
  "pattern": "( buzzing|fl| perfectly| annoying| halfway)",
  "pos_r_squared": 0.9899864792823792,
  "r_squared": 0.9901450872421265
}