{
  "pattern": "( may|ST| ze)",
  "pos_r_squared": 0.992347776889801,
  "r_squared": 0.9911995530128479
}