{
  "pattern": "( colored|ating| coloured| coloring|colored)",
  "pos_r_squared": 0.9918575882911682,
  "r_squared": 0.991468071937561
}