{
  "pattern": "( Gig|igi| Ginger| Gill|if)",
  "pos_r_squared": 0.9973049163818359,
  "r_squared": 0.9965187907218933
}