{
  "pattern": "( truth| forks| surface| complained| lied)",
  "pos_r_squared": 0.9972944259643555,
  "r_squared": 0.9969430565834045
}