{
  "pattern": "( awe| fascinated| reaching| mesmer| marvel)",
  "pos_r_squared": 0.9827704429626465,
  "r_squared": 0.9833371043205261
}