{
  "pattern": "( Your|Your| Our|adoes| Cookies)",
  "pos_r_squared": 0.9985970854759216,
  "r_squared": 0.9986284971237183
}