{
  "pattern": "( deeper|Here| further| eleven|Tyler)",
  "pos_r_squared": 0.9955872893333435,
  "r_squared": 0.9956550598144531
}