{
  "pattern": "( cape| opportunities|\\n|Tyler| kit)",
  "pos_r_squared": 0.9909260272979736,
  "r_squared": 0.9966860413551331
}