{
  "pattern": "( once| pret| plugged| Tues| ste)",
  "pos_r_squared": 0.9979273080825806,
  "r_squared": 0.9870057106018066
}