{
  "pattern": "( laying| particular| lay| lying| pile)",
  "pos_r_squared": 0.9928722381591797,
  "r_squared": 0.9934750199317932
}