{
  "pattern": "( tum| Swim| Cam|lost|zy)",
  "pos_r_squared": 0.9958782196044922,
  "r_squared": 0.9959042072296143
}