{
  "pattern": "( waving| waved| wrists| waves| nodding)",
  "pos_r_squared": 0.9987656474113464,
  "r_squared": 0.9986029863357544
}