{
  "pattern": "( dreams| youth| memories| images| j)",
  "pos_r_squared": 0.9921544194221497,
  "r_squared": 0.9906013607978821
}