{
  "pattern": "(year|ST| Ve)",
  "pos_r_squared": 0.9860913157463074,
  "r_squared": 0.8723694086074829
}