{
  "pattern": "( measured| measure| understood| ruler| checked)",
  "pos_r_squared": 0.9983189105987549,
  "r_squared": 0.9981228709220886
}