{
  "pattern": "( curled| slammed|Ha| sneaking| loaf)",
  "pos_r_squared": 0.9961828589439392,
  "r_squared": 0.9499716758728027
}