{
  "pattern": "(Would| daring| sly| found| then)",
  "pos_r_squared": 0.9938830137252808,
  "r_squared": 0.9979509711265564
}