{
  "pattern": "(oppy|opsy|ony|act| eerie)",
  "pos_r_squared": 0.9962549209594727,
  "r_squared": 0.9877924919128418
}