{
  "pattern": "( treasures|alks| angry| explorers| treasure)",
  "pos_r_squared": 0.9901063442230225,
  "r_squared": 0.9917908906936646
}