{
  "pattern": "( Spring| bamboo| counts|Spring| Night)",
  "pos_r_squared": 0.9951887726783752,
  "r_squared": 0.9943124055862427
}