{
  "pattern": "( chalk| blank)",
  "pos_r_squared": 0.9874171018600464,
  "r_squared": 0.9844722747802734
}