{
  "pattern": "( cries|omo| suffering| except|aned)",
  "pos_r_squared": 0.986921489238739,
  "r_squared": 0.9844152331352234
}