{
  "pattern": "( hung| hangs| frog| f| lay)",
  "pos_r_squared": 0.9962614178657532,
  "r_squared": 0.9958378076553345
}