{
  "pattern": "( texture|See|Remember| textures| matters)",
  "pos_r_squared": 0.9941985011100769,
  "r_squared": 0.9922853112220764
}