{
  "pattern": "(atted| pat|ted| talked| stro)",
  "pos_r_squared": 0.9942353367805481,
  "r_squared": 0.9947170615196228
}