{
  "pattern": "( flap|oline| beam| crisp)",
  "pos_r_squared": 0.996684193611145,
  "r_squared": 0.9957923293113708
}