{
  "pattern": "( bl|Pat| wanted|Tyler|gan)",
  "pos_r_squared": 0.995431125164032,
  "r_squared": 0.9911077618598938
}