{
  "pattern": "( figure| figured|bee)",
  "pos_r_squared": 0.9894052743911743,
  "r_squared": 0.9883147478103638
}