{
  "pattern": "( Big| Hel| hamm|ST| B)",
  "pos_r_squared": 0.9925978183746338,
  "r_squared": 0.9914052486419678
}