{
  "pattern": "( delighted| delight|Hey|Mom| ig)",
  "pos_r_squared": 0.9878386855125427,
  "r_squared": 0.9912623167037964
}