{
  "pattern": "( crossed| crosses| cross)",
  "pos_r_squared": 0.9972888231277466,
  "r_squared": 0.9978918433189392
}