{
  "pattern": "( license| learning| hoop| av| cane)",
  "pos_r_squared": 0.980735182762146,
  "r_squared": 0.9763795137405396
}