{
  "pattern": "(Daddy|cle|Doctor|apa|Ma)",
  "pos_r_squared": 0.9954758286476135,
  "r_squared": 0.9954701662063599
}