{
  "pattern": "( lose| losing| happy| to| with)",
  "pos_r_squared": 0.980212390422821,
  "r_squared": 0.9780603647232056
}