{
  "pattern": "( belongs| precious| colorful| important| Cookies)",
  "pos_r_squared": 0.9956812262535095,
  "r_squared": 0.9969520568847656
}