{
  "pattern": "( east| Beef| pens)",
  "pos_r_squared": 0.9981843829154968,
  "r_squared": 0.9981788992881775
}