{
  "pattern": "( sight|unn|Deal)",
  "pos_r_squared": 0.9988334774971008,
  "r_squared": 0.9985508918762207
}