{
  "pattern": "( shed| gap|Tyler| tool|house)",
  "pos_r_squared": 0.9966980814933777,
  "r_squared": 0.9966277480125427
}