{
  "pattern": "(Buzz|irl|irled| explore| ramps)",
  "pos_r_squared": 0.9958900809288025,
  "r_squared": 0.9960912466049194
}