{
  "pattern": "( tore| ripped| rip| tearing|pop)",
  "pos_r_squared": 0.9972116351127625,
  "r_squared": 0.9967699646949768
}