{
  "pattern": "(rr| moon| la|haw| eleven)",
  "pos_r_squared": 0.9905301928520203,
  "r_squared": 0.990459144115448
}