{
  "pattern": "( tallest|ents|hy|rings|chard)",
  "pos_r_squared": 0.9963808059692383,
  "r_squared": 0.9958784580230713
}