{
  "pattern": "( snail|sh)",
  "pos_r_squared": 0.9919739961624146,
  "r_squared": 0.9844242334365845
}