{
  "pattern": "( rib| bunch|Exc| Exc| Those)",
  "pos_r_squared": 0.9906931519508362,
  "r_squared": 0.9891247153282166
}