{
  "pattern": "( sorting| sorted| sort| useful| attractive)",
  "pos_r_squared": 0.9962375164031982,
  "r_squared": 0.995954692363739
}