{
  "pattern": "( breaks| cuts| cracks| burned| burns)",
  "pos_r_squared": 0.9951069951057434,
  "r_squared": 0.9924871921539307
}