{
  "pattern": "( Go|Very)",
  "pos_r_squared": 0.9916105270385742,
  "r_squared": 0.9909279346466064
}