{
  "pattern": "(ained| couple| delicious| umbrella| summer)",
  "pos_r_squared": 0.9869005084037781,
  "r_squared": 0.9764462113380432
}