{
  "pattern": "( Help| sob| Ve| help)",
  "pos_r_squared": 0.9904553890228271,
  "r_squared": 0.9974402785301208
}