{
  "pattern": "( points| pointing| pointed| point| pair)",
  "pos_r_squared": 0.995586633682251,
  "r_squared": 0.9952017068862915
}