{
  "pattern": "( squ| wob| white| ball|Tyler)",
  "pos_r_squared": 0.9861096739768982,
  "r_squared": 0.9872969388961792
}