{
  "pattern": "( son| Mos| daughter| cub| young)",
  "pos_r_squared": 0.990380585193634,
  "r_squared": 0.9848478436470032
}