{
  "pattern": "( include| includes| Ve)",
  "pos_r_squared": 0.9944629073143005,
  "r_squared": 0.9942994713783264
}