{
  "pattern": "( expect| Wo| Che| Fl| Bro)",
  "pos_r_squared": 0.9870003461837769,
  "r_squared": 0.9847050309181213
}