{
  "pattern": "( dance| danced| dancing| graceful| yoga)",
  "pos_r_squared": 0.9813238978385925,
  "r_squared": 0.9813764691352844
}