{
  "pattern": "( soccer|Found|Tyler| applauded| pret)",
  "pos_r_squared": 0.9936752319335938,
  "r_squared": 0.983404815196991
}