{
  "pattern": "( trembling| tremb|ivering| copper|Of)",
  "pos_r_squared": 0.9935850501060486,
  "r_squared": 0.9937189817428589
}