{
  "pattern": "( plates| sings|ST| av| Ve)",
  "pos_r_squared": 0.9880337119102478,
  "r_squared": 0.9857174754142761
}