{
  "pattern": "( poppy|pp| re| heaven| Mos)",
  "pos_r_squared": 0.982962965965271,
  "r_squared": 0.9838394522666931
}