{
  "pattern": "( cable| fences|Tyler| cables| Bing)",
  "pos_r_squared": 0.9882944226264954,
  "r_squared": 0.9822450876235962
}