{
  "pattern": "( pinch| mouths| noses|ching| Sugar)",
  "pos_r_squared": 0.9960370659828186,
  "r_squared": 0.9956393241882324
}