{
  "pattern": "( exclaimed| Along)",
  "pos_r_squared": 0.9810614585876465,
  "r_squared": 0.9747627973556519
}