{
  "pattern": "( rules| laws| instructions| rule| listen)",
  "pos_r_squared": 0.9985916018486023,
  "r_squared": 0.9991688132286072
}