{
  "pattern": "( Kim|Kim| Liz| bike| Emily)",
  "pos_r_squared": 0.996954083442688,
  "r_squared": 0.9962112307548523
}