{
  "pattern": "(bed| pair|ashes|ST|brush)",
  "pos_r_squared": 0.9913536310195923,
  "r_squared": 0.9907240271568298
}