{
  "pattern": "( breathe| ze| mer| breathed| breathing)",
  "pos_r_squared": 0.9958219528198242,
  "r_squared": 0.9954850077629089
}