{
  "pattern": "( sliding| daring| chance| dared| diving)",
  "pos_r_squared": 0.9964370131492615,
  "r_squared": 0.9963192939758301
}