{
  "pattern": "( yourself| you| ourselves| lear| goat)",
  "pos_r_squared": 0.9918850660324097,
  "r_squared": 0.9921689629554749
}