{
  "pattern": "( scoop| nud| clasp|ulp| compliment)",
  "pos_r_squared": 0.9967569708824158,
  "r_squared": 0.9693575501441956
}