{
  "pattern": "( better| stronger| happier| good| smarter)",
  "pos_r_squared": 0.9974647760391235,
  "r_squared": 0.9980393052101135
}