{
  "pattern": "( rubbing| explaining|paste| kicking)",
  "pos_r_squared": 0.9983130097389221,
  "r_squared": 0.9985249638557434
}