{
  "pattern": "( insect| insects| mastered|Tyler|guard)",
  "pos_r_squared": 0.9935572743415833,
  "r_squared": 0.9888569712638855
}