{
  "pattern": "( kn|arre|guard| tremb| fought)",
  "pos_r_squared": 0.9957618713378906,
  "r_squared": 0.9956321716308594
}