{
  "pattern": "( sunset| butterfly|ST| Boat| join)",
  "pos_r_squared": 0.983742892742157,
  "r_squared": 0.9902437329292297
}