{
  "pattern": "( kn| unst|ma|Lu| watch)",
  "pos_r_squared": 0.9958924651145935,
  "r_squared": 0.9965513944625854
}