{
  "pattern": "(Ready|,| Ready| use| her)",
  "pos_r_squared": 0.9905830025672913,
  "r_squared": 0.9834816455841064
}