{
  "pattern": "( exc| parked|uts| post| loose)",
  "pos_r_squared": 0.9874248504638672,
  "r_squared": 0.9876397252082825
}