{
  "pattern": "( paused| robot| j| tea|ST)",
  "pos_r_squared": 0.997360348701477,
  "r_squared": 0.997117817401886
}