{
  "pattern": "(\",|\\?\",|',|,'|!\",)",
  "pos_r_squared": 0.9930258393287659,
  "r_squared": 0.9931460022926331
}