{
  "pattern": "( curtain| curtains| frames| birds| opportunities)",
  "pos_r_squared": 0.9892707467079163,
  "r_squared": 0.9899432063102722
}