{
  "pattern": "( glitter| loved| shimmer| snow| j)",
  "pos_r_squared": 0.9928812980651855,
  "r_squared": 0.9974303841590881
}