{
  "pattern": "( finds| ig| Tues|que|ases)",
  "pos_r_squared": 0.993475615978241,
  "r_squared": 0.9926934838294983
}