{
  "pattern": "( muscles| removed|Very|Tyler| spears)",
  "pos_r_squared": 0.9983705282211304,
  "r_squared": 0.9963454604148865
}