{
  "pattern": "( blocking| blocked|Move|Close| blues)",
  "pos_r_squared": 0.9938368201255798,
  "r_squared": 0.9832619428634644
}