{
  "pattern": "(lla|ifi|cy|ira| blinked)",
  "pos_r_squared": 0.9953390955924988,
  "r_squared": 0.9954680800437927
}