{
  "pattern": "( Wisdom| Wise| wisdom| Oliver|isdom)",
  "pos_r_squared": 0.993474006652832,
  "r_squared": 0.9871779084205627
}