{
  "pattern": "( heel| whistle| foot| so| eye)",
  "pos_r_squared": 0.9945418834686279,
  "r_squared": 0.9964556694030762
}