{
  "pattern": "( curiosity| hunger| Danger| brow| warnings)",
  "pos_r_squared": 0.9845216274261475,
  "r_squared": 0.9147358536720276
}