{
  "pattern": "( youth| youths| requests| heels| shares)",
  "pos_r_squared": 0.9944136738777161,
  "r_squared": 0.9632861614227295
}