{
  "pattern": "( crept|ipt| inc| sneak|oat)",
  "pos_r_squared": 0.9960057139396667,
  "r_squared": 0.9960745573043823
}