{
  "pattern": "(aw|saw|about|Very| halves)",
  "pos_r_squared": 0.9884645342826843,
  "r_squared": 0.9858511686325073
}