{
  "pattern": "( dear|\\.| ran| saw| rock)",
  "pos_r_squared": 0.9822998642921448,
  "r_squared": 0.9448378086090088
}