{
  "pattern": "( repeat| repeating|Repeat| repeats| Amen)",
  "pos_r_squared": 0.9948727488517761,
  "r_squared": 0.984677255153656
}