{
  "pattern": "( luck| pleaded|clock| Enjoy| lucky)",
  "pos_r_squared": 0.9994016885757446,
  "r_squared": 0.9991762638092041
}