{
  "pattern": "( Papa|apa| plants| speaks| their)",
  "pos_r_squared": 0.9973957538604736,
  "r_squared": 0.9984797239303589
}