{
  "pattern": "(Blue|Red|Green|Yellow| lav)",
  "pos_r_squared": 0.9974943995475769,
  "r_squared": 0.9922237396240234
}