{
  "pattern": "( easily| Like| successfully)",
  "pos_r_squared": 0.9958377480506897,
  "r_squared": 0.9917063117027283
}