{
  "pattern": "( bears| snakes| robots| Bear| dinosaurs)",
  "pos_r_squared": 0.9943572878837585,
  "r_squared": 0.9940158724784851
}