{
  "pattern": "( rescue| rescuing| cle| cute| sock)",
  "pos_r_squared": 0.9941832423210144,
  "r_squared": 0.9942378401756287
}