{
  "pattern": "( relieved|il| liked| glad|Tyler)",
  "pos_r_squared": 0.9870380759239197,
  "r_squared": 0.9897710680961609
}