{
  "pattern": "( knowing| stump)",
  "pos_r_squared": 0.9973980188369751,
  "r_squared": 0.9962760210037231
}