{
  "pattern": "( recommend| recommended| Ve| Mos| recommending)",
  "pos_r_squared": 0.9954834580421448,
  "r_squared": 0.9886875748634338
}