{
  "pattern": "(zy|ppy|Emily|Look|ir)",
  "pos_r_squared": 0.9917083382606506,
  "r_squared": 0.9922538995742798
}