{
  "pattern": "( brighter|Mir| further| harder|paste)",
  "pos_r_squared": 0.9891212582588196,
  "r_squared": 0.9845831394195557
}