{
  "pattern": "( slide| slid| slides|omo| sled)",
  "pos_r_squared": 0.988595187664032,
  "r_squared": 0.9884651303291321
}