{
  "pattern": "( Mix| Print| Hel|Mix| Dough)",
  "pos_r_squared": 0.9907597899436951,
  "r_squared": 0.9794559478759766
}