{
  "pattern": "( frown|ST| ste| party|Da)",
  "pos_r_squared": 0.994814932346344,
  "r_squared": 0.9939390420913696
}