{
  "pattern": "(Look| Look|See|Watch| amaz)",
  "pos_r_squared": 0.9952952265739441,
  "r_squared": 0.995368480682373
}