{
  "pattern": "( rubber| roller|!'| Ball| polar)",
  "pos_r_squared": 0.9961785674095154,
  "r_squared": 0.9914231300354004
}