{
  "pattern": "( quietly| quiet| softly| peacefully|Prin)",
  "pos_r_squared": 0.9958840608596802,
  "r_squared": 0.996442437171936
}