{
  "pattern": "( Two| Mos|Two| two| parting)",
  "pos_r_squared": 0.9946151375770569,
  "r_squared": 0.9965758919715881
}