{
  "pattern": "( Instead|Prin|ible)",
  "pos_r_squared": 0.9911714792251587,
  "r_squared": 0.9911432862281799
}