{
  "pattern": "( surprised| amazed| expect| scared|Wow)",
  "pos_r_squared": 0.9875049591064453,
  "r_squared": 0.9876628518104553
}