{
  "pattern": "( disappointed| discouraged| Amen| joining)",
  "pos_r_squared": 0.9979217648506165,
  "r_squared": 0.9959369897842407
}