{
  "pattern": "( lip| praying| lipstick| Ach| kneeling)",
  "pos_r_squared": 0.9947256445884705,
  "r_squared": 0.994674801826477
}