{
  "pattern": "(Me|Very)",
  "pos_r_squared": 0.9820076823234558,
  "r_squared": 0.9819802641868591
}