{
  "pattern": "(aid| play|ily| days|mare)",
  "pos_r_squared": 0.9903075695037842,
  "r_squared": 0.994940996170044
}