{
  "pattern": "( deeper|Deal| Shine|2|na)",
  "pos_r_squared": 0.9972958564758301,
  "r_squared": 0.9959098100662231
}