{
  "pattern": "(ives|one|mary|ictionary)",
  "pos_r_squared": 0.9924836754798889,
  "r_squared": 0.9882181882858276
}