{
  "pattern": "( cake| cakes| decorations| Bo| came)",
  "pos_r_squared": 0.997690737247467,
  "r_squared": 0.9986180663108826
}