{
  "pattern": "(ag|in| le| er| lose)",
  "pos_r_squared": 0.9962518811225891,
  "r_squared": 0.996261477470398
}