{
  "pattern": "(\\;|aker|--|inc|Tyler)",
  "pos_r_squared": 0.9955776333808899,
  "r_squared": 0.9947843551635742
}