{
  "pattern": "( wandered|Run| discover| wander| j)",
  "pos_r_squared": 0.9888400435447693,
  "r_squared": 0.9892737865447998
}