{
  "pattern": "(Cl| er| Cl| ze| cl)",
  "pos_r_squared": 0.9839047193527222,
  "r_squared": 0.9831446409225464
}