{
  "pattern": "( art| talent|ast| crop|ri)",
  "pos_r_squared": 0.9981908202171326,
  "r_squared": 0.9888118505477905
}