{
  "pattern": "( dared|illy| Mia)",
  "pos_r_squared": 0.9979751110076904,
  "r_squared": 0.9981645345687866
}