{
  "pattern": "( refrigerator| TV|Tyler| Ve)",
  "pos_r_squared": 0.990599513053894,
  "r_squared": 0.9856206178665161
}