{
  "pattern": "(ashes| tails|ays|ks| baskets)",
  "pos_r_squared": 0.9811626076698303,
  "r_squared": 0.9816039204597473
}