{
  "pattern": "( poor|Tyler|Poor|oat|paste)",
  "pos_r_squared": 0.9844804406166077,
  "r_squared": 0.6239356994628906
}