{
  "pattern": "( sandwiches| named|ites| for|Kn)",
  "pos_r_squared": 0.9968424439430237,
  "r_squared": 0.9958158135414124
}