{
  "pattern": "(ives|aney| corn| olive| leaves)",
  "pos_r_squared": 0.9901422262191772,
  "r_squared": 0.990192174911499
}