{
  "pattern": "( two| twin| Two| Both| her)",
  "pos_r_squared": 0.996619462966919,
  "r_squared": 0.988149881362915
}