{
  "pattern": "(seek| Seek| looking| raced| games)",
  "pos_r_squared": 0.9955450296401978,
  "r_squared": 0.9980687499046326
}