{
  "pattern": "(ur|chie| hur| lull| bur)",
  "pos_r_squared": 0.9936766624450684,
  "r_squared": 0.9723908305168152
}