{
  "pattern": "( sque| cos| beloved| whim|cakes)",
  "pos_r_squared": 0.9856048226356506,
  "r_squared": 0.9838128685951233
}