{
  "pattern": "( between| Our|Our| umb| Poor)",
  "pos_r_squared": 0.9936473369598389,
  "r_squared": 0.9937906861305237
}