{
  "pattern": "(que|Da|Ant| Bree|Spe)",
  "pos_r_squared": 0.9930993318557739,
  "r_squared": 0.9962417483329773
}