{
  "pattern": "( none| umb| Nothing| Tears| No)",
  "pos_r_squared": 0.9858421087265015,
  "r_squared": 0.9854931235313416
}