{
  "pattern": "( gets| newly| Hop)",
  "pos_r_squared": 0.9828804135322571,
  "r_squared": 0.9836369752883911
}