{
  "pattern": "( observe| observing| observed|ocular| shr)",
  "pos_r_squared": 0.9921330809593201,
  "r_squared": 0.9884426593780518
}