{
  "pattern": "( theirs|ose|Bad| owns|ors)",
  "pos_r_squared": 0.98965984582901,
  "r_squared": 0.9891794323921204
}