{
  "pattern": "( microphone| opportunities)",
  "pos_r_squared": 0.9857536554336548,
  "r_squared": 0.9840524196624756
}