{
  "pattern": "( prett| pretty| pret| nature|rings)",
  "pos_r_squared": 0.9952970147132874,
  "r_squared": 0.9968029260635376
}