{
  "pattern": "( dads| guys| guy| enemies| robbers)",
  "pos_r_squared": 0.992099404335022,
  "r_squared": 0.9918461441993713
}