{
  "pattern": "( pigeon| pige)",
  "pos_r_squared": 0.9889311194419861,
  "r_squared": 0.9640122652053833
}