{
  "pattern": "( fort| freeing)",
  "pos_r_squared": 0.9958739876747131,
  "r_squared": 0.9947972893714905
}