{
  "pattern": "( super| Victory| Cord|ible)",
  "pos_r_squared": 0.9972613453865051,
  "r_squared": 0.8818102478981018
}