{
  "pattern": "( curly| He| long| blonde| blond)",
  "pos_r_squared": 0.9916968941688538,
  "r_squared": 0.9947999119758606
}