{
  "pattern": "( argue| apologized| argument| blame| ins)",
  "pos_r_squared": 0.997124195098877,
  "r_squared": 0.9920629858970642
}