{
  "pattern": "(house|vel| fort| rocket| Molly)",
  "pos_r_squared": 0.989851713180542,
  "r_squared": 0.9912548065185547
}