{
  "pattern": "( dreams| pray| journeys| wish|Wind)",
  "pos_r_squared": 0.993219792842865,
  "r_squared": 0.9943016767501831
}