{
  "pattern": "( supply|Welcome| supplied| supplying| return)",
  "pos_r_squared": 0.994724452495575,
  "r_squared": 0.9935218691825867
}