{
  "pattern": "(fy| cushion|In| cozy|iding)",
  "pos_r_squared": 0.9940339922904968,
  "r_squared": 0.9928955435752869
}