{
  "pattern": "(ray|rays)",
  "pos_r_squared": 0.9929535388946533,
  "r_squared": 0.989826500415802
}