{
  "pattern": "( easily| safely| safer| named| successfully)",
  "pos_r_squared": 0.9911224246025085,
  "r_squared": 0.989974856376648
}