{
  "pattern": "( mar| sa)",
  "pos_r_squared": 0.9879550933837891,
  "r_squared": 0.9861493110656738
}