{
  "pattern": "( gifts| diving| dives|away| dive)",
  "pos_r_squared": 0.9972767233848572,
  "r_squared": 0.9971344470977783
}