{
  "pattern": "( Want| Tit| Cic|Want|act)",
  "pos_r_squared": 0.9940539598464966,
  "r_squared": 0.9841583371162415
}