{
  "pattern": "(it|less|aker|oh|ol)",
  "pos_r_squared": 0.9959911704063416,
  "r_squared": 0.9850062727928162
}