{
  "pattern": "( contain| lowered| express| shares| Higher)",
  "pos_r_squared": 0.995831310749054,
  "r_squared": 0.8574103713035583
}