{
  "pattern": "( shiny| horns| shin| prett| Gig)",
  "pos_r_squared": 0.9800010919570923,
  "r_squared": 0.9771308898925781
}