{
  "pattern": "(ashing| pouring| spraying| member| Sur)",
  "pos_r_squared": 0.9885643720626831,
  "r_squared": 0.9855391979217529
}