{
  "pattern": "( gazed| dove| cried| stared| shone)",
  "pos_r_squared": 0.983483612537384,
  "r_squared": 0.9755725264549255
}