{
  "pattern": "( taken|Prin|ST|Tyler| Ve)",
  "pos_r_squared": 0.9943907856941223,
  "r_squared": 0.9912512302398682
}