{
  "pattern": "(ishing|ating|ying| gre)",
  "pos_r_squared": 0.997486412525177,
  "r_squared": 0.9926823377609253
}