{
  "pattern": "( socks|aters| skirts| laundry| pages)",
  "pos_r_squared": 0.9972607493400574,
  "r_squared": 0.997201144695282
}