{
  "pattern": "( rocking| rocked| backwards| rock|Imagine)",
  "pos_r_squared": 0.9927912950515747,
  "r_squared": 0.9956121444702148
}