{
  "pattern": "( settle| setting|ectar| attic| ste)",
  "pos_r_squared": 0.9910975694656372,
  "r_squared": 0.9910404086112976
}