{
  "pattern": "( wakes| waking|ettle|its|icking)",
  "pos_r_squared": 0.9934674501419067,
  "r_squared": 0.9415976405143738
}