{
  "pattern": "( pigs| sh| uniforms| cal| ig)",
  "pos_r_squared": 0.9866839647293091,
  "r_squared": 0.9695000648498535
}