{
  "pattern": "( Ros| Suz|Ros| Ang|Tyler)",
  "pos_r_squared": 0.9962151050567627,
  "r_squared": 0.994284987449646
}