{
  "pattern": "( hears| hear| heard| ig| L)",
  "pos_r_squared": 0.9807570576667786,
  "r_squared": 0.9768883585929871
}