{
  "pattern": "( squeezed|zes| waited|inc|OO)",
  "pos_r_squared": 0.9950801730155945,
  "r_squared": 0.9952448606491089
}