{
  "pattern": "(of|w| yard|unch|Tyler)",
  "pos_r_squared": 0.9873314499855042,
  "r_squared": 0.9919527769088745
}