{
  "pattern": "( family| families| owners|Everyone|we)",
  "pos_r_squared": 0.998507022857666,
  "r_squared": 0.9984351992607117
}