{
  "pattern": "( sides| nations| teams| blues| wrists)",
  "pos_r_squared": 0.995900571346283,
  "r_squared": 0.977473795413971
}