{
  "pattern": "( harbor| their|Okay)",
  "pos_r_squared": 0.996524453163147,
  "r_squared": 0.9957415461540222
}