{
  "pattern": "( homes| nor| por| Mos| tul)",
  "pos_r_squared": 0.9942908883094788,
  "r_squared": 0.9873316287994385
}