{
  "pattern": "( fresh| Ve| boring|opy| supportive)",
  "pos_r_squared": 0.9897210597991943,
  "r_squared": 0.9894839525222778
}