{
  "pattern": "( Dod| Bing| found|\\.'| Mom)",
  "pos_r_squared": 0.9901659488677979,
  "r_squared": 0.9884541630744934
}