{
  "pattern": "( marriage| March| life| youths)",
  "pos_r_squared": 0.9973400831222534,
  "r_squared": 0.9954373240470886
}