{
  "pattern": "( doesn| ig| cute| fore| starts)",
  "pos_r_squared": 0.9946323037147522,
  "r_squared": 0.9954336285591125
}