{
  "pattern": "( packing| gathering| suitcase| finds| named)",
  "pos_r_squared": 0.988511860370636,
  "r_squared": 0.9935410022735596
}