{
  "pattern": "( cakes| bake| cake| jars| recipes)",
  "pos_r_squared": 0.9871699213981628,
  "r_squared": 0.991640031337738
}