{
  "pattern": "( drawings| images| nightmares| pret| witches)",
  "pos_r_squared": 0.9853700399398804,
  "r_squared": 0.9824560284614563
}