{
  "pattern": "( scattered| scatter| spread| scattering| piled)",
  "pos_r_squared": 0.9916569590568542,
  "r_squared": 0.9921815395355225
}