{
  "pattern": "( Happy|Happy| Bo| Zack| Bing)",
  "pos_r_squared": 0.987271785736084,
  "r_squared": 0.9817915558815002
}