{
  "pattern": "( brand| plugged| newly| interested)",
  "pos_r_squared": 0.9968698620796204,
  "r_squared": 0.9531182646751404
}