{
  "pattern": "( encouraged| encourage| dared|paste|sticks)",
  "pos_r_squared": 0.9936632513999939,
  "r_squared": 0.989894449710846
}