{
  "pattern": "( lip| grape| palm| very|O)",
  "pos_r_squared": 0.997463583946228,
  "r_squared": 0.992186427116394
}