{
  "pattern": "( scratched|itched| scratching| cleared|ol)",
  "pos_r_squared": 0.9936776161193848,
  "r_squared": 0.9781100749969482
}