{
  "pattern": "( eight| 4| newest| 8| similar)",
  "pos_r_squared": 0.9985577464103699,
  "r_squared": 0.9500684142112732
}