{
  "pattern": "( hole| holes| digs| dirt| tear)",
  "pos_r_squared": 0.9992298483848572,
  "r_squared": 0.9990862607955933
}