{
  "pattern": "( monsters| pies| challenges| lions| pirates)",
  "pos_r_squared": 0.9956406354904175,
  "r_squared": 0.996656596660614
}