{
  "pattern": "( trips| trip| journeys| tours|oh)",
  "pos_r_squared": 0.9971235990524292,
  "r_squared": 0.9971602559089661
}