{
  "pattern": "( sailing| torn| Those| seas| These)",
  "pos_r_squared": 0.9858792424201965,
  "r_squared": 0.9857361316680908
}