{
  "pattern": "( unp| imag|Found| unw| ob)",
  "pos_r_squared": 0.9952017068862915,
  "r_squared": 0.8776863813400269
}