{
  "pattern": "(unn|aro|opsy|paste| bur)",
  "pos_r_squared": 0.9983867406845093,
  "r_squared": 0.9921794533729553
}