{
  "pattern": "( videos| j| finds| copy| movies)",
  "pos_r_squared": 0.9945770502090454,
  "r_squared": 0.9932653307914734
}