{
  "pattern": "(ooming|ipping|rying| crawling| zip)",
  "pos_r_squared": 0.9905317425727844,
  "r_squared": 0.9906793832778931
}