{
  "pattern": "( begged| begs| begging| stool| pleaded)",
  "pos_r_squared": 0.9801498055458069,
  "r_squared": 0.9671391248703003
}