{
  "pattern": "(oe|Jake| Jesse|E| Lay)",
  "pos_r_squared": 0.9978775978088379,
  "r_squared": 0.9976963996887207
}