{
  "pattern": "(First| dod| baths| nor| Lastly)",
  "pos_r_squared": 0.9986934065818787,
  "r_squared": 0.9861799478530884
}