{
  "pattern": "( matches| including| remote| single| includes)",
  "pos_r_squared": 0.9947325587272644,
  "r_squared": 0.9943153262138367
}