{
  "pattern": "(lly| top|ogging| Ashley| Izzy)",
  "pos_r_squared": 0.9918635487556458,
  "r_squared": 0.9877069592475891
}