{
  "pattern": "( olive| Hipp| onions|ives| belly)",
  "pos_r_squared": 0.9898919463157654,
  "r_squared": 0.9909150004386902
}