{
  "pattern": "( plays| played|ettle| small| watches)",
  "pos_r_squared": 0.9874029755592346,
  "r_squared": 0.992077648639679
}