{
  "pattern": "( art| steady| protecting| hen| builder)",
  "pos_r_squared": 0.9886924028396606,
  "r_squared": 0.9861636757850647
}