{
  "pattern": "( watered| pic| Bing| ig|Tree)",
  "pos_r_squared": 0.9873707890510559,
  "r_squared": 0.9876337647438049
}