{
  "pattern": "( curious| explore| curiously| curiosity| closer)",
  "pos_r_squared": 0.9950457811355591,
  "r_squared": 0.9949773550033569
}