{
  "pattern": "( colours| flipped| colour| floats| fishes)",
  "pos_r_squared": 0.9874740839004517,
  "r_squared": 0.9873600602149963
}