{
  "pattern": "( harbor| wo|v| ze|pp)",
  "pos_r_squared": 0.9924113750457764,
  "r_squared": 0.9920586943626404
}