{
  "pattern": "( wob| dropping| mar| tri| Clim)",
  "pos_r_squared": 0.9976822733879089,
  "r_squared": 0.9976717829704285
}