{
  "pattern": "(ogged| matters)",
  "pos_r_squared": 0.9909282922744751,
  "r_squared": 0.9808733463287354
}