{
  "pattern": "( wooden| shaped| musical|Alex)",
  "pos_r_squared": 0.9948408007621765,
  "r_squared": 0.9889444708824158
}