{
  "pattern": "(o|iki|by|oto|omo)",
  "pos_r_squared": 0.9962128400802612,
  "r_squared": 0.9949815273284912
}