{
  "pattern": "(Their| sense| understanding| their| suitable)",
  "pos_r_squared": 0.9868500232696533,
  "r_squared": 0.9901574850082397
}