{
  "pattern": "(Sh|sh| Shine| careful| sh)",
  "pos_r_squared": 0.9974755644798279,
  "r_squared": 0.998448371887207
}