{
  "pattern": "( palm| palms| tentacles|Imagine| fingertips)",
  "pos_r_squared": 0.9983640313148499,
  "r_squared": 0.9886682033538818
}