{
  "pattern": "( curtains| roses| benches| wall|Park)",
  "pos_r_squared": 0.9833056330680847,
  "r_squared": 0.9826828837394714
}