{
  "pattern": "( adm| av|Close| er| sh)",
  "pos_r_squared": 0.9966793060302734,
  "r_squared": 0.9967665076255798
}