{
  "pattern": "(By| By| just| God| From)",
  "pos_r_squared": 0.9972272515296936,
  "r_squared": 0.9960950613021851
}