{
  "pattern": "( Annie| Maya| Ana|nie| Carlos)",
  "pos_r_squared": 0.9943857789039612,
  "r_squared": 0.9906682372093201
}