{
  "pattern": "(Ready| Ready| strive|Deal| twice)",
  "pos_r_squared": 0.9982365369796753,
  "r_squared": 0.9951013326644897
}