{
  "pattern": "(oh|rier| probably|if| lo)",
  "pos_r_squared": 0.9869023561477661,
  "r_squared": 0.9707706570625305
}