{
  "pattern": "( Kitty|itty|Ch| Nem| dances)",
  "pos_r_squared": 0.9964414834976196,
  "r_squared": 0.9960862398147583
}