{
  "pattern": "( mixing| mix| match| mixed| blended)",
  "pos_r_squared": 0.9961873888969421,
  "r_squared": 0.9968563318252563
}