{
  "pattern": "( wisdom| advice|isdom| Wisdom| brist)",
  "pos_r_squared": 0.9977095127105713,
  "r_squared": 0.9958814978599548
}