{
  "pattern": "( dessert| freshly| room|ally|Tyler)",
  "pos_r_squared": 0.9863725900650024,
  "r_squared": 0.9859201908111572
}