{
  "pattern": "(l|Very| sing| walk| wal)",
  "pos_r_squared": 0.9956828355789185,
  "r_squared": 0.995207667350769
}