{
  "pattern": "( fingers| opportunities|Things| ent| pret)",
  "pos_r_squared": 0.9889189004898071,
  "r_squared": 0.9881212115287781
}