{
  "pattern": "( once| whisk| gap|ever| even)",
  "pos_r_squared": 0.9939537048339844,
  "r_squared": 0.6892696619033813
}