{
  "pattern": "( luxury|la| requested| demanded| cheap)",
  "pos_r_squared": 0.994925320148468,
  "r_squared": 0.99466472864151
}