{
  "pattern": "(inkle| Moon| Sun| Whale| Circle)",
  "pos_r_squared": 0.9942046403884888,
  "r_squared": 0.9865114688873291
}