{
  "pattern": "(ump|ums| lower|na|spl)",
  "pos_r_squared": 0.992002546787262,
  "r_squared": 0.8677847385406494
}