{
  "pattern": "( second| sons|band| Another| third)",
  "pos_r_squared": 0.9922679662704468,
  "r_squared": 0.9450131058692932
}