{
  "pattern": "( Bounce|ounce|Tyler|ST| lav)",
  "pos_r_squared": 0.9954532384872437,
  "r_squared": 0.9871281385421753
}