{
  "pattern": "( zo| unw|good| imag| cares)",
  "pos_r_squared": 0.9896770715713501,
  "r_squared": 0.884393036365509
}