{
  "pattern": "( yours| matters|Tyler|ST|Found)",
  "pos_r_squared": 0.9850163459777832,
  "r_squared": 0.9801183342933655
}