{
  "pattern": "( unt| til| trying)",
  "pos_r_squared": 0.9987502098083496,
  "r_squared": 0.9994502067565918
}