{
  "pattern": "( Dee| Dare| Goose| Crane|anga)",
  "pos_r_squared": 0.9919436573982239,
  "r_squared": 0.990852415561676
}