{
  "pattern": "( until| rest| through| before|!)",
  "pos_r_squared": 0.9984046220779419,
  "r_squared": 0.9985736608505249
}