{
  "pattern": "( noon| Ready| Mighty|Tuesday| Bee)",
  "pos_r_squared": 0.9880244731903076,
  "r_squared": 0.9554054141044617
}