{
  "pattern": "( offer| hamm)",
  "pos_r_squared": 0.9874846339225769,
  "r_squared": 0.9867680668830872
}