{
  "pattern": "( Pe| Wo|ull| Fl| Love)",
  "pos_r_squared": 0.9830849766731262,
  "r_squared": 0.9817785620689392
}