{
  "pattern": "(Wait|ST)",
  "pos_r_squared": 0.9857036471366882,
  "r_squared": 0.9851757287979126
}