{
  "pattern": "( struggle| itch| Ve| risen| piece)",
  "pos_r_squared": 0.9907929301261902,
  "r_squared": 0.9906593561172485
}