{
  "pattern": "( relaxed|Happy| relaxing)",
  "pos_r_squared": 0.9955387711524963,
  "r_squared": 0.995218813419342
}