{
  "pattern": "( sticker| label| picture| gul| medal)",
  "pos_r_squared": 0.9976815581321716,
  "r_squared": 0.9976068735122681
}