{
  "pattern": "( colors| color| colours| stripes| colour)",
  "pos_r_squared": 0.9981681704521179,
  "r_squared": 0.9977289438247681
}