{
  "pattern": "( web| traps| webs| matters| stair)",
  "pos_r_squared": 0.9957074522972107,
  "r_squared": 0.9951451420783997
}