{
  "pattern": "(bo|n| infant|Tyler| ti)",
  "pos_r_squared": 0.9958688020706177,
  "r_squared": 0.9929128289222717
}