{
  "pattern": "( qu| por| mag| \\(|inc)",
  "pos_r_squared": 0.9988760948181152,
  "r_squared": 0.9915799498558044
}