{
  "pattern": "( slid|ettle| they|Cool|ST)",
  "pos_r_squared": 0.9909958839416504,
  "r_squared": 0.9933292865753174
}