{
  "pattern": "( Put|Put|Sit| put| whether)",
  "pos_r_squared": 0.9961196780204773,
  "r_squared": 0.9976065754890442
}