{
  "pattern": "( bloom|joy| swoop| comfort| marvel)",
  "pos_r_squared": 0.9833892583847046,
  "r_squared": 0.9830954670906067
}