{
  "pattern": "( forks|up| pans| nice)",
  "pos_r_squared": 0.9854170680046082,
  "r_squared": 0.9930807948112488
}