{
  "pattern": "( doesn|Sometimes| heroes| Ve| dolls)",
  "pos_r_squared": 0.9840483665466309,
  "r_squared": 0.9886429905891418
}