{
  "pattern": "( easily| rule| experience| lesson| rules)",
  "pos_r_squared": 0.9811339378356934,
  "r_squared": 0.9814226031303406
}