{
  "pattern": "( lap| stro| gul|ess| hug)",
  "pos_r_squared": 0.9972383379936218,
  "r_squared": 0.9973383545875549
}