{
  "pattern": "(ogo| Hipp|ze|ooo|AR)",
  "pos_r_squared": 0.9947797060012817,
  "r_squared": 0.9926105737686157
}