{
  "pattern": "( Alex|Alex| example|ada| cub)",
  "pos_r_squared": 0.9955061674118042,
  "r_squared": 0.9934212565422058
}