{
  "pattern": "( spaceship| boulder| bullet| ship| villains)",
  "pos_r_squared": 0.9917013645172119,
  "r_squared": 0.9918590784072876
}