{
  "pattern": "( lined| bob| piled| reunited|iked)",
  "pos_r_squared": 0.9979104399681091,
  "r_squared": 0.9896315932273865
}