{
  "pattern": "(G|rog|Gr|Then| Green)",
  "pos_r_squared": 0.9958407282829285,
  "r_squared": 0.9950523972511292
}