{
  "pattern": "(Watch| Like|Like| concert| gir)",
  "pos_r_squared": 0.9967675805091858,
  "r_squared": 0.9963823556900024
}