{
  "pattern": "(p| onions| onion| stamped|aming)",
  "pos_r_squared": 0.9808352589607239,
  "r_squared": 0.9802972674369812
}