{
  "pattern": "( gloves|suits| jackets| games|ittens)",
  "pos_r_squared": 0.9959319829940796,
  "r_squared": 0.9959966540336609
}