{
  "pattern": "( Someone| somebody|Someone| someone| calling)",
  "pos_r_squared": 0.9916537404060364,
  "r_squared": 0.9953747987747192
}