{
  "pattern": "( outdoors|anya|anga)",
  "pos_r_squared": 0.9981390237808228,
  "r_squared": 0.9980065226554871
}