{
  "pattern": "( cries| cried| trucks| screams| screamed)",
  "pos_r_squared": 0.9931284189224243,
  "r_squared": 0.993716835975647
}