{
  "pattern": "( Jeff|Josh|Jeff| Henry| Oscar)",
  "pos_r_squared": 0.9917424321174622,
  "r_squared": 0.9864991903305054
}