{
  "pattern": "( third| pant| cou| sob| dining)",
  "pos_r_squared": 0.9809207320213318,
  "r_squared": 0.9410951137542725
}