{
  "pattern": "( cracked| burst| shook| surprise| plot)",
  "pos_r_squared": 0.9832687973976135,
  "r_squared": 0.9889401197433472
}