{
  "pattern": "( se| sle)",
  "pos_r_squared": 0.992005467414856,
  "r_squared": 0.986365795135498
}