{
  "pattern": "( stick| sticks| sticking| key| type)",
  "pos_r_squared": 0.9990715980529785,
  "r_squared": 0.9989645481109619
}