{
  "pattern": "(oto| Tit| Cow|aky|iri)",
  "pos_r_squared": 0.9956972599029541,
  "r_squared": 0.994620144367218
}