{
  "pattern": "( markers| marker| chalk|But| named)",
  "pos_r_squared": 0.9861717820167542,
  "r_squared": 0.9869778156280518
}