{
  "pattern": "( ow| swe| swollen| blood|bug)",
  "pos_r_squared": 0.99814772605896,
  "r_squared": 0.9947304129600525
}