{
  "pattern": "( once| matters| brow|Imagine|ST)",
  "pos_r_squared": 0.9981732964515686,
  "r_squared": 0.982010006904602
}