{
  "pattern": "( stripes| Dad| number|band| Around)",
  "pos_r_squared": 0.992893636226654,
  "r_squared": 0.992487370967865
}