{
  "pattern": "(bie| rh| Sally|imi|ilda)",
  "pos_r_squared": 0.9864144921302795,
  "r_squared": 0.9810938835144043
}