{
  "pattern": "('\\.|!'|\\.'| caused|paste)",
  "pos_r_squared": 0.9882388710975647,
  "r_squared": 0.9876628518104553
}