{
  "pattern": "(itch| cane|uzz| Zero|gly)",
  "pos_r_squared": 0.9841775894165039,
  "r_squared": 0.9847615361213684
}