{
  "pattern": "( quite| very| His| robot| bull)",
  "pos_r_squared": 0.9870463609695435,
  "r_squared": 0.9856791496276855
}