{
  "pattern": "( believed| believe|Tyler| believing| kept)",
  "pos_r_squared": 0.9895406365394592,
  "r_squared": 0.9883215427398682
}