{
  "pattern": "( punish| punished| Cookies| punishment|Tyler)",
  "pos_r_squared": 0.9934060573577881,
  "r_squared": 0.9883036017417908
}