{
  "pattern": "( printer| freshly|Rock)",
  "pos_r_squared": 0.9929642081260681,
  "r_squared": 0.9919875860214233
}