{
  "pattern": "(Sorry|aker| sorry| Sorry| bye)",
  "pos_r_squared": 0.9953858852386475,
  "r_squared": 0.9967739582061768
}