{
  "pattern": "( scar| down| cob|hel| try)",
  "pos_r_squared": 0.9970840215682983,
  "r_squared": 0.9966156482696533
}