{
  "pattern": "(iny|boys| dear|Tyler| ostr)",
  "pos_r_squared": 0.9976497292518616,
  "r_squared": 0.9974388480186462
}