{
  "pattern": "(Paul|May|Alex|An|sey)",
  "pos_r_squared": 0.9963673949241638,
  "r_squared": 0.9954085350036621
}