{
  "pattern": "(ases|bs| chased|mare| tries)",
  "pos_r_squared": 0.9969477653503418,
  "r_squared": 0.9970132112503052
}