{
  "pattern": "( nowhere| precious| evil| bold| grandchildren)",
  "pos_r_squared": 0.9925751686096191,
  "r_squared": 0.9868618249893188
}