{
  "pattern": "( highest| best| tallest| moon| wins)",
  "pos_r_squared": 0.9958893656730652,
  "r_squared": 0.9963951706886292
}