{
  "pattern": "( cub| lamb| camel| duck| j)",
  "pos_r_squared": 0.9905197620391846,
  "r_squared": 0.9936414957046509
}