{
  "pattern": "( laughter| kicks|boys| laugh| soft)",
  "pos_r_squared": 0.9977362155914307,
  "r_squared": 0.9973773956298828
}