{
  "pattern": "( adm| lear|De|you|ogs)",
  "pos_r_squared": 0.9959238171577454,
  "r_squared": 0.98663330078125
}