{
  "pattern": "( area|ee|om|cer|anga)",
  "pos_r_squared": 0.9874281287193298,
  "r_squared": 0.9926047325134277
}