{
  "pattern": "( warmth| steady| feelings|ogs| felt)",
  "pos_r_squared": 0.9933595657348633,
  "r_squared": 0.9959236979484558
}