{
  "pattern": "( instructions| map| directions| items| seeds)",
  "pos_r_squared": 0.9943373799324036,
  "r_squared": 0.9940707087516785
}