{
  "pattern": "( fear| worries| fears|Prin| worried)",
  "pos_r_squared": 0.9938268661499023,
  "r_squared": 0.9941872358322144
}