{
  "pattern": "( gust| swoop| gul| shr|Prin)",
  "pos_r_squared": 0.9979619383811951,
  "r_squared": 0.9941933155059814
}