{
  "pattern": "( froze| frozen|ily| freezing| wires)",
  "pos_r_squared": 0.9897093176841736,
  "r_squared": 0.9922494292259216
}