{
  "pattern": "(lly| Bella|illy| business| Ted)",
  "pos_r_squared": 0.9841200709342957,
  "r_squared": 0.981165885925293
}