{
  "pattern": "( Follow|Park| Around| Amen|Enjoy)",
  "pos_r_squared": 0.9907331466674805,
  "r_squared": 0.9187330007553101
}