{
  "pattern": "( remote| roller| DVD| freshly| mac)",
  "pos_r_squared": 0.9860342144966125,
  "r_squared": 0.9063274264335632
}