{
  "pattern": "( Two|Two|ze| 1|Three)",
  "pos_r_squared": 0.9840866923332214,
  "r_squared": 0.9843851327896118
}