{
  "pattern": "(ful|y| Poor|gly| persistent)",
  "pos_r_squared": 0.9932017922401428,
  "r_squared": 0.9968488216400146
}