{
  "pattern": "(Next| ending|Tyler| opportunities| example)",
  "pos_r_squared": 0.9895167946815491,
  "r_squared": 0.9791320562362671
}