{
  "pattern": "(See| See| magn| beam| craw)",
  "pos_r_squared": 0.9925711750984192,
  "r_squared": 0.9927012920379639
}