{
  "pattern": "( lips| throat|paste| tongues|Lu)",
  "pos_r_squared": 0.9933226704597473,
  "r_squared": 0.9912189245223999
}