{
  "pattern": "(Cat|Mouse|Bad| cat|Ant)",
  "pos_r_squared": 0.9863908886909485,
  "r_squared": 0.9837366938591003
}