{
  "pattern": "( hi|mill|band|Then| freshly)",
  "pos_r_squared": 0.9932355284690857,
  "r_squared": 0.9937075972557068
}