{
  "pattern": "( scrub| sob| stub| bob| nor)",
  "pos_r_squared": 0.9977824091911316,
  "r_squared": 0.9883580207824707
}