{
  "pattern": "( noise| noises| with| sound| roar)",
  "pos_r_squared": 0.9930904507637024,
  "r_squared": 0.9929989576339722
}