{
  "pattern": "(que|Tyler| Ve| ste|assy)",
  "pos_r_squared": 0.9905744194984436,
  "r_squared": 0.9819466471672058
}