{
  "pattern": "( buried| Jane)",
  "pos_r_squared": 0.998836874961853,
  "r_squared": 0.9986760020256042
}