{
  "pattern": "( palm| palms| brush|ocular| unloaded)",
  "pos_r_squared": 0.9987457394599915,
  "r_squared": 0.9984135627746582
}