{
  "pattern": "( top| bottom| roof| edge| orange)",
  "pos_r_squared": 0.986225426197052,
  "r_squared": 0.9865148067474365
}