{
  "pattern": "( Want|Want)",
  "pos_r_squared": 0.9983668327331543,
  "r_squared": 0.9982097148895264
}