{
  "pattern": "( mouths| mouth| heads| tongue| jaws)",
  "pos_r_squared": 0.9975831508636475,
  "r_squared": 0.9867002964019775
}