{
  "pattern": "(oof|bit| tweet| pand|Three)",
  "pos_r_squared": 0.9938654899597168,
  "r_squared": 0.9931864142417908
}