{
  "pattern": "( Wednesday| Saturday| sliding| song| Of)",
  "pos_r_squared": 0.986379861831665,
  "r_squared": 0.9827590584754944
}