{
  "pattern": "(Boo| Ve| pans| j| fore)",
  "pos_r_squared": 0.9923422336578369,
  "r_squared": 0.9930216670036316
}