{
  "pattern": "(Would| cush|Really|Want| Would)",
  "pos_r_squared": 0.9802587032318115,
  "r_squared": 0.9794657230377197
}