{
  "pattern": "(unn|ib|ck|Prin| crit)",
  "pos_r_squared": 0.9906975030899048,
  "r_squared": 0.9909486174583435
}