{
  "pattern": "( sigh| gown| shrug|ants| farewell)",
  "pos_r_squared": 0.9971503019332886,
  "r_squared": 0.9922301769256592
}