{
  "pattern": "(ement| marvel| awe|imi| dreamed)",
  "pos_r_squared": 0.9945418238639832,
  "r_squared": 0.9947221279144287
}