{
  "pattern": "( muscle| muscles| thumb| Muscle|After)",
  "pos_r_squared": 0.9857267737388611,
  "r_squared": 0.8216585516929626
}