{
  "pattern": "( stuffed| living|eddy| mar| popular)",
  "pos_r_squared": 0.9949048161506653,
  "r_squared": 0.9964490532875061
}