{
  "pattern": "( punish| punished|olded| stern| punishing)",
  "pos_r_squared": 0.992728054523468,
  "r_squared": 0.9914644956588745
}