{
  "pattern": "(urry|iver|ogs|assy| delivery)",
  "pos_r_squared": 0.9926871061325073,
  "r_squared": 0.9880048036575317
}