{
  "pattern": "( girls| sisters| siblings| were| messing)",
  "pos_r_squared": 0.9908786416053772,
  "r_squared": 0.9864872097969055
}