{
  "pattern": "( lecture| poster|Listen| Listen| Isn)",
  "pos_r_squared": 0.9896073341369629,
  "r_squared": 0.9877004623413086
}