{
  "pattern": "( appear| ang| appeared| grandchildren| disappeared)",
  "pos_r_squared": 0.9906496405601501,
  "r_squared": 0.9918791651725769
}