{
  "pattern": "(ella| Bella|ets| beetles|bles)",
  "pos_r_squared": 0.9936913251876831,
  "r_squared": 0.9942420721054077
}