{
  "pattern": "( Kay| Bree|Kay|Joy|L)",
  "pos_r_squared": 0.9828948974609375,
  "r_squared": 0.9830465912818909
}