{
  "pattern": "(With|Tyler| Of|stick| With)",
  "pos_r_squared": 0.9904212951660156,
  "r_squared": 0.9900146126747131
}