{
  "pattern": "( cakes|ST| Mos| grandchildren| cake)",
  "pos_r_squared": 0.9957888722419739,
  "r_squared": 0.9975081086158752
}