{
  "pattern": "( slap| slapping)",
  "pos_r_squared": 0.995054304599762,
  "r_squared": 0.9926875233650208
}