{
  "pattern": "( trash| sweep| garbage| rubbish|Tyler)",
  "pos_r_squared": 0.996486246585846,
  "r_squared": 0.9964103698730469
}