{
  "pattern": "(als| dots|boards| stool| house)",
  "pos_r_squared": 0.9856748580932617,
  "r_squared": 0.9847232699394226
}