{
  "pattern": "(bed| pair|Jonathan|over| bro)",
  "pos_r_squared": 0.9976277947425842,
  "r_squared": 0.994050145149231
}