{
  "pattern": "( toes| objects| socks|bars| blocks)",
  "pos_r_squared": 0.994793176651001,
  "r_squared": 0.9950424432754517
}