{
  "pattern": "(please| youths| be|Tyler)",
  "pos_r_squared": 0.9838026165962219,
  "r_squared": 0.9592363834381104
}