{
  "pattern": "( observed| surroundings| observing| noticing| examined)",
  "pos_r_squared": 0.9968205094337463,
  "r_squared": 0.9951245188713074
}