{
  "pattern": "( teasing|aring|ting| fights|war)",
  "pos_r_squared": 0.9904040098190308,
  "r_squared": 0.9917129278182983
}