{
  "pattern": "(ot|ally|ara| wasted| knew)",
  "pos_r_squared": 0.9866385459899902,
  "r_squared": 0.9942437410354614
}