{
  "pattern": "( sisters| younger| girls| mer|Lu)",
  "pos_r_squared": 0.9900531768798828,
  "r_squared": 0.9799802899360657
}