{
  "pattern": "( Lily|ess| Around)",
  "pos_r_squared": 0.9989854693412781,
  "r_squared": 0.9952521920204163
}