{
  "pattern": "( darling|heart| impressed| children|ister)",
  "pos_r_squared": 0.9858142137527466,
  "r_squared": 0.9857258200645447
}