{
  "pattern": "( rings| rang|ST| appeared)",
  "pos_r_squared": 0.9896100163459778,
  "r_squared": 0.9886326789855957
}