{
  "pattern": "( stuffed| belly| put| distracted| pillow)",
  "pos_r_squared": 0.9949609041213989,
  "r_squared": 0.9956426024436951
}