{
  "pattern": "(ipt| plan| pic| hats| sprint)",
  "pos_r_squared": 0.9907447695732117,
  "r_squared": 0.9965585470199585
}