{
  "pattern": "( matched| pairs| ran| blocking| beat)",
  "pos_r_squared": 0.9975132942199707,
  "r_squared": 0.9857568740844727
}