{
  "pattern": "( pots|mm| sense|oh| Ach)",
  "pos_r_squared": 0.9932709336280823,
  "r_squared": 0.991770327091217
}