{
  "pattern": "(ba| except| bridges|Mind|avi)",
  "pos_r_squared": 0.9892279505729675,
  "r_squared": 0.9863234758377075
}