{
  "pattern": "( ig| us|After| saw| lifted)",
  "pos_r_squared": 0.9837870597839355,
  "r_squared": 0.9841504096984863
}