{
  "pattern": "( Coco|oco| Remy| Rosa| Mary)",
  "pos_r_squared": 0.9925820231437683,
  "r_squared": 0.9930324554443359
}