{
  "pattern": "( disturbed| touching| disturbing| respectful| observing)",
  "pos_r_squared": 0.9935471415519714,
  "r_squared": 0.9930185079574585
}