{
  "pattern": "( dolphin|ally| ig| Of| stool)",
  "pos_r_squared": 0.9897316098213196,
  "r_squared": 0.9859195351600647
}