{
  "pattern": "( adm| worth| pic|to| By)",
  "pos_r_squared": 0.9845773577690125,
  "r_squared": 0.9765021204948425
}