{
  "pattern": "( herbs| understanding|eking| hides| welcoming)",
  "pos_r_squared": 0.9928868412971497,
  "r_squared": 0.985344648361206
}