{
  "pattern": "( wanting| peac| deserve| chunk| attracted)",
  "pos_r_squared": 0.9974237680435181,
  "r_squared": 0.9671347737312317
}