{
  "pattern": "(bons| twisting|uttering| tossing| believing)",
  "pos_r_squared": 0.9892250895500183,
  "r_squared": 0.9878413081169128
}