{
  "pattern": "(uzz| hi|ove|isp|inky)",
  "pos_r_squared": 0.9922311305999756,
  "r_squared": 0.985302209854126
}