{
  "pattern": "(Ch|Tweet|Ring| slot|Send)",
  "pos_r_squared": 0.9976310729980469,
  "r_squared": 0.9971174597740173
}