{
  "pattern": "( pump| lower|Tyler| ig| with)",
  "pos_r_squared": 0.9880660176277161,
  "r_squared": 0.9954091310501099
}