{
  "pattern": "( shouldn| known| worth| stored| declared)",
  "pos_r_squared": 0.993996262550354,
  "r_squared": 0.9885951280593872
}