{
  "pattern": "( catching| closest| losing| holding| lowest)",
  "pos_r_squared": 0.9970175623893738,
  "r_squared": 0.9959803819656372
}