{
  "pattern": "(abel|eb| Ther|anga| Mae)",
  "pos_r_squared": 0.9875950813293457,
  "r_squared": 0.9664278030395508
}