{
  "pattern": "( che| ridden|ST| watched| roasted)",
  "pos_r_squared": 0.987570583820343,
  "r_squared": 0.9783551692962646
}