{
  "pattern": "( beef| kit|Tyler|lost|ise)",
  "pos_r_squared": 0.9841771721839905,
  "r_squared": 0.9764143228530884
}