{
  "pattern": "( sticking| fabric| material| hard| simple)",
  "pos_r_squared": 0.9879924654960632,
  "r_squared": 0.9901072978973389
}