{
  "pattern": "(oot| matters|rob| plus|ab)",
  "pos_r_squared": 0.98968106508255,
  "r_squared": 0.9854461550712585
}