{
  "pattern": "(aid| viol| Ve| thank)",
  "pos_r_squared": 0.9974895119667053,
  "r_squared": 0.9973077774047852
}