{
  "pattern": "( beneath| underneath| terrified|storm| fort)",
  "pos_r_squared": 0.997065007686615,
  "r_squared": 0.9961322546005249
}