{
  "pattern": "( Near|Near| Behind| pret|Their)",
  "pos_r_squared": 0.9972730875015259,
  "r_squared": 0.9963864684104919
}