{
  "pattern": "( safely|Prin| carefully| tutor)",
  "pos_r_squared": 0.9845402240753174,
  "r_squared": 0.9922996163368225
}