{
  "pattern": "( accident| hi| gir|Look| boy)",
  "pos_r_squared": 0.988430917263031,
  "r_squared": 0.992061972618103
}