{
  "pattern": "( apart| freshly| newly|ves| Mos)",
  "pos_r_squared": 0.9935847520828247,
  "r_squared": 0.9807711839675903
}