{
  "pattern": "( lecture| meeting| Of|Tyler| sorry)",
  "pos_r_squared": 0.9902462959289551,
  "r_squared": 0.9874392151832581
}