{
  "pattern": "( success| result| meal| results|Tyler)",
  "pos_r_squared": 0.9965134263038635,
  "r_squared": 0.996850311756134
}