{
  "pattern": "( bet| builders| sneaky| friendships)",
  "pos_r_squared": 0.9925348162651062,
  "r_squared": 0.9934032559394836
}