{
  "pattern": "( tease| teased| Find|udd| Fl)",
  "pos_r_squared": 0.987496554851532,
  "r_squared": 0.9669444561004639
}