{
  "pattern": "( emergency| hero|Found|berry| threat)",
  "pos_r_squared": 0.996932864189148,
  "r_squared": 0.9965485334396362
}