{
  "pattern": "( copy| Watch| Like|Like| copied)",
  "pos_r_squared": 0.9849965572357178,
  "r_squared": 0.9822268486022949
}