{
  "pattern": "( winter| Winter|ony|anga|Winter)",
  "pos_r_squared": 0.9906416535377502,
  "r_squared": 0.9845790266990662
}