{
  "pattern": "(ud|oy|im| Clim|iff)",
  "pos_r_squared": 0.9919431209564209,
  "r_squared": 0.9486064314842224
}