{
  "pattern": "( argued| messing| bond| Any| obstacle)",
  "pos_r_squared": 0.9977506995201111,
  "r_squared": 0.9658697843551636
}