{
  "pattern": "( pur| hum|spl| spe| Tues)",
  "pos_r_squared": 0.9970243573188782,
  "r_squared": 0.9590336680412292
}