{
  "pattern": "( sight| matters| Sof)",
  "pos_r_squared": 0.9947618842124939,
  "r_squared": 0.9927955865859985
}