{
  "pattern": "( Qu| Fl|Qu| N|nam)",
  "pos_r_squared": 0.9954769015312195,
  "r_squared": 0.9974349737167358
}