{
  "pattern": "( shelter| club| fort|opsy|Mine)",
  "pos_r_squared": 0.980824887752533,
  "r_squared": 0.9661534428596497
}