{
  "pattern": "( neat| decorated)",
  "pos_r_squared": 0.9829621315002441,
  "r_squared": 0.9797646999359131
}