{
  "pattern": "( Want|Want|\\.\\.\\.| Knot)",
  "pos_r_squared": 0.9967337250709534,
  "r_squared": 0.9849432706832886
}