{
  "pattern": "( beads| peeled| workshop| wax|Years)",
  "pos_r_squared": 0.9927385449409485,
  "r_squared": 0.9619555473327637
}