{
  "pattern": "( buzzing|uttering| hovering|overed| buzz)",
  "pos_r_squared": 0.9976608753204346,
  "r_squared": 0.9971828460693359
}