{
  "pattern": "(pper|Tyler|band|uck|Green)",
  "pos_r_squared": 0.9887832999229431,
  "r_squared": 0.9669322371482849
}