{
  "pattern": "('ve| haven| hadn| hasn|'d)",
  "pos_r_squared": 0.9967256784439087,
  "r_squared": 0.9958422780036926
}