{
  "pattern": "( spraying|ays| sprayed| watering| playing)",
  "pos_r_squared": 0.9927704334259033,
  "r_squared": 0.9942852854728699
}