{
  "pattern": "( attached| connected| attach| connection| attracted)",
  "pos_r_squared": 0.9972480535507202,
  "r_squared": 0.9966717958450317
}