{
  "pattern": "( luxury| nasty| luxurious| Victory| Ve)",
  "pos_r_squared": 0.9973441958427429,
  "r_squared": 0.9899464249610901
}