{
  "pattern": "( bridges|Tyler| completing|innie|ants)",
  "pos_r_squared": 0.9966571927070618,
  "r_squared": 0.9847859740257263
}