{
  "pattern": "( unp| ro| ste| tid|nam)",
  "pos_r_squared": 0.9920557141304016,
  "r_squared": 0.9923744201660156
}