{
  "pattern": "( headed| heading| venture| ventured| shopping)",
  "pos_r_squared": 0.9946926832199097,
  "r_squared": 0.9934439063072205
}