{
  "pattern": "( floated| flow| flowing| pretty| flowed)",
  "pos_r_squared": 0.9960353374481201,
  "r_squared": 0.996432363986969
}