{
  "pattern": "(Hold| Hold| keeping| hold| grasped)",
  "pos_r_squared": 0.9970002770423889,
  "r_squared": 0.9971107840538025
}