{
  "pattern": "( Like|Like|Watch| include|Kn)",
  "pos_r_squared": 0.9948663115501404,
  "r_squared": 0.9941678643226624
}