{
  "pattern": "(brush|chief| just|paste| kit)",
  "pos_r_squared": 0.9956569671630859,
  "r_squared": 0.9934075474739075
}