{
  "pattern": "(y| cr|ler|zy|my)",
  "pos_r_squared": 0.9857229590415955,
  "r_squared": 0.9832262396812439
}