{
  "pattern": "( rocking| Rock| relaxing|asting|Imagine)",
  "pos_r_squared": 0.9986074566841125,
  "r_squared": 0.993604838848114
}