{
  "pattern": "(Gr| Gr|Is| Ben|Joy)",
  "pos_r_squared": 0.9949895739555359,
  "r_squared": 0.9929420351982117
}