{
  "pattern": "( pirates| robbers)",
  "pos_r_squared": 0.980319619178772,
  "r_squared": 0.9526034593582153
}