{
  "pattern": "( sorting| organizing| sort| organize| messy)",
  "pos_r_squared": 0.9808641672134399,
  "r_squared": 0.9803087115287781
}