{
  "pattern": "( stamps| stamp| clips| sends| magnets)",
  "pos_r_squared": 0.9962923526763916,
  "r_squared": 0.9968423843383789
}