{
  "pattern": "( Joy| Meg| Annie| bucket| Ell)",
  "pos_r_squared": 0.9825648069381714,
  "r_squared": 0.9826645851135254
}