{
  "pattern": "( muscle| reward| muscles| matters|oons)",
  "pos_r_squared": 0.9958471059799194,
  "r_squared": 0.9955655932426453
}