{
  "pattern": "( outdoors| park| surroundings| along|up)",
  "pos_r_squared": 0.9841316938400269,
  "r_squared": 0.9871976971626282
}