{
  "pattern": "( pur| cre| bur| loving| cal)",
  "pos_r_squared": 0.9976056814193726,
  "r_squared": 0.9936317801475525
}