{
  "pattern": "( Two|Two| shared|Three| matters)",
  "pos_r_squared": 0.9835278391838074,
  "r_squared": 0.9701640009880066
}