{
  "pattern": "( rid| swat| remove|ocular| because)",
  "pos_r_squared": 0.9972965717315674,
  "r_squared": 0.9969808459281921
}