{
  "pattern": "(is|cast|alks|ST| Wed)",
  "pos_r_squared": 0.9868614077568054,
  "r_squared": 0.9814354777336121
}