{
  "pattern": "( sprink| alien| ste|ka| caul)",
  "pos_r_squared": 0.9938873052597046,
  "r_squared": 0.9940761923789978
}