{
  "pattern": "(Ann| Ann|Amy| castle| Fay)",
  "pos_r_squared": 0.992287814617157,
  "r_squared": 0.995122492313385
}