{
  "pattern": "( rib| brace| these| ang| those)",
  "pos_r_squared": 0.997403621673584,
  "r_squared": 0.9976024627685547
}