{
  "pattern": "( embarrass| embarrassing|Tyler| Nem|isher)",
  "pos_r_squared": 0.9979297518730164,
  "r_squared": 0.9970837831497192
}