{
  "pattern": "(coat| worth|f| black| old)",
  "pos_r_squared": 0.9908280968666077,
  "r_squared": 0.9926656484603882
}