{
  "pattern": "(inkle| turning| light| Holly| clock)",
  "pos_r_squared": 0.993147611618042,
  "r_squared": 0.9955694675445557
}