{
  "pattern": "( worms| sprinkled| spices| seeds| tucked)",
  "pos_r_squared": 0.9939202666282654,
  "r_squared": 0.993753969669342
}