{
  "pattern": "( claws| Ve)",
  "pos_r_squared": 0.9844495058059692,
  "r_squared": 0.9833088517189026
}