{
  "pattern": "( bottles| fresh|plets|ks| bags)",
  "pos_r_squared": 0.9931811690330505,
  "r_squared": 0.9942273497581482
}