{
  "pattern": "(Sun| L| av|Da|Tyler)",
  "pos_r_squared": 0.9974470734596252,
  "r_squared": 0.9962633848190308
}