{
  "pattern": "( rib|Hold| sob| Clim| asks)",
  "pos_r_squared": 0.99452805519104,
  "r_squared": 0.9954415559768677
}