{
  "pattern": "( scratch|Look| crooked| fore| dent)",
  "pos_r_squared": 0.9969205856323242,
  "r_squared": 0.9959584474563599
}