{
  "pattern": "( roads| worlds| road| farms| track)",
  "pos_r_squared": 0.9972466230392456,
  "r_squared": 0.997250497341156
}