{
  "pattern": "(is| por| cal|unn| re)",
  "pos_r_squared": 0.9954268932342529,
  "r_squared": 0.9945758581161499
}