{
  "pattern": "( markers| recorder| chalk| marker|Tyler)",
  "pos_r_squared": 0.9925093650817871,
  "r_squared": 0.9919189214706421
}