{
  "pattern": "( Anna| Lucy|Anna| her| flower)",
  "pos_r_squared": 0.9949260950088501,
  "r_squared": 0.9944706559181213
}