{
  "pattern": "( laughter| ig|Boo| discover| trem)",
  "pos_r_squared": 0.9826881885528564,
  "r_squared": 0.9819080233573914
}