{
  "pattern": "( clearing| share| A| shared| Boat)",
  "pos_r_squared": 0.9836848974227905,
  "r_squared": 0.9831662178039551
}