{
  "pattern": "(M|eh| knew| trapped|S)",
  "pos_r_squared": 0.9949585795402527,
  "r_squared": 0.9970113039016724
}