{
  "pattern": "(ana|elly| sat|aney|Dad)",
  "pos_r_squared": 0.9942671060562134,
  "r_squared": 0.9955196976661682
}