{
  "pattern": "( Al| lucky| Patch|Al| Skip)",
  "pos_r_squared": 0.9916216731071472,
  "r_squared": 0.988614559173584
}