{
  "pattern": "( stomp| scrap| dashed| shuff| sprint)",
  "pos_r_squared": 0.996998131275177,
  "r_squared": 0.9704795479774475
}