{
  "pattern": "( knees|ipt| ze| pret| broom)",
  "pos_r_squared": 0.9948828220367432,
  "r_squared": 0.9945451617240906
}