{
  "pattern": "( Out|Out|man|Along| later)",
  "pos_r_squared": 0.9977675080299377,
  "r_squared": 0.9983537197113037
}