{
  "pattern": "( eagerly| nervously| anticipation| enthusiastically|Tyler)",
  "pos_r_squared": 0.9963310956954956,
  "r_squared": 0.9945334196090698
}