{
  "pattern": "(That| That| that| entire|Da)",
  "pos_r_squared": 0.9947328567504883,
  "r_squared": 0.9947097301483154
}