{
  "pattern": "( surrounded| freshly| plenty| grandchildren| newly)",
  "pos_r_squared": 0.9963130354881287,
  "r_squared": 0.9619717001914978
}