{
  "pattern": "( sneaky|ird| saw| bird| friend)",
  "pos_r_squared": 0.9910649657249451,
  "r_squared": 0.9822980761528015
}