{
  "pattern": "( presents| gifts| ig| Amen|assy)",
  "pos_r_squared": 0.9959994554519653,
  "r_squared": 0.9925601482391357
}