{
  "pattern": "( sofa| ramps| ste| Ve|ST)",
  "pos_r_squared": 0.9865440726280212,
  "r_squared": 0.9635555744171143
}