{
  "pattern": "( punished| landed| punish| punishment| rewarded)",
  "pos_r_squared": 0.9975200891494751,
  "r_squared": 0.9975448250770569
}