{
  "pattern": "(m| zo|y|ocular|ib)",
  "pos_r_squared": 0.9928866028785706,
  "r_squared": 0.9924802780151367
}