{
  "pattern": "( once|ka| one| blond|iser)",
  "pos_r_squared": 0.9896836280822754,
  "r_squared": 0.9726753830909729
}