{
  "pattern": "( weren| wasn| didn| aren| smelled)",
  "pos_r_squared": 0.9904715418815613,
  "r_squared": 0.9930080771446228
}