{
  "pattern": "( fetch| eleven| Ve|Found|ove)",
  "pos_r_squared": 0.9940072298049927,
  "r_squared": 0.9206764698028564
}