{
  "pattern": "( Su| Kit| Jas| Co| Neck)",
  "pos_r_squared": 0.9928486347198486,
  "r_squared": 0.9623592495918274
}