{
  "pattern": "(ashes|ugs|ays|hes|ove)",
  "pos_r_squared": 0.9890162944793701,
  "r_squared": 0.9521241784095764
}