{
  "pattern": "( Sally|ally| Lucy| named|',)",
  "pos_r_squared": 0.9983665347099304,
  "r_squared": 0.9964204430580139
}