{
  "pattern": "(aj|me|ra|rim|Po)",
  "pos_r_squared": 0.980719268321991,
  "r_squared": 0.9783583879470825
}