{
  "pattern": "(l| youths|arling| passed| stalk)",
  "pos_r_squared": 0.9887940883636475,
  "r_squared": 0.9867135286331177
}