{
  "pattern": "( shot| shooting| target| shoots|irted)",
  "pos_r_squared": 0.9813240170478821,
  "r_squared": 0.981256902217865
}