{
  "pattern": "( best|iest|st| seven| demand)",
  "pos_r_squared": 0.9831635355949402,
  "r_squared": 0.9821731448173523
}