{
  "pattern": "( Want|Want| boy| friend| Are)",
  "pos_r_squared": 0.98069828748703,
  "r_squared": 0.989075243473053
}