{
  "pattern": "(Boo| or|prise|mare|Found)",
  "pos_r_squared": 0.9953128695487976,
  "r_squared": 0.9951622486114502
}