{
  "pattern": "( colourful| colours| coloured| chalk| everyday)",
  "pos_r_squared": 0.9870676398277283,
  "r_squared": 0.9623836278915405
}