{
  "pattern": "( warm| brave| coming| cre| every)",
  "pos_r_squared": 0.9924973845481873,
  "r_squared": 0.9923294186592102
}