{
  "pattern": "( bub| | banner| ju| coming)",
  "pos_r_squared": 0.9978221654891968,
  "r_squared": 0.9980738162994385
}