{
  "pattern": "( tucked| Mat|ide| curled| cal)",
  "pos_r_squared": 0.9945858120918274,
  "r_squared": 0.9905275106430054
}