{
  "pattern": "( Fl|Fl|,| don|ir)",
  "pos_r_squared": 0.9984613060951233,
  "r_squared": 0.998649537563324
}