{
  "pattern": "(ee|Go|ope|eddy| Slide)",
  "pos_r_squared": 0.989858090877533,
  "r_squared": 0.9935452938079834
}