{
  "pattern": "( cones| builders|here| cone| parking)",
  "pos_r_squared": 0.9977571964263916,
  "r_squared": 0.9949741363525391
}