{
  "pattern": "( poison| hero| dangerous|mare|!)",
  "pos_r_squared": 0.9911372661590576,
  "r_squared": 0.9904398918151855
}