{
  "pattern": "( re|Bet)",
  "pos_r_squared": 0.9925002455711365,
  "r_squared": 0.9896304607391357
}