{
  "pattern": "( parked| parks| ship|eared| lands)",
  "pos_r_squared": 0.9815456867218018,
  "r_squared": 0.9815460443496704
}