{
  "pattern": "( embarrass| arrives| envy| blame| blamed)",
  "pos_r_squared": 0.996635377407074,
  "r_squared": 0.9727782607078552
}