{
  "pattern": "( zo| sle| M| Kit| shr)",
  "pos_r_squared": 0.9974250197410583,
  "r_squared": 0.996812641620636
}