{
  "pattern": "( sew| sewing|ins|ove| plugged)",
  "pos_r_squared": 0.995429277420044,
  "r_squared": 0.9808309078216553
}