{
  "pattern": "( shrug| shrugged| footsteps| nod| nodding)",
  "pos_r_squared": 0.9970418214797974,
  "r_squared": 0.9964131712913513
}