{
  "pattern": "( Here|Here| there|Very| here)",
  "pos_r_squared": 0.9936708807945251,
  "r_squared": 0.9938830733299255
}