{
  "pattern": "( scar| seaw|Don|rig| caul)",
  "pos_r_squared": 0.9813611507415771,
  "r_squared": 0.9866923093795776
}