{
  "pattern": "( Mind|Stop|Mind|stop| cal)",
  "pos_r_squared": 0.9937320351600647,
  "r_squared": 0.9940326809883118
}