{
  "pattern": "(oh|Ab|gly| Upon| Ve)",
  "pos_r_squared": 0.985056459903717,
  "r_squared": 0.9495401978492737
}