{
  "pattern": "( since| Since|Since|Now| gir)",
  "pos_r_squared": 0.9976679682731628,
  "r_squared": 0.9976922869682312
}