{
  "pattern": "( lie| lied| lying| lies| Looking)",
  "pos_r_squared": 0.9823598265647888,
  "r_squared": 0.9822559356689453
}