{
  "pattern": "( girls| couple| dolls| Doll| sisters)",
  "pos_r_squared": 0.99568772315979,
  "r_squared": 0.9955437183380127
}