{
  "pattern": "( tall| taller| tallest|mill| snowy)",
  "pos_r_squared": 0.9990072846412659,
  "r_squared": 0.9988893866539001
}