{
  "pattern": "( Splash| Dare| Kit| Soft|Cat)",
  "pos_r_squared": 0.9906988739967346,
  "r_squared": 0.9900373220443726
}