{
  "pattern": "( girl| girls| sisters| couple| y)",
  "pos_r_squared": 0.9986316561698914,
  "r_squared": 0.9689810872077942
}