{
  "pattern": "( mesmer| necks| truly| ang| completely)",
  "pos_r_squared": 0.9856484532356262,
  "r_squared": 0.9362143874168396
}