{
  "pattern": "( sorted| sort)",
  "pos_r_squared": 0.9962335228919983,
  "r_squared": 0.9962993860244751
}