{
  "pattern": "(fly|bird|pper|ible|flies)",
  "pos_r_squared": 0.9959725141525269,
  "r_squared": 0.9852026104927063
}