{
  "pattern": "( sque|eal|Ar| saving| channel)",
  "pos_r_squared": 0.9960014820098877,
  "r_squared": 0.9873993992805481
}