{
  "pattern": "( colored| coloured| painted| parking| color)",
  "pos_r_squared": 0.9964463114738464,
  "r_squared": 0.9963243007659912
}