{
  "pattern": "( sore| newly| freshly|paste| Ve)",
  "pos_r_squared": 0.9932767748832703,
  "r_squared": 0.9561715126037598
}