{
  "pattern": "(opl| av| wr|Imagine|ork)",
  "pos_r_squared": 0.991200864315033,
  "r_squared": 0.9906865358352661
}