{
  "pattern": "( loose| losing| tooth|imb| lose)",
  "pos_r_squared": 0.9902032613754272,
  "r_squared": 0.9916025400161743
}