{
  "pattern": "( sa| gonna| gul|rim| tre)",
  "pos_r_squared": 0.9915843605995178,
  "r_squared": 0.9779895544052124
}