{
  "pattern": "( younger|ver| better| other| gifted)",
  "pos_r_squared": 0.9884960651397705,
  "r_squared": 0.9915645718574524
}