{
  "pattern": "( dipped| plugged| dip| lowered| dips)",
  "pos_r_squared": 0.998479962348938,
  "r_squared": 0.9960259199142456
}