{
  "pattern": "( chefs| dragons| her| have| heroes)",
  "pos_r_squared": 0.9892265200614929,
  "r_squared": 0.9885396957397461
}