{
  "pattern": "( pl|ng| dr| blo| unsc)",
  "pos_r_squared": 0.9938267469406128,
  "r_squared": 0.9083299040794373
}