{
  "pattern": "( forg| strange|fire| night| fire)",
  "pos_r_squared": 0.9938110709190369,
  "r_squared": 0.9976980090141296
}