{
  "pattern": "( spit| spat| dump|its|Prin)",
  "pos_r_squared": 0.9888721108436584,
  "r_squared": 0.9115123152732849
}