{
  "pattern": "( earlier| nearby| tricked| differently|ever)",
  "pos_r_squared": 0.9989144802093506,
  "r_squared": 0.9962236285209656
}