{
  "pattern": "(gie| kit| sho| Tit| Ot)",
  "pos_r_squared": 0.9956413507461548,
  "r_squared": 0.9894803762435913
}