{
  "pattern": "( brain| brains| ears|Was)",
  "pos_r_squared": 0.9952206015586853,
  "r_squared": 0.9950926899909973
}