{
  "pattern": "( measuring| measure| knew| wrapping| cake)",
  "pos_r_squared": 0.9895123243331909,
  "r_squared": 0.988539457321167
}