{
  "pattern": "( knees|igs| chin|bars| side)",
  "pos_r_squared": 0.9994174838066101,
  "r_squared": 0.9989227056503296
}