{
  "pattern": "( voices|Two| shout| buttons|ks)",
  "pos_r_squared": 0.9983758330345154,
  "r_squared": 0.9975695610046387
}