{
  "pattern": "( roses|hes|ips| markings| sons)",
  "pos_r_squared": 0.9922239184379578,
  "r_squared": 0.8838282823562622
}