{
  "pattern": "(Once| In|In| in|On)",
  "pos_r_squared": 0.9921286106109619,
  "r_squared": 0.9947487711906433
}