{
  "pattern": "( se| handy| zo| Dad|storm)",
  "pos_r_squared": 0.9954181909561157,
  "r_squared": 0.9960219860076904
}