{
  "pattern": "( dare| dared|are| ramps| leaned)",
  "pos_r_squared": 0.9818764925003052,
  "r_squared": 0.9823803901672363
}