{
  "pattern": "( kicking| nor|ST)",
  "pos_r_squared": 0.9820470809936523,
  "r_squared": 0.9689594507217407
}