{
  "pattern": "( kisses|aks| taps|hes)",
  "pos_r_squared": 0.9908360242843628,
  "r_squared": 0.8551490902900696
}