{
  "pattern": "( wedding| Christmas| All| Halloween| healing)",
  "pos_r_squared": 0.9871519207954407,
  "r_squared": 0.9854686260223389
}