{
  "pattern": "( brace| worn| unic|ST| lear)",
  "pos_r_squared": 0.99312424659729,
  "r_squared": 0.9321373701095581
}