{
  "pattern": "( Henry|Henry)",
  "pos_r_squared": 0.9945375323295593,
  "r_squared": 0.9949912428855896
}