{
  "pattern": "( ha| turkey| not| lear| hi)",
  "pos_r_squared": 0.9976947903633118,
  "r_squared": 0.9907224178314209
}