{
  "pattern": "( remote|boys| watch| understand| ticket)",
  "pos_r_squared": 0.9909666776657104,
  "r_squared": 0.9929521679878235
}