{
  "pattern": "( belly| bud| barrel| lap| mound)",
  "pos_r_squared": 0.9885156750679016,
  "r_squared": 0.9898869395256042
}