{
  "pattern": "( setting| pret|Here| possible| sly)",
  "pos_r_squared": 0.9966076016426086,
  "r_squared": 0.9963186979293823
}