{
  "pattern": "(Or| ig| or| Or|Then)",
  "pos_r_squared": 0.995003879070282,
  "r_squared": 0.9956132173538208
}