{
  "pattern": "(aring| scares| bothering|inging| loving)",
  "pos_r_squared": 0.9984090328216553,
  "r_squared": 0.969956636428833
}