{
  "pattern": "( Everything|Everything|Tyler|oat)",
  "pos_r_squared": 0.9947184920310974,
  "r_squared": 0.9921794533729553
}