{
  "pattern": "( kindly|gh|ively| smiling|ishly)",
  "pos_r_squared": 0.997399091720581,
  "r_squared": 0.9974605441093445
}