{
  "pattern": "( lung| helicopter| ears| wing| Ve)",
  "pos_r_squared": 0.9841638207435608,
  "r_squared": 0.9827991724014282
}