{
  "pattern": "( quite| exact|ony)",
  "pos_r_squared": 0.9978013634681702,
  "r_squared": 0.9957849979400635
}