{
  "pattern": "( forg| hairc| hur|Te| Ph)",
  "pos_r_squared": 0.9834708571434021,
  "r_squared": 0.9261579513549805
}