{
  "pattern": "( release| released|L|\\n| releasing)",
  "pos_r_squared": 0.9820182919502258,
  "r_squared": 0.9819902181625366
}