{
  "pattern": "( stare| gaze| staring| shrug| stares)",
  "pos_r_squared": 0.9946349263191223,
  "r_squared": 0.9923504590988159
}