{
  "pattern": "(ged|ging| unloaded| Mos| Sorry)",
  "pos_r_squared": 0.9889509677886963,
  "r_squared": 0.9685308933258057
}