{
  "pattern": "( cheek| fer|oat| pic| Vin)",
  "pos_r_squared": 0.9896932244300842,
  "r_squared": 0.9437220692634583
}