{
  "pattern": "(icked| lick|icks| licking| ruled)",
  "pos_r_squared": 0.9920702576637268,
  "r_squared": 0.9907851219177246
}