{
  "pattern": "( Dare| Dot|are|ettle| permitted)",
  "pos_r_squared": 0.9932517409324646,
  "r_squared": 0.9914756417274475
}