{
  "pattern": "( Do|Do|,| lion| ground)",
  "pos_r_squared": 0.9986003637313843,
  "r_squared": 0.9986526966094971
}