{
  "pattern": "( Is|Is|Look| Did| Be)",
  "pos_r_squared": 0.9928423166275024,
  "r_squared": 0.9922370910644531
}