{
  "pattern": "( visited| visiting| explored| visit| visits)",
  "pos_r_squared": 0.9937036037445068,
  "r_squared": 0.9938595294952393
}