{
  "pattern": "( James|James| Tony|ers|John)",
  "pos_r_squared": 0.9832690358161926,
  "r_squared": 0.9833106994628906
}