{
  "pattern": "( writes| signed| wrote| pret| signs)",
  "pos_r_squared": 0.9965239763259888,
  "r_squared": 0.9955701231956482
}