{
  "pattern": "( Aunt| porch| aunt| Uncle|unt)",
  "pos_r_squared": 0.9887673258781433,
  "r_squared": 0.9913036227226257
}