{
  "pattern": "( Queen| Princess|Queen| cle|urse)",
  "pos_r_squared": 0.9958535432815552,
  "r_squared": 0.9761168956756592
}