{
  "pattern": "( Rocky| Bloom| rock|alk| Wally)",
  "pos_r_squared": 0.9844435453414917,
  "r_squared": 0.9477517008781433
}