{
  "pattern": "( worse| furniture|der| consequences| strange)",
  "pos_r_squared": 0.9932163953781128,
  "r_squared": 0.9929262399673462
}