{
  "pattern": "(bug|paste| butterfly|aney|up)",
  "pos_r_squared": 0.9918413758277893,
  "r_squared": 0.9948757290840149
}