{
  "pattern": "(dy|Skip| Swim|es| dipped)",
  "pos_r_squared": 0.995704174041748,
  "r_squared": 0.9760517477989197
}