{
  "pattern": "( bites| biting| bite| grabs|w)",
  "pos_r_squared": 0.9831870794296265,
  "r_squared": 0.9842121601104736
}