{
  "pattern": "(fully|lessly| pleasantly|ively| Also)",
  "pos_r_squared": 0.9906018972396851,
  "r_squared": 0.9715398550033569
}