{
  "pattern": "( sneak|obs| lace| sneaking| door)",
  "pos_r_squared": 0.9935042858123779,
  "r_squared": 0.995029628276825
}