{
  "pattern": "(See| experience| example| sense| See)",
  "pos_r_squared": 0.9932079911231995,
  "r_squared": 0.9902310371398926
}