{
  "pattern": "(Exc| you| pic| ig| puppy)",
  "pos_r_squared": 0.9825899004936218,
  "r_squared": 0.9914804100990295
}