{
  "pattern": "( once| brow| camping|Run|After)",
  "pos_r_squared": 0.9931492805480957,
  "r_squared": 0.967552661895752
}