{
  "pattern": "(Ro| glued| Birthday|Magic|elcome)",
  "pos_r_squared": 0.9921556711196899,
  "r_squared": 0.9865551590919495
}