{
  "pattern": "( behind| Behind|Behind|ady| Around)",
  "pos_r_squared": 0.9989724159240723,
  "r_squared": 0.999304473400116
}