{
  "pattern": "( flies| matters| mil| useful| proved)",
  "pos_r_squared": 0.982806384563446,
  "r_squared": 0.9552872776985168
}