{
  "pattern": "( sticking| pret| coming| comes| hangs)",
  "pos_r_squared": 0.998728334903717,
  "r_squared": 0.99922776222229
}