{
  "pattern": "( Julie| Julia|Jul| Jesse|Anne)",
  "pos_r_squared": 0.9863030910491943,
  "r_squared": 0.978537380695343
}