{
  "pattern": "(ashes|ays| Flower|anga|ings)",
  "pos_r_squared": 0.9960293769836426,
  "r_squared": 0.9941791296005249
}