{
  "pattern": "( hen| chick| turtle| ko| chair)",
  "pos_r_squared": 0.9950674176216125,
  "r_squared": 0.9917861819267273
}