{
  "pattern": "( backpack| bus| bag| bank| explorer)",
  "pos_r_squared": 0.9945092797279358,
  "r_squared": 0.9971939921379089
}