{
  "pattern": "( exc|ite|ST|Tyler| Tues)",
  "pos_r_squared": 0.9900432229042053,
  "r_squared": 0.9828835725784302
}