{
  "pattern": "( Both| both|Together|Both| pet)",
  "pos_r_squared": 0.9920830130577087,
  "r_squared": 0.9929937124252319
}