{
  "pattern": "( owned| had|Tyler| pret|ST)",
  "pos_r_squared": 0.9865296483039856,
  "r_squared": 0.9802706837654114
}