{
  "pattern": "( Would| blues| belly| missing| Ve)",
  "pos_r_squared": 0.9831781387329102,
  "r_squared": 0.9839329719543457
}