{
  "pattern": "( surrounded| surrounding| parking| allergic| Of)",
  "pos_r_squared": 0.9949337840080261,
  "r_squared": 0.9532778263092041
}