{
  "pattern": "(chy|ky|ret|ettle| Fly)",
  "pos_r_squared": 0.9965094327926636,
  "r_squared": 0.9850369691848755
}