{
  "pattern": "( cautiously| boldly| childhood)",
  "pos_r_squared": 0.9947324991226196,
  "r_squared": 0.9656928777694702
}