{
  "pattern": "( frost|water| Around| undo| snow)",
  "pos_r_squared": 0.9971340894699097,
  "r_squared": 0.9954899549484253
}