{
  "pattern": "(bons| labels| hairs| bows| spe)",
  "pos_r_squared": 0.9821089506149292,
  "r_squared": 0.9559522867202759
}