{
  "pattern": "( soared| birds| soar| supported| hugged)",
  "pos_r_squared": 0.9857532382011414,
  "r_squared": 0.9835230708122253
}