{
  "pattern": "( lets| brightly| bike|we| ge)",
  "pos_r_squared": 0.9910537004470825,
  "r_squared": 0.9904226064682007
}