{
  "pattern": "( tears| Tears| matters| cu| freshly)",
  "pos_r_squared": 0.9940540194511414,
  "r_squared": 0.9931910634040833
}