{
  "pattern": "( married|Tyler| grandchildren| escaped| marrying)",
  "pos_r_squared": 0.9868765473365784,
  "r_squared": 0.9757698178291321
}