{
  "pattern": "( dried| dry| drying|tr| cooled)",
  "pos_r_squared": 0.996931791305542,
  "r_squared": 0.997582733631134
}