{
  "pattern": "( alright| lov)",
  "pos_r_squared": 0.9967979192733765,
  "r_squared": 0.9905515909194946
}