{
  "pattern": "( success|allows|berries| pedals| hero)",
  "pos_r_squared": 0.9983046054840088,
  "r_squared": 0.9983803033828735
}