{
  "pattern": "( Everything|Everything| cal|years|Tyler)",
  "pos_r_squared": 0.98980313539505,
  "r_squared": 0.9851602911949158
}