{
  "pattern": "( hers| girl| item| yours| itself)",
  "pos_r_squared": 0.9914345741271973,
  "r_squared": 0.9888691902160645
}