{
  "pattern": "( tallest| Only| Shine| matters|ona)",
  "pos_r_squared": 0.9822379350662231,
  "r_squared": 0.9753131866455078
}