{
  "pattern": "( needles| sewing| stro| salon|yl)",
  "pos_r_squared": 0.988982081413269,
  "r_squared": 0.9881558418273926
}