{
  "pattern": "( eight|ards|ony| wr|iky)",
  "pos_r_squared": 0.9926875829696655,
  "r_squared": 0.9244992136955261
}