{
  "pattern": "( single| every| Each| cor| coloured)",
  "pos_r_squared": 0.9934401512145996,
  "r_squared": 0.988080620765686
}