{
  "pattern": "( shadows| watches| pret| t| watch)",
  "pos_r_squared": 0.9952019453048706,
  "r_squared": 0.9958428740501404
}