{
  "pattern": "( zero|Tyler|a|Zero| Mos)",
  "pos_r_squared": 0.9896315336227417,
  "r_squared": 0.9892407059669495
}