{
  "pattern": "( ones| then)",
  "pos_r_squared": 0.9892286062240601,
  "r_squared": 0.988880455493927
}