{
  "pattern": "( press| presses| pressing)",
  "pos_r_squared": 0.9818599224090576,
  "r_squared": 0.9819942712783813
}