{
  "pattern": "( badge| medal| matters| item| banner)",
  "pos_r_squared": 0.9878527522087097,
  "r_squared": 0.9857128262519836
}