{
  "pattern": "( fort| is| maze| hears| pret)",
  "pos_r_squared": 0.9921907186508179,
  "r_squared": 0.9931653141975403
}