{
  "pattern": "( wear| wore| wearing| pair| clothes)",
  "pos_r_squared": 0.9811004400253296,
  "r_squared": 0.9807677865028381
}