{
  "pattern": "( herbs| folders| herb| spells| props)",
  "pos_r_squared": 0.9856370091438293,
  "r_squared": 0.9823946952819824
}