{
  "pattern": "( destroyed| destroying| stealing| destroy| stolen)",
  "pos_r_squared": 0.9969178438186646,
  "r_squared": 0.996523380279541
}