{
  "pattern": "( pat| cos|ugg|atted| Tues)",
  "pos_r_squared": 0.985495924949646,
  "r_squared": 0.9852719306945801
}