{
  "pattern": "( God| Santa| Him|God| Any)",
  "pos_r_squared": 0.9906620979309082,
  "r_squared": 0.958412766456604
}