{
  "pattern": "( sprink| lick| licking| syrup| candy)",
  "pos_r_squared": 0.9863722324371338,
  "r_squared": 0.9907253980636597
}