{
  "pattern": "( chance| opportunity| opportunities|Without| plenty)",
  "pos_r_squared": 0.9944654107093811,
  "r_squared": 0.9758229851722717
}