{
  "pattern": "(ose| Should|Lost| Which| animal)",
  "pos_r_squared": 0.9971178770065308,
  "r_squared": 0.995425820350647
}