{
  "pattern": "(fl| matt| tul| an|Little)",
  "pos_r_squared": 0.9964945912361145,
  "r_squared": 0.9972516298294067
}