{
  "pattern": "( tug|paste|Tyler| chunk|ST)",
  "pos_r_squared": 0.9897276163101196,
  "r_squared": 0.9896917939186096
}