{
  "pattern": "(For| For| hatched| err| worn)",
  "pos_r_squared": 0.9961004257202148,
  "r_squared": 0.9867727756500244
}