{
  "pattern": "( forgive| young| pair| child| matters)",
  "pos_r_squared": 0.9917603731155396,
  "r_squared": 0.9916991591453552
}