{
  "pattern": "( sprink| sprinkled| sprinkle| parties| roast)",
  "pos_r_squared": 0.9980213046073914,
  "r_squared": 0.9967085123062134
}