{
  "pattern": "( happens| Sue| react| pige| does)",
  "pos_r_squared": 0.9893395900726318,
  "r_squared": 0.9891838431358337
}