{
  "pattern": "(ipt| as)",
  "pos_r_squared": 0.9952146410942078,
  "r_squared": 0.9959902167320251
}