{
  "pattern": "( wedding| ceremony|sized)",
  "pos_r_squared": 0.9921794533729553,
  "r_squared": 0.9638779759407043
}