{
  "pattern": "( alien|boys|igators|Toy| boys)",
  "pos_r_squared": 0.9928717613220215,
  "r_squared": 0.9865431785583496
}