{
  "pattern": "( Amelia| Martha|Joy| Helen|elia)",
  "pos_r_squared": 0.9812635779380798,
  "r_squared": 0.9742409586906433
}