{
  "pattern": "(bye|night| bye| find|ock)",
  "pos_r_squared": 0.9866238832473755,
  "r_squared": 0.9831136465072632
}