{
  "pattern": "( slapped| struck| said| strike| then)",
  "pos_r_squared": 0.9857949614524841,
  "r_squared": 0.9873107075691223
}