{
  "pattern": "( everyday| daily| regularly| Everyday| handsome)",
  "pos_r_squared": 0.9952437877655029,
  "r_squared": 0.9681536555290222
}