{
  "pattern": "( tr| lim| Kitty| cr| frames)",
  "pos_r_squared": 0.9956870675086975,
  "r_squared": 0.9942840337753296
}