{
  "pattern": "(fl| k|hy| bunny| flew)",
  "pos_r_squared": 0.9961546659469604,
  "r_squared": 0.9956929087638855
}