{
  "pattern": "( pockets| wrist| necks| waist| arms)",
  "pos_r_squared": 0.9941720962524414,
  "r_squared": 0.993847131729126
}