{
  "pattern": "( loose| surprised|berry| off|iny)",
  "pos_r_squared": 0.9951956272125244,
  "r_squared": 0.9960277080535889
}