{
  "pattern": "( emergency|Dr| cause| Dr| Mr)",
  "pos_r_squared": 0.988910436630249,
  "r_squared": 0.993708610534668
}