{
  "pattern": "(See| See| mastered|Tyler| touched)",
  "pos_r_squared": 0.9947065711021423,
  "r_squared": 0.992784321308136
}