{
  "pattern": "( rivers| lakes| sets| streams| e)",
  "pos_r_squared": 0.9821739196777344,
  "r_squared": 0.8900068402290344
}