{
  "pattern": "( cut| chop| chopped| chopping| axe)",
  "pos_r_squared": 0.9931324124336243,
  "r_squared": 0.9931390881538391
}