{
  "pattern": "(eh| resisted| resisting| ze| matt)",
  "pos_r_squared": 0.9925740957260132,
  "r_squared": 0.9280726313591003
}