{
  "pattern": "( never| ever| Day| truly| agrees)",
  "pos_r_squared": 0.9979085922241211,
  "r_squared": 0.9978232979774475
}