{
  "pattern": "( chefs| spies| hunters| pirates| them)",
  "pos_r_squared": 0.996324360370636,
  "r_squared": 0.9933650493621826
}