{
  "pattern": "( Everything| furniture|Everything| matters|ide)",
  "pos_r_squared": 0.9875333309173584,
  "r_squared": 0.9880537986755371
}