{
  "pattern": "(Le| av| fore| closer| stuff)",
  "pos_r_squared": 0.9938663840293884,
  "r_squared": 0.9952881932258606
}