{
  "pattern": "( shot| died|irted| shoots| markings)",
  "pos_r_squared": 0.9962592124938965,
  "r_squared": 0.9795548915863037
}