{
  "pattern": "( Frost| Fred| Al| pige| heroes)",
  "pos_r_squared": 0.9805433750152588,
  "r_squared": 0.9814536571502686
}