{
  "pattern": "( mate| described|oat| friendship| addition)",
  "pos_r_squared": 0.9801991581916809,
  "r_squared": 0.8684756755828857
}