{
  "pattern": "(owers|oh|Tyler|ima| heaven)",
  "pos_r_squared": 0.9874171018600464,
  "r_squared": 0.9752926826477051
}