{
  "pattern": "( dipped| dips|alks| Sam)",
  "pos_r_squared": 0.9949038028717041,
  "r_squared": 0.9976267218589783
}