{
  "pattern": "( heads| called| pans| ways|rou)",
  "pos_r_squared": 0.9931914806365967,
  "r_squared": 0.9952336549758911
}