{
  "pattern": "( camping| tent| Around| Christmas| camp)",
  "pos_r_squared": 0.9976012110710144,
  "r_squared": 0.9954513311386108
}