{
  "pattern": "(h| wr|ening| shr|light)",
  "pos_r_squared": 0.9841280579566956,
  "r_squared": 0.9762438535690308
}