{
  "pattern": "(ls|red|But|uses|kins)",
  "pos_r_squared": 0.9905974864959717,
  "r_squared": 0.9926744103431702
}