{
  "pattern": "( tongue| bite| tongues| nose| short)",
  "pos_r_squared": 0.9964754581451416,
  "r_squared": 0.9968010187149048
}