{
  "pattern": "( beneath| under| underneath| off| beloved)",
  "pos_r_squared": 0.9825767874717712,
  "r_squared": 0.9923244118690491
}