{
  "pattern": "( beard|Kn| leaf|band| matters)",
  "pos_r_squared": 0.995509147644043,
  "r_squared": 0.9947653412818909
}