{
  "pattern": "( kingdom| forests|adows|Fly| land)",
  "pos_r_squared": 0.9910719394683838,
  "r_squared": 0.9912101626396179
}