{
  "pattern": "( Happy| Welcome| Nice|Welcome|Happy)",
  "pos_r_squared": 0.991101086139679,
  "r_squared": 0.9911614656448364
}