{
  "pattern": "( ha|ocular|ings|ST|Park)",
  "pos_r_squared": 0.9898257851600647,
  "r_squared": 0.9643508195877075
}