{
  "pattern": "( insist| insisted| insisting|After|ittens)",
  "pos_r_squared": 0.9838321805000305,
  "r_squared": 0.9839420318603516
}