{
  "pattern": "( Nice|Nice| good|Found| matt)",
  "pos_r_squared": 0.9981065988540649,
  "r_squared": 0.9992916584014893
}