{
  "pattern": "( that| always| That| books| happening)",
  "pos_r_squared": 0.9993734359741211,
  "r_squared": 0.9993143081665039
}