{
  "pattern": "(away| Mos| away)",
  "pos_r_squared": 0.9940534234046936,
  "r_squared": 0.9916172027587891
}