{
  "pattern": "( or|Or| Or| seek| tries)",
  "pos_r_squared": 0.9845491647720337,
  "r_squared": 0.9843237996101379
}