{
  "pattern": "( bet|aker)",
  "pos_r_squared": 0.9861316680908203,
  "r_squared": 0.9854416847229004
}