{
  "pattern": "(hi|ung| party| Birthday| stickers)",
  "pos_r_squared": 0.9932344555854797,
  "r_squared": 0.9939481019973755
}