{
  "pattern": "(Br| yard|unn|oh| warm)",
  "pos_r_squared": 0.998043954372406,
  "r_squared": 0.9976678490638733
}