{
  "pattern": "( steep| sandy| noisy| slippery|looking)",
  "pos_r_squared": 0.9964198470115662,
  "r_squared": 0.9967333674430847
}