{
  "pattern": "( victory|allows| presents| wicked| fort)",
  "pos_r_squared": 0.9966419339179993,
  "r_squared": 0.9944169521331787
}