{
  "pattern": "( dragons|place|Tyler| princes| duck)",
  "pos_r_squared": 0.9946905374526978,
  "r_squared": 0.9947636127471924
}