{
  "pattern": "( pat|opped| nud|Kn|Ted)",
  "pos_r_squared": 0.989790141582489,
  "r_squared": 0.9525433778762817
}