{
  "pattern": "( huge| giant| wide| large| enormous)",
  "pos_r_squared": 0.99302738904953,
  "r_squared": 0.9925450682640076
}