{
  "pattern": "( copy| copied|Choose| copies| lap)",
  "pos_r_squared": 0.9911452531814575,
  "r_squared": 0.9637645483016968
}