{
  "pattern": "( handful| group| pile| blues| full)",
  "pos_r_squared": 0.9868043065071106,
  "r_squared": 0.9948137402534485
}