{
  "pattern": "( replaced|og| switched| swapped| swap)",
  "pos_r_squared": 0.9850707650184631,
  "r_squared": 0.9224316477775574
}