{
  "pattern": "( Izzy| Benny| Cathy| discover| Ivy)",
  "pos_r_squared": 0.9807987809181213,
  "r_squared": 0.9768757820129395
}