{
  "pattern": "( looking| searching|looking| shopping| looks)",
  "pos_r_squared": 0.9985941052436829,
  "r_squared": 0.99854576587677
}