{
  "pattern": "( sewing| knitting|inc| nor| workshop)",
  "pos_r_squared": 0.9901322722434998,
  "r_squared": 0.7731316089630127
}