{
  "pattern": "( hitting|ro| Fro| cats|aro)",
  "pos_r_squared": 0.9937644600868225,
  "r_squared": 0.9927915334701538
}