{
  "pattern": "( jewels|ony| Bad|Tyler| cle)",
  "pos_r_squared": 0.9936164617538452,
  "r_squared": 0.9903983473777771
}