{
  "pattern": "( tastes| risks| feels| taste| smells)",
  "pos_r_squared": 0.99821537733078,
  "r_squared": 0.9985097050666809
}