{
  "pattern": "(anny|umpy| Nurse|airy|elly)",
  "pos_r_squared": 0.9946282505989075,
  "r_squared": 0.9919707179069519
}