{
  "pattern": "( cough| throat| Ach|Here|ST)",
  "pos_r_squared": 0.9801819920539856,
  "r_squared": 0.9491353034973145
}