{
  "pattern": "( shakes| shook| suggests| begs| villains)",
  "pos_r_squared": 0.9966859817504883,
  "r_squared": 0.9965076446533203
}