{
  "pattern": "( gems| bulbs| us|Fish| evenly)",
  "pos_r_squared": 0.9952214360237122,
  "r_squared": 0.9969792366027832
}