{
  "pattern": "( direction| where| ig|ges| eleven)",
  "pos_r_squared": 0.9959084391593933,
  "r_squared": 0.9966104030609131
}