{
  "pattern": "( slice| piece| slices| beloved| tablet)",
  "pos_r_squared": 0.9879183173179626,
  "r_squared": 0.9881408214569092
}