{
  "pattern": "(hello| hello| Sorry| Amen| heaven)",
  "pos_r_squared": 0.9940921664237976,
  "r_squared": 0.9940829873085022
}