{
  "pattern": "( still| smooth| stayed| thick| reaches)",
  "pos_r_squared": 0.996721088886261,
  "r_squared": 0.997134268283844
}