{
  "pattern": "(umb|umbs|ettle|alks|ickets)",
  "pos_r_squared": 0.9805368781089783,
  "r_squared": 0.937377393245697
}