{
  "pattern": "(ive|aver|bee| go| wax)",
  "pos_r_squared": 0.9971129298210144,
  "r_squared": 0.9962819814682007
}