{
  "pattern": "( inch| inches| crawled| step| raven)",
  "pos_r_squared": 0.9962331056594849,
  "r_squared": 0.9966869950294495
}