{
  "pattern": "( shirts| pairs| only| another| would)",
  "pos_r_squared": 0.9924750328063965,
  "r_squared": 0.9956855177879333
}