{
  "pattern": "( secrets| mysteries| visitors| promises| grandchildren)",
  "pos_r_squared": 0.9964614510536194,
  "r_squared": 0.9492011070251465
}