{
  "pattern": "( touching| touch| enjoying|Tyler| bubbles)",
  "pos_r_squared": 0.9841098189353943,
  "r_squared": 0.9905900359153748
}