{
  "pattern": "( dipped| dip| plugged| dips| ramps)",
  "pos_r_squared": 0.9969894886016846,
  "r_squared": 0.9960652589797974
}