{
  "pattern": "( having| slide| car| has| have)",
  "pos_r_squared": 0.999365508556366,
  "r_squared": 0.9992226362228394
}