{
  "pattern": "( grace| compassion|ib| useful| skill)",
  "pos_r_squared": 0.9945710301399231,
  "r_squared": 0.9913414716720581
}