{
  "pattern": "( swoop| gul|Years| toss| cu)",
  "pos_r_squared": 0.9944937825202942,
  "r_squared": 0.9747803211212158
}