{
  "pattern": "(ise|heart| dear| promise|up)",
  "pos_r_squared": 0.9958223700523376,
  "r_squared": 0.9960880279541016
}