{
  "pattern": "( kissed| gul| blues| normal| forgive)",
  "pos_r_squared": 0.9861007928848267,
  "r_squared": 0.9859777092933655
}