{
  "pattern": "( countryside|rolled|hes| stro|ted)",
  "pos_r_squared": 0.9889777302742004,
  "r_squared": 0.9801464080810547
}