{
  "pattern": "(unn| cam| rac| her|Deal)",
  "pos_r_squared": 0.9870390295982361,
  "r_squared": 0.9925192594528198
}