{
  "pattern": "( poster| tests| ad| flyer|Prin)",
  "pos_r_squared": 0.9941463470458984,
  "r_squared": 0.949276864528656
}