{
  "pattern": "( burned| burns| burn| hurt|Prin)",
  "pos_r_squared": 0.9975889921188354,
  "r_squared": 0.997209906578064
}