{
  "pattern": "( tangled| bodies|hy|ible| messing)",
  "pos_r_squared": 0.9851396679878235,
  "r_squared": 0.8911205530166626
}