{
  "pattern": "( Dod|hy| Squ| Oct| flaming)",
  "pos_r_squared": 0.9872837662696838,
  "r_squared": 0.8203035593032837
}