{
  "pattern": "( dri| Tues| tro| cher|Send)",
  "pos_r_squared": 0.9960262179374695,
  "r_squared": 0.9954279065132141
}