{
  "pattern": "(owers| ramps| flowers)",
  "pos_r_squared": 0.996211051940918,
  "r_squared": 0.9961399435997009
}