{
  "pattern": "( roll| rolls| rolled| hills|Prin)",
  "pos_r_squared": 0.9918206334114075,
  "r_squared": 0.9948647618293762
}