{
  "pattern": "( urge| found| new| rock| get)",
  "pos_r_squared": 0.9878280162811279,
  "r_squared": 0.9843425154685974
}