{
  "pattern": "( missing| loose| por|Tyler| pesky)",
  "pos_r_squared": 0.994577169418335,
  "r_squared": 0.9946620464324951
}