{
  "pattern": "(h|Mir| Miranda| Mo| Toy)",
  "pos_r_squared": 0.9897115230560303,
  "r_squared": 0.9881791472434998
}