{
  "pattern": "( Earth| ruled| cor| Universe| Clock)",
  "pos_r_squared": 0.9871435761451721,
  "r_squared": 0.8651893734931946
}