{
  "pattern": "(fl| com|annie|Tyler)",
  "pos_r_squared": 0.9963296055793762,
  "r_squared": 0.9682257771492004
}