{
  "pattern": "( dip| dipped| tossing| dips| mix)",
  "pos_r_squared": 0.9986445307731628,
  "r_squared": 0.9986001253128052
}