{
  "pattern": "( glasses| lights| heels|upid| Touch)",
  "pos_r_squared": 0.9900942444801331,
  "r_squared": 0.9907134175300598
}