{
  "pattern": "( pedals|ks| levers|Tyler| pedal)",
  "pos_r_squared": 0.9974321126937866,
  "r_squared": 0.9972330331802368
}