{
  "pattern": "(la|rina|ita|sets| parting)",
  "pos_r_squared": 0.9937853217124939,
  "r_squared": 0.9673575162887573
}