{
  "pattern": "( law|Tyler|boys|Jason| pand)",
  "pos_r_squared": 0.9880020022392273,
  "r_squared": 0.9637753367424011
}