{
  "pattern": "( missing|ony| heaven|lost| por)",
  "pos_r_squared": 0.9804030060768127,
  "r_squared": 0.974571704864502
}