{
  "pattern": "( contest|Okay| party| Contest| race)",
  "pos_r_squared": 0.9891525506973267,
  "r_squared": 0.9884556531906128
}