{
  "pattern": "(iring| admire|ires| Enjoy| sly)",
  "pos_r_squared": 0.996952474117279,
  "r_squared": 0.9893035888671875
}