{
  "pattern": "(Or| Or|wards| my| nor)",
  "pos_r_squared": 0.9958072900772095,
  "r_squared": 0.9956014156341553
}