{
  "pattern": "( swim|am| swimming| hops| breathe)",
  "pos_r_squared": 0.9974753260612488,
  "r_squared": 0.9974896311759949
}