{
  "pattern": "( worker| workers| builders| boss|3)",
  "pos_r_squared": 0.998347282409668,
  "r_squared": 0.9987059235572815
}