{
  "pattern": "( badge| cape|iren|hell| twice)",
  "pos_r_squared": 0.9868496656417847,
  "r_squared": 0.9757461547851562
}