{
  "pattern": "(Ro| of| named| tree| Wh)",
  "pos_r_squared": 0.9831256866455078,
  "r_squared": 0.9790509343147278
}