{
  "pattern": "( breaking| tearing| ruining| smashing| slam)",
  "pos_r_squared": 0.9977071285247803,
  "r_squared": 0.9812178611755371
}