{
  "pattern": "( poems| poem| creations|lets|ons)",
  "pos_r_squared": 0.993901252746582,
  "r_squared": 0.9949533343315125
}