{
  "pattern": "(ry|ying|eyed| obey|se)",
  "pos_r_squared": 0.997309684753418,
  "r_squared": 0.9933255910873413
}