{
  "pattern": "( wonders| screams| whispers| wonder|incre)",
  "pos_r_squared": 0.996453583240509,
  "r_squared": 0.9956697225570679
}