{
  "pattern": "( scattered|atter|aney| between| scattering)",
  "pos_r_squared": 0.9920627474784851,
  "r_squared": 0.9918918013572693
}