{
  "pattern": "( rabbit| rabbits| Rabbit| hopped| puppy)",
  "pos_r_squared": 0.9960260391235352,
  "r_squared": 0.9945248961448669
}