{
  "pattern": "( filling| dip| fill|Send|innie)",
  "pos_r_squared": 0.9924675822257996,
  "r_squared": 0.98957759141922
}