{
  "pattern": "( sew| knit| knitting| lantern| inc)",
  "pos_r_squared": 0.9876621961593628,
  "r_squared": 0.9712574481964111
}