{
  "pattern": "( mate|Tyler| pirates| grandchildren| pirate)",
  "pos_r_squared": 0.9987473487854004,
  "r_squared": 0.998979389667511
}