{
  "pattern": "( actually| base| peak| incredibly| builders)",
  "pos_r_squared": 0.9832055568695068,
  "r_squared": 0.9579354524612427
}