{
  "pattern": "( behaving| behave| hurried| behaved| Mos)",
  "pos_r_squared": 0.9958489537239075,
  "r_squared": 0.9960130453109741
}