{
  "pattern": "( shoulders|Lu|hers| Jas| grandchildren)",
  "pos_r_squared": 0.9975596070289612,
  "r_squared": 0.9978281259536743
}