{
  "pattern": "( tr|ocular| get| M| opportunities)",
  "pos_r_squared": 0.9876113533973694,
  "r_squared": 0.9934309124946594
}