{
  "pattern": "( unt| gave)",
  "pos_r_squared": 0.9908210039138794,
  "r_squared": 0.991218090057373
}