{
  "pattern": "( heat|Tyler| fan| threat| find)",
  "pos_r_squared": 0.9949271082878113,
  "r_squared": 0.9944427609443665
}