{
  "pattern": "( sits|ocular|ST| sit| ko)",
  "pos_r_squared": 0.9830437898635864,
  "r_squared": 0.9902622103691101
}