{
  "pattern": "( pret| messing|oop| newly| sy)",
  "pos_r_squared": 0.9807724356651306,
  "r_squared": 0.8783296942710876
}