{
  "pattern": "( wob|obb|case| stepping| cal)",
  "pos_r_squared": 0.9905043244361877,
  "r_squared": 0.9907190203666687
}