{
  "pattern": "( throat|Ted| hot| fever| cough)",
  "pos_r_squared": 0.980380654335022,
  "r_squared": 0.9795241355895996
}