{
  "pattern": "(utter|appy| swayed| Tweet|ag)",
  "pos_r_squared": 0.9925522208213806,
  "r_squared": 0.9895235300064087
}