{
  "pattern": "(True|Rex|Wednesday|Tyler|ike)",
  "pos_r_squared": 0.992874801158905,
  "r_squared": 0.9643345475196838
}