{
  "pattern": "(and|so|Tyler| exact| freeing)",
  "pos_r_squared": 0.994202733039856,
  "r_squared": 0.939842939376831
}