{
  "pattern": "( boo|itter)",
  "pos_r_squared": 0.9985712170600891,
  "r_squared": 0.9931598901748657
}