{
  "pattern": "( candles| try| Ve| spies|ST)",
  "pos_r_squared": 0.9917916059494019,
  "r_squared": 0.9890565276145935
}