{
  "pattern": "( Squirrel| squirrel|irrel| Owl|atch)",
  "pos_r_squared": 0.9879778623580933,
  "r_squared": 0.9879890084266663
}