{
  "pattern": "( safely| finally| wet|boys|paste)",
  "pos_r_squared": 0.9916890859603882,
  "r_squared": 0.9923959970474243
}