{
  "pattern": "( relax| shady| relaxing| fond| resting)",
  "pos_r_squared": 0.9896424412727356,
  "r_squared": 0.9876240491867065
}