{
  "pattern": "( Get|Get|Move| inc| Bring)",
  "pos_r_squared": 0.9962310194969177,
  "r_squared": 0.9117411971092224
}