{
  "pattern": "( wink| shrug| be| losing| cu)",
  "pos_r_squared": 0.9960727095603943,
  "r_squared": 0.9954606294631958
}