{
  "pattern": "( sunlight|light|drops| handed| interested)",
  "pos_r_squared": 0.9970731139183044,
  "r_squared": 0.9968562722206116
}