{
  "pattern": "(os|es| Jos| pige| Suz)",
  "pos_r_squared": 0.9832290410995483,
  "r_squared": 0.9827948808670044
}