{
  "pattern": "( Help|Run|inc| Flower|ST)",
  "pos_r_squared": 0.9883671402931213,
  "r_squared": 0.9876896739006042
}