{
  "pattern": "( lighter| lever| lo| fore|Deal)",
  "pos_r_squared": 0.9856926202774048,
  "r_squared": 0.8471689224243164
}