{
  "pattern": "( supplies| plenty| mastered| session| for)",
  "pos_r_squared": 0.9892492294311523,
  "r_squared": 0.9954245686531067
}