{
  "pattern": "( camp|ite|ST| cabin| \\()",
  "pos_r_squared": 0.9843226671218872,
  "r_squared": 0.9709564447402954
}