{
  "pattern": "( tucked|Sleep| bed|ucking| wr)",
  "pos_r_squared": 0.9948404431343079,
  "r_squared": 0.9951243996620178
}