{
  "pattern": "( sque| cre| cro| hon|que)",
  "pos_r_squared": 0.990769624710083,
  "r_squared": 0.9906948804855347
}