{
  "pattern": "(oph|Jul| Sof| Ve|Jack)",
  "pos_r_squared": 0.9974297285079956,
  "r_squared": 0.9969285726547241
}