{
  "pattern": "( socks| ig| choice| ever|ST)",
  "pos_r_squared": 0.9859678745269775,
  "r_squared": 0.9768197536468506
}