{
  "pattern": "( beard|ocular|paste| pret| mil)",
  "pos_r_squared": 0.9939377903938293,
  "r_squared": 0.9811800718307495
}