{
  "pattern": "( g|Tyler| Tim|omo| infant)",
  "pos_r_squared": 0.9922177791595459,
  "r_squared": 0.9928579330444336
}