{
  "pattern": "( sneak|uck| sneaking| big|Maybe)",
  "pos_r_squared": 0.9932897090911865,
  "r_squared": 0.9889689087867737
}