{
  "pattern": "( leaves| leaf|al|drops|akes)",
  "pos_r_squared": 0.9972934722900391,
  "r_squared": 0.9973452687263489
}