{
  "pattern": "( inviting| tempting| Around| welcoming| invited)",
  "pos_r_squared": 0.9983111619949341,
  "r_squared": 0.9982395768165588
}