{
  "pattern": "( boo|ress| whim|ka|ri)",
  "pos_r_squared": 0.9924881458282471,
  "r_squared": 0.9485257267951965
}