{
  "pattern": "(ider| ramps|ics| invites| parties)",
  "pos_r_squared": 0.9985179901123047,
  "r_squared": 0.9962014555931091
}