{
  "pattern": "( ice| glitter| frozen|Jon| Car)",
  "pos_r_squared": 0.9961076378822327,
  "r_squared": 0.9962145090103149
}