{
  "pattern": "(Bet| miles| dragons| sil| explorers)",
  "pos_r_squared": 0.9914061427116394,
  "r_squared": 0.9920411109924316
}