{
  "pattern": "( rooms|hy| peeled|hes|bs)",
  "pos_r_squared": 0.9829798340797424,
  "r_squared": 0.9817606210708618
}