{
  "pattern": "( jewels|ves| cle| \\()",
  "pos_r_squared": 0.9966825246810913,
  "r_squared": 0.9912595152854919
}