{
  "pattern": "( shaped|hy|shaped| folded| birth)",
  "pos_r_squared": 0.9887612462043762,
  "r_squared": 0.9798721671104431
}