{
  "pattern": "( plain| worn| birth|Ab|ST)",
  "pos_r_squared": 0.9868443012237549,
  "r_squared": 0.9779754877090454
}