{
  "pattern": "('ve| mil)",
  "pos_r_squared": 0.9969003796577454,
  "r_squared": 0.9966200590133667
}