{
  "pattern": "( ow| are|I| balls| playing)",
  "pos_r_squared": 0.9891920685768127,
  "r_squared": 0.9903683066368103
}