{
  "pattern": "(urry| Kit| key| bunny| Lucy)",
  "pos_r_squared": 0.9844211935997009,
  "r_squared": 0.9932069182395935
}