{
  "pattern": "( chance| surface| beam| freshly| mast)",
  "pos_r_squared": 0.9846365451812744,
  "r_squared": 0.9837747812271118
}