{
  "pattern": "( cheek| Ve| wond|os| laugh)",
  "pos_r_squared": 0.9942156672477722,
  "r_squared": 0.9962555170059204
}