{
  "pattern": "( Ruby|Ruby|anna|Sun|ents)",
  "pos_r_squared": 0.9870668649673462,
  "r_squared": 0.985869288444519
}