{
  "pattern": "(Under|At|While|Behind| shady)",
  "pos_r_squared": 0.9914340972900391,
  "r_squared": 0.993656575679779
}