{
  "pattern": "(anny|umpy|Ted| Manny|elly)",
  "pos_r_squared": 0.9951175451278687,
  "r_squared": 0.9943795204162598
}