{
  "pattern": "(Hello|hello|\\?\"|bye|Exc)",
  "pos_r_squared": 0.9985886216163635,
  "r_squared": 0.9985869526863098
}