{
  "pattern": "( pockets| Around)",
  "pos_r_squared": 0.9937258362770081,
  "r_squared": 0.9819141626358032
}