{
  "pattern": "( those| freshly|ST)",
  "pos_r_squared": 0.9848009943962097,
  "r_squared": 0.9839134812355042
}