{
  "pattern": "( figured|its| spat| certain| spit)",
  "pos_r_squared": 0.9924835562705994,
  "r_squared": 0.9885228276252747
}