{
  "pattern": "( bad| hates| you| better| good)",
  "pos_r_squared": 0.9990547299385071,
  "r_squared": 0.9991239905357361
}