{
  "pattern": "( interested| interest| plugged|Tyler|ody)",
  "pos_r_squared": 0.9915751814842224,
  "r_squared": 0.9402205944061279
}