{
  "pattern": "( rusty|Maybe|\\?\"|bars| filthy)",
  "pos_r_squared": 0.9810099005699158,
  "r_squared": 0.9789140820503235
}