{
  "pattern": "( Lena| Daniel|ena)",
  "pos_r_squared": 0.98260498046875,
  "r_squared": 0.9823808073997498
}