{
  "pattern": "(izz|ing|add|ax| plugged)",
  "pos_r_squared": 0.9858471155166626,
  "r_squared": 0.9723037481307983
}