{
  "pattern": "( wo|wo| ch| j|ony)",
  "pos_r_squared": 0.9970744252204895,
  "r_squared": 0.999079167842865
}