{
  "pattern": "( works| experiments| helps| work| working)",
  "pos_r_squared": 0.9934052228927612,
  "r_squared": 0.9957329630851746
}