{
  "pattern": "(aver| meets| freshly| Nos|cca)",
  "pos_r_squared": 0.9924894571304321,
  "r_squared": 0.9514521956443787
}