{
  "pattern": "( bunny|ies| merry)",
  "pos_r_squared": 0.9986299872398376,
  "r_squared": 0.9964533448219299
}