{
  "pattern": "(For| for|Tyler| Around| Cookies)",
  "pos_r_squared": 0.9811181426048279,
  "r_squared": 0.9851068258285522
}