{
  "pattern": "( rac| hamm| snail| com| cob)",
  "pos_r_squared": 0.9855725169181824,
  "r_squared": 0.987814724445343
}