{
  "pattern": "( younger| Team)",
  "pos_r_squared": 0.993212878704071,
  "r_squared": 0.9929230213165283
}