{
  "pattern": "(unny|Tweet|ettle|Friends|Ring)",
  "pos_r_squared": 0.9940140843391418,
  "r_squared": 0.9914137125015259
}