{
  "pattern": "(ived|cut| hamm| shrunk|es)",
  "pos_r_squared": 0.9893878102302551,
  "r_squared": 0.9905503392219543
}