{
  "pattern": "( dolphins| seals| monkeys| sharks| By)",
  "pos_r_squared": 0.9863426685333252,
  "r_squared": 0.9864369630813599
}