{
  "pattern": "( pl| Thanksgiving|After| help| tray)",
  "pos_r_squared": 0.9942461848258972,
  "r_squared": 0.9966131448745728
}