{
  "pattern": "( little| was| a| friend| small)",
  "pos_r_squared": 0.9901215434074402,
  "r_squared": 0.5324733257293701
}