{
  "pattern": "( OK| ok| okay|ocular|Tyler)",
  "pos_r_squared": 0.9820257425308228,
  "r_squared": 0.9818528294563293
}