{
  "pattern": "( Y| Yoga| Pr| Mos|oor)",
  "pos_r_squared": 0.9898992776870728,
  "r_squared": 0.9635220170021057
}