{
  "pattern": "( sights| tour| twists| tours| flips)",
  "pos_r_squared": 0.9953868389129639,
  "r_squared": 0.9884952902793884
}