{
  "pattern": "( smarter|rier| cleaner| quicker| listener)",
  "pos_r_squared": 0.9880518913269043,
  "r_squared": 0.8766692876815796
}