{
  "pattern": "(Un|Carl| grandparents| belts| spaces)",
  "pos_r_squared": 0.9849395155906677,
  "r_squared": 0.9640820026397705
}