{
  "pattern": "( signed| scored| scrambled| marked| promised)",
  "pos_r_squared": 0.9852809906005859,
  "r_squared": 0.984466016292572
}