{
  "pattern": "( Maria| Marie| Joel| Jackie| Amelia)",
  "pos_r_squared": 0.995050847530365,
  "r_squared": 0.993071973323822
}