{
  "pattern": "( brand| bug| realized| piece| sons)",
  "pos_r_squared": 0.987616777420044,
  "r_squared": 0.9122022390365601
}