{
  "pattern": "(Ha| race|ho| soccer| z)",
  "pos_r_squared": 0.9849746823310852,
  "r_squared": 0.9821855425834656
}