{
  "pattern": "( Gig| Gab| matters| Fif| suitable)",
  "pos_r_squared": 0.9876749515533447,
  "r_squared": 0.9619123339653015
}