{
  "pattern": "( mis| tre| wasn| pic| rib)",
  "pos_r_squared": 0.9933382272720337,
  "r_squared": 0.9949964284896851
}