{
  "pattern": "(bed| apr|robe| an| gloves)",
  "pos_r_squared": 0.9889036417007446,
  "r_squared": 0.9878347516059875
}