{
  "pattern": "(unny|B| Bunny|Bee|abbit)",
  "pos_r_squared": 0.9890252947807312,
  "r_squared": 0.9917123913764954
}