{
  "pattern": "( shouldn| handsome| hunters|ocular|oop)",
  "pos_r_squared": 0.9955577254295349,
  "r_squared": 0.9939533472061157
}