{
  "pattern": "( caused| cause| causing| worn|Found)",
  "pos_r_squared": 0.9858502149581909,
  "r_squared": 0.9317210912704468
}