{
  "pattern": "( ago| liked| matters| ig|ST)",
  "pos_r_squared": 0.9895070195198059,
  "r_squared": 0.991389811038971
}