{
  "pattern": "( joked| joking|lla| jokes| imagining)",
  "pos_r_squared": 0.9976173043251038,
  "r_squared": 0.9977790117263794
}