{
  "pattern": "(v| v|wood| plugged| sang)",
  "pos_r_squared": 0.9969082474708557,
  "r_squared": 0.9966329336166382
}