{
  "pattern": "( salty| whales|keys| Yog| Rib)",
  "pos_r_squared": 0.9938100576400757,
  "r_squared": 0.8981952667236328
}