{
  "pattern": "(Sur| ste| boulder| Sur| see)",
  "pos_r_squared": 0.9821926355361938,
  "r_squared": 0.9837174415588379
}