{
  "pattern": "( sticking| loose| ramps| layers| times)",
  "pos_r_squared": 0.9930389523506165,
  "r_squared": 0.9920637607574463
}