{
  "pattern": "( fin| por| Mos|OO| Shark)",
  "pos_r_squared": 0.9807597994804382,
  "r_squared": 0.771933913230896
}