{
  "pattern": "(Blue|Ant|Tyler| Park| Ve)",
  "pos_r_squared": 0.9937905669212341,
  "r_squared": 0.9919576644897461
}