{
  "pattern": "( Later|Later| bird|oons| watch)",
  "pos_r_squared": 0.9834066033363342,
  "r_squared": 0.9674569368362427
}