{
  "pattern": "(Mom| Mom| mom|Together| under)",
  "pos_r_squared": 0.9971191883087158,
  "r_squared": 0.9977168440818787
}