{
  "pattern": "( softly| safely|ST| lightly| childhood)",
  "pos_r_squared": 0.9890871644020081,
  "r_squared": 0.9876891374588013
}