{
  "pattern": "('ve| Amen|berry| aimed|Prin)",
  "pos_r_squared": 0.9882816672325134,
  "r_squared": 0.9802732467651367
}