{
  "pattern": "(ves|ony)",
  "pos_r_squared": 0.9955198168754578,
  "r_squared": 0.991714596748352
}