{
  "pattern": "( boy| boys| youth| brothers| grandson)",
  "pos_r_squared": 0.9989444017410278,
  "r_squared": 0.9722542762756348
}