{
  "pattern": "(uffy|enny| Sunny| Velvet|oppy)",
  "pos_r_squared": 0.9988535046577454,
  "r_squared": 0.9964447617530823
}