{
  "pattern": "( rib|ier| builders| ang|ony)",
  "pos_r_squared": 0.9923609495162964,
  "r_squared": 0.9925979375839233
}