{
  "pattern": "( laughter| balls|Tyler| see|adoes)",
  "pos_r_squared": 0.9920969009399414,
  "r_squared": 0.9874053597450256
}