{
  "pattern": "( blonde| blond| yellow| cle| gir)",
  "pos_r_squared": 0.9854536056518555,
  "r_squared": 0.9850906729698181
}