{
  "pattern": "( nails|ST| carefully|bs)",
  "pos_r_squared": 0.9931549429893494,
  "r_squared": 0.9923655390739441
}