{
  "pattern": "(ived| left|arted| brave|uck)",
  "pos_r_squared": 0.995295524597168,
  "r_squared": 0.9946898221969604
}