{
  "pattern": "( Crab|Near| Robot|oons| passer)",
  "pos_r_squared": 0.9961010217666626,
  "r_squared": 0.9673548340797424
}