{
  "pattern": "( hotter| hot| fan| colder| chunk)",
  "pos_r_squared": 0.988231897354126,
  "r_squared": 0.990993320941925
}