{
  "pattern": "( impressed| saw| fascinated| impressive| bug)",
  "pos_r_squared": 0.9989857077598572,
  "r_squared": 0.997831404209137
}