{
  "pattern": "( gen|rell| pand| pap| tul)",
  "pos_r_squared": 0.9835910797119141,
  "r_squared": 0.9735903143882751
}