{
  "pattern": "( Have|Have| indeed| goose| crab)",
  "pos_r_squared": 0.9874895215034485,
  "r_squared": 0.9874477982521057
}