{
  "pattern": "(Ch| cob| caul|Kevin| couldn)",
  "pos_r_squared": 0.9850677251815796,
  "r_squared": 0.9878150224685669
}