{
  "pattern": "( lick| Whe| licking| shared| compared)",
  "pos_r_squared": 0.989959716796875,
  "r_squared": 0.9888392090797424
}