{
  "pattern": "( folding| knit|ming|ony| knitting)",
  "pos_r_squared": 0.9929370880126953,
  "r_squared": 0.9833067059516907
}