{
  "pattern": "( youngest| child| king| triangle| newest)",
  "pos_r_squared": 0.9895144701004028,
  "r_squared": 0.9920715689659119
}