{
  "pattern": "( bits|Isn| messed| motions| ends)",
  "pos_r_squared": 0.993946373462677,
  "r_squared": 0.8986799716949463
}