{
  "pattern": "( Birds| Ve| mac|irds| shouts)",
  "pos_r_squared": 0.9818684458732605,
  "r_squared": 0.9132615327835083
}