{
  "pattern": "( entrance| door|ST| key| joined)",
  "pos_r_squared": 0.9955976009368896,
  "r_squared": 0.993901789188385
}