{
  "pattern": "( batter| kernels)",
  "pos_r_squared": 0.994746744632721,
  "r_squared": 0.9869951009750366
}