{
  "pattern": "(ge|ider|open| opener| Amen)",
  "pos_r_squared": 0.9853960275650024,
  "r_squared": 0.969237744808197
}