{
  "pattern": "(icks|icked|Prin| Cookies|ider)",
  "pos_r_squared": 0.9925853610038757,
  "r_squared": 0.9922804236412048
}