{
  "pattern": "( ours|ST|Run| stool| heaven)",
  "pos_r_squared": 0.9974778890609741,
  "r_squared": 0.9971306324005127
}