{
  "pattern": "(brush|Exc| birds| brush|paste)",
  "pos_r_squared": 0.9817786812782288,
  "r_squared": 0.990139901638031
}