{
  "pattern": "( properly| artist| easily|paste|Tyler)",
  "pos_r_squared": 0.9949219226837158,
  "r_squared": 0.9857513904571533
}