{
  "pattern": "( grass| bamboo| youths)",
  "pos_r_squared": 0.9992606043815613,
  "r_squared": 0.9986562132835388
}