{
  "pattern": "( matched| \\()",
  "pos_r_squared": 0.9876034259796143,
  "r_squared": 0.9824952483177185
}