{
  "pattern": "( voice| spoke| whisper| knocked| Rabbit)",
  "pos_r_squared": 0.9938512444496155,
  "r_squared": 0.9937915802001953
}