{
  "pattern": "( palm| olive| fingers| hi| palms)",
  "pos_r_squared": 0.9868980050086975,
  "r_squared": 0.984349250793457
}