{
  "pattern": "( bar|ist|ody|iling| Twist)",
  "pos_r_squared": 0.9825925230979919,
  "r_squared": 0.9815762639045715
}