{
  "pattern": "( angry| mad| mouth| punish| sw)",
  "pos_r_squared": 0.9953836798667908,
  "r_squared": 0.9953759908676147
}