{
  "pattern": "( Dot| Dare| Fif| Kim| Dee)",
  "pos_r_squared": 0.9849154353141785,
  "r_squared": 0.9874061942100525
}