{
  "pattern": "( spr| shr|nam|ever|rim)",
  "pos_r_squared": 0.9940395355224609,
  "r_squared": 0.9750857949256897
}