{
  "pattern": "( seasons| season| textures| feels| hi)",
  "pos_r_squared": 0.992833137512207,
  "r_squared": 0.9924376010894775
}