{
  "pattern": "( small| little| was| smaller| all)",
  "pos_r_squared": 0.9827104806900024,
  "r_squared": 0.7553084492683411
}