{
  "pattern": "(Pat|Joy|Ant| cou| por)",
  "pos_r_squared": 0.9921799302101135,
  "r_squared": 0.9677329659461975
}