{
  "pattern": "(night| named| where| camping| night)",
  "pos_r_squared": 0.9808976650238037,
  "r_squared": 0.9837177991867065
}