{
  "pattern": "(Get| stain| ride| Get| belly)",
  "pos_r_squared": 0.9840176701545715,
  "r_squared": 0.9863710403442383
}