{
  "pattern": "(ounce|saw|ers|ounced|Tyler)",
  "pos_r_squared": 0.9881131649017334,
  "r_squared": 0.9915181994438171
}