{
  "pattern": "( jobs| tasks| chores| useful| meals)",
  "pos_r_squared": 0.9886541366577148,
  "r_squared": 0.9884753227233887
}