{
  "pattern": "(ider| Amen| Spring|Bo| Shine)",
  "pos_r_squared": 0.9971648454666138,
  "r_squared": 0.9562312364578247
}