{
  "pattern": "( setting| sets| lamps| blues| lined)",
  "pos_r_squared": 0.9906646609306335,
  "r_squared": 0.9902828931808472
}