{
  "pattern": "( X| freshly| light| newly| roller)",
  "pos_r_squared": 0.9927355647087097,
  "r_squared": 0.9914417862892151
}