{
  "pattern": "( exactly| just| exact| guy| mar)",
  "pos_r_squared": 0.9977582693099976,
  "r_squared": 0.9952226281166077
}