{
  "pattern": "( exactly| plugged| cents| grandchildren|Then)",
  "pos_r_squared": 0.9865541458129883,
  "r_squared": 0.9924314618110657
}