{
  "pattern": "(Ah| SPL)",
  "pos_r_squared": 0.9832344651222229,
  "r_squared": 0.9648537635803223
}