{
  "pattern": "(May|Pat|Jack| pr| Shall)",
  "pos_r_squared": 0.9957290291786194,
  "r_squared": 0.9950429201126099
}