{
  "pattern": "(fly|flies|bug|Lost| Flower)",
  "pos_r_squared": 0.990027666091919,
  "r_squared": 0.9743947386741638
}