{
  "pattern": "( far| distant| further| much| farther)",
  "pos_r_squared": 0.9979347586631775,
  "r_squared": 0.9978193044662476
}