{
  "pattern": "( once| Chris| freshly|O| And)",
  "pos_r_squared": 0.9819258451461792,
  "r_squared": 0.2643526792526245
}