{
  "pattern": "( Keep|Keep| St| ''| un)",
  "pos_r_squared": 0.9888827800750732,
  "r_squared": 0.9886470437049866
}