{
  "pattern": "( climbed| upside| styles| wrink|ever)",
  "pos_r_squared": 0.9873303771018982,
  "r_squared": 0.9898452162742615
}