{
  "pattern": "( removed|Tyler| Of| freeing)",
  "pos_r_squared": 0.9867123365402222,
  "r_squared": 0.9582381844520569
}