{
  "pattern": "( sweets|issa|ody)",
  "pos_r_squared": 0.9832935333251953,
  "r_squared": 0.9165717959403992
}