{
  "pattern": "(Happy| Happy| enjoy| Park|Tyler)",
  "pos_r_squared": 0.993591845035553,
  "r_squared": 0.9858935475349426
}