{
  "pattern": "( desert| caused| camel|mill| she)",
  "pos_r_squared": 0.9878513216972351,
  "r_squared": 0.9739365577697754
}