{
  "pattern": "( interested| for| once)",
  "pos_r_squared": 0.9936982989311218,
  "r_squared": 0.9934160709381104
}