{
  "pattern": "( sir|away| hero|oh|guard)",
  "pos_r_squared": 0.992774248123169,
  "r_squared": 0.991309404373169
}