{
  "pattern": "( soon| Soon|Soon| high| way)",
  "pos_r_squared": 0.9978761076927185,
  "r_squared": 0.9978169798851013
}