{
  "pattern": "( crou| per| pret| scree|eled)",
  "pos_r_squared": 0.983084499835968,
  "r_squared": 0.9803798198699951
}