{
  "pattern": "( among| amongst| mastered| addition| perched)",
  "pos_r_squared": 0.9945225119590759,
  "r_squared": 0.9256070852279663
}