{
  "pattern": "( cost| costs| nor| weighs|Warning)",
  "pos_r_squared": 0.9898228049278259,
  "r_squared": 0.9229834675788879
}