{
  "pattern": "( ha|mare|Give| Clim| Cookies)",
  "pos_r_squared": 0.9914119243621826,
  "r_squared": 0.9912652373313904
}