{
  "pattern": "(render| Him|Tag| surrender| return)",
  "pos_r_squared": 0.9952024221420288,
  "r_squared": 0.9962531328201294
}