{
  "pattern": "( goals| enemies| builders| medals| a)",
  "pos_r_squared": 0.9958757162094116,
  "r_squared": 0.9884511232376099
}