{
  "pattern": "( pearl| coin| jewel| gem| thorn)",
  "pos_r_squared": 0.9903808236122131,
  "r_squared": 0.990738034248352
}