{
  "pattern": "( seven|3| nine| army| 7)",
  "pos_r_squared": 0.9919559955596924,
  "r_squared": 0.9739501476287842
}