{
  "pattern": "(Qu|Bad|Stop|Kn|Sp)",
  "pos_r_squared": 0.999144971370697,
  "r_squared": 0.997356653213501
}