{
  "pattern": "( av| un| kicked| pret|Prin)",
  "pos_r_squared": 0.987665057182312,
  "r_squared": 0.9874895215034485
}