{
  "pattern": "( sticking|uffed| nood| react| parking)",
  "pos_r_squared": 0.9956855177879333,
  "r_squared": 0.9405713081359863
}