{
  "pattern": "( pearl| cheek| gem| ig|St)",
  "pos_r_squared": 0.9887282252311707,
  "r_squared": 0.990375280380249
}