{
  "pattern": "(ves|fs|inc|band| folders)",
  "pos_r_squared": 0.989778995513916,
  "r_squared": 0.8894176483154297
}