{
  "pattern": "( plenty| addition| opportunities| choice)",
  "pos_r_squared": 0.9837095737457275,
  "r_squared": 0.9370296001434326
}