{
  "pattern": "( shin| dirt| prett| gl| ramps)",
  "pos_r_squared": 0.9930267930030823,
  "r_squared": 0.9921897053718567
}