{
  "pattern": "( penn| motors| in| mar| cand)",
  "pos_r_squared": 0.9834443926811218,
  "r_squared": 0.9962461590766907
}