{
  "pattern": "( causing| blues| ramps| casting)",
  "pos_r_squared": 0.9854491353034973,
  "r_squared": 0.892097532749176
}