{
  "pattern": "( wo| ste| about| run| Wed)",
  "pos_r_squared": 0.9956725239753723,
  "r_squared": 0.9976705312728882
}