{
  "pattern": "( fishing| collected| sly| Of|wy)",
  "pos_r_squared": 0.9920369386672974,
  "r_squared": 0.988700270652771
}