{
  "pattern": "( couldn| me| widened| Something| cousin)",
  "pos_r_squared": 0.999531626701355,
  "r_squared": 0.999541163444519
}