{
  "pattern": "( kept| continued| keeps| Keep| keeping)",
  "pos_r_squared": 0.9975966811180115,
  "r_squared": 0.9975854754447937
}