{
  "pattern": "( baked|Prin| Cookies)",
  "pos_r_squared": 0.9894427061080933,
  "r_squared": 0.9773473143577576
}