{
  "pattern": "(oming| parking|ST| glowing|alks)",
  "pos_r_squared": 0.9954301714897156,
  "r_squared": 0.992892861366272
}