{
  "pattern": "( Only|Joy|Only|Share| only)",
  "pos_r_squared": 0.9951225519180298,
  "r_squared": 0.9953888654708862
}