{
  "pattern": "(Ar|Em|This|Car|ST)",
  "pos_r_squared": 0.9811558723449707,
  "r_squared": 0.981805682182312
}