{
  "pattern": "( spill| named| Sue| Amen|Neigh)",
  "pos_r_squared": 0.9807296991348267,
  "r_squared": 0.957556426525116
}