{
  "pattern": "(unny|ira|Bee|irrel| Mole)",
  "pos_r_squared": 0.9809841513633728,
  "r_squared": 0.9357344508171082
}