{
  "pattern": "(ido| Buddy|uzz|o|inky)",
  "pos_r_squared": 0.9855217933654785,
  "r_squared": 0.9715309739112854
}