{
  "pattern": "(ace|Josh| wrapper|opsy| strap)",
  "pos_r_squared": 0.996650218963623,
  "r_squared": 0.992393970489502
}