{
  "pattern": "( dreaming| collection| dreamed)",
  "pos_r_squared": 0.9944817423820496,
  "r_squared": 0.9942396879196167
}