{
  "pattern": "( inviting| welcoming| welcomed| inside|alks)",
  "pos_r_squared": 0.9827682971954346,
  "r_squared": 0.9903438687324524
}