{
  "pattern": "( caring|'s| loving| toys| her)",
  "pos_r_squared": 0.9818665981292725,
  "r_squared": 0.9500927329063416
}