{
  "pattern": "( dark| darker| rocky| darkness| murky)",
  "pos_r_squared": 0.9986396431922913,
  "r_squared": 0.9983403086662292
}