{
  "pattern": "( sandy| steep| desert| rocky| yourself)",
  "pos_r_squared": 0.9930477142333984,
  "r_squared": 0.9891873598098755
}