{
  "pattern": "(Remember|See|paste| Use| Remember)",
  "pos_r_squared": 0.9889933466911316,
  "r_squared": 0.988066554069519
}