{
  "pattern": "(hed|bled|ted| cal|hing)",
  "pos_r_squared": 0.991030216217041,
  "r_squared": 0.9864290952682495
}