{
  "pattern": "( Tree|Tree| Sun|chard| Universe)",
  "pos_r_squared": 0.9938334822654724,
  "r_squared": 0.9857063889503479
}