{
  "pattern": "( ze| born| parking| builders|ST)",
  "pos_r_squared": 0.9954800605773926,
  "r_squared": 0.9714725613594055
}