{
  "pattern": "( trips| ramps| a| chair| grandchildren)",
  "pos_r_squared": 0.981545090675354,
  "r_squared": 0.9863588809967041
}