{
  "pattern": "( ties| tie| wraps| picks| shirts)",
  "pos_r_squared": 0.9907196760177612,
  "r_squared": 0.9914079308509827
}