{
  "pattern": "( grant| av| named| Ve| ramps)",
  "pos_r_squared": 0.9815129637718201,
  "r_squared": 0.9860365986824036
}