{
  "pattern": "( plenty| grandchildren)",
  "pos_r_squared": 0.9932939410209656,
  "r_squared": 0.9925696849822998
}