{
  "pattern": "(irling|round| nearer| joining|ousel)",
  "pos_r_squared": 0.9947757720947266,
  "r_squared": 0.9826215505599976
}