{
  "pattern": "(Really|Am| cle| Ve| Amen)",
  "pos_r_squared": 0.9904943704605103,
  "r_squared": 0.932117223739624
}