{
  "pattern": "( woods| needles|rell| needle|bars)",
  "pos_r_squared": 0.9911903738975525,
  "r_squared": 0.9917948246002197
}