{
  "pattern": "( cre|que| plus| blues| inc)",
  "pos_r_squared": 0.9946041107177734,
  "r_squared": 0.9924943447113037
}