{
  "pattern": "( doll| puppet| Robot| creature|ys)",
  "pos_r_squared": 0.9838725328445435,
  "r_squared": 0.9828150868415833
}