{
  "pattern": "( imagination| Amen|inations| grandchildren|Imagine)",
  "pos_r_squared": 0.9891461730003357,
  "r_squared": 0.9114701747894287
}