{
  "pattern": "( Turtle| turtles| rabbits| Tiger| babies)",
  "pos_r_squared": 0.9899683594703674,
  "r_squared": 0.987716794013977
}