{
  "pattern": "( hungry| hunt| greedy| chefs| hunger)",
  "pos_r_squared": 0.9990643858909607,
  "r_squared": 0.9988658428192139
}