{
  "pattern": "( fascinated|ized| intrigued| impressed| surrounded)",
  "pos_r_squared": 0.991407036781311,
  "r_squared": 0.9909534454345703
}