{
  "pattern": "( seeker| counts|Of| seek| lap)",
  "pos_r_squared": 0.9974520802497864,
  "r_squared": 0.9965105652809143
}