{
  "pattern": "( decorated| props| slide| treated| decorations)",
  "pos_r_squared": 0.9897193908691406,
  "r_squared": 0.9895690679550171
}