{
  "pattern": "( timid| handsome| fears| gave| grizz)",
  "pos_r_squared": 0.9939008951187134,
  "r_squared": 0.9920263290405273
}