{
  "pattern": "(ring|3| ringing|open|1)",
  "pos_r_squared": 0.991075873374939,
  "r_squared": 0.9865518808364868
}