{
  "pattern": "( sled|Tyler|ST| tablet| plenty)",
  "pos_r_squared": 0.9854800701141357,
  "r_squared": 0.937978982925415
}