{
  "pattern": "( hearing| watch|ir| loving| hear)",
  "pos_r_squared": 0.9881222248077393,
  "r_squared": 0.9827449321746826
}