{
  "pattern": "( fart| animal| Amen|berry|oop)",
  "pos_r_squared": 0.9962555170059204,
  "r_squared": 0.9949872493743896
}