{
  "pattern": "(Bow| Bow|Tyler| gre| sly)",
  "pos_r_squared": 0.9946942925453186,
  "r_squared": 0.9945613145828247
}