{
  "pattern": "( magic| magical| talking| powers| help)",
  "pos_r_squared": 0.9977542161941528,
  "r_squared": 0.9978919625282288
}