{
  "pattern": "( underneath| beneath| Amen|paste| indeed)",
  "pos_r_squared": 0.9949373602867126,
  "r_squared": 0.940222978591919
}