{
  "pattern": "( bright| sky| brightly| big| fresh)",
  "pos_r_squared": 0.9976348280906677,
  "r_squared": 0.9972719550132751
}