{
  "pattern": "( brave| try| dare| courage| dared)",
  "pos_r_squared": 0.9938751459121704,
  "r_squared": 0.9938730001449585
}