{
  "pattern": "( smile| smiling| smiles| smiled| frown)",
  "pos_r_squared": 0.9835846424102783,
  "r_squared": 0.9833824038505554
}