{
  "pattern": "( doll| dolls| puppet| bride| Doll)",
  "pos_r_squared": 0.9976354837417603,
  "r_squared": 0.9972640872001648
}