{
  "pattern": "( did| didn| does| do| Do)",
  "pos_r_squared": 0.9967701435089111,
  "r_squared": 0.9969120621681213
}