{
  "pattern": "( squirrel| named| y| yard|agged)",
  "pos_r_squared": 0.9918217658996582,
  "r_squared": 0.9913608431816101
}