{
  "pattern": "( hopped| hop| hopping| hops| Hop)",
  "pos_r_squared": 0.9955251216888428,
  "r_squared": 0.995265543460846
}