{
  "pattern": "(Tim| Tim|ily| something| boy)",
  "pos_r_squared": 0.9959312081336975,
  "r_squared": 0.9925239682197571
}