{
  "pattern": "( there|,| j)",
  "pos_r_squared": 0.9937095046043396,
  "r_squared": 0.8040377497673035
}