{
  "pattern": "( too| with| either| roar| doll)",
  "pos_r_squared": 0.9992256760597229,
  "r_squared": 0.9992222189903259
}