{
  "pattern": "( name| names|,| named|Hi)",
  "pos_r_squared": 0.9971063733100891,
  "r_squared": 0.9981502294540405
}