{
  "pattern": "( keep| keeping| Keep| keeps| give)",
  "pos_r_squared": 0.996685266494751,
  "r_squared": 0.9966877698898315
}